<?xml version="1.0"?>
<!DOCTYPE metadata SYSTEM "http://www.fgdc.gov/metadata/fgdc-std-001-1998.dtd">
<metadata>
	<idinfo>
		<citation>
			<citeinfo>
				<origin>United States. Agency for International Development</origin>
<origin>Famine Early Warning System Network</origin>
				<pubdate>1996</pubdate>
				<title>Angola Level 3 Administrative Boundaries, 1996</title>
				<edition>1</edition>
				<geoform>vector digital data</geoform>
				<serinfo>
					<sername>FEWS 3</sername>
					<issue>1</issue>
				</serinfo>
				<pubinfo>
					<pubplace>Sioux Falls, SD, USA</pubplace>
					<publish>EDC/International Program</publish>
				</pubinfo>
				<othercit>FEWS/EROS Data Center (EDC)</othercit>
				<onlink>http://www.columbia.edu/acis/eds/gis/images/AngolaAdmin3.zip</onlink>
			</citeinfo>
		</citation>
		<descript>
			<abstract>This ARC/INFO polygon coverage contains the third Level administrative boundaries at a 1:1000000 scale.

The coverage is part of the Famine Early Warning System (FEWS) / Associates in Rural Development (ARD) African series.

Angola is associated with the South region in Africa.</abstract>
			<purpose>This data set is to be used in conjunction with other layers of Angola data. The data are intended to show the spatial distribution of the administrative units for Angola.

The data are to be used in modeling, targeting and demonstration projects. The data are also used in natural resource management, inventory, change analysis, policy making, environmental awareness and land use planning.</purpose>
			<supplinf>Procedures_Used: The administrative boundaries for Angola were extracted from the MRPDA database using the ARC/INFO command RESELECT.

These country specific sub-national boundaries were then integrated into the DCW master country database using the ARC/INFO command UPDATE.

The country specific data set, containing all of the sub-national hierarchy, was extracted from the DCW master data set using the ARC/INFO command RESELECT and the third Level administrative units were extracted from the country specific data set using the ARC/INFO command DISSOLVE.

A master data set, based on the Digital Chart of the World (DCW) PONET layer, was created. Burkina Faso, Mali, Ethiopia, and Eritrea are included in the master data set, however, these countries have international boundaries that have been revised.

The changes to Burkina Faso are: The Digital Chart of the World (DCW) International boundary was used for the International boundary for Burkina Faso with the only revisions being those listed below.

From : -2 degrees; 55 minutes; 8 seconds Longitude and : 13 degrees;37 minutes; 37 seconds Latitude

To : -0 degrees; 57 minutes; 41 seconds Longitude and : 14 degrees; 52 minutes; 14 seconds Latitude

AND...

From : 0 degrees; 3 minutes; 33 seconds Longitude and : 14 degrees; 58 minutes; 15 seconds Latitude

To : 0 degrees; 13 minutes; 55 seconds Longitude and : 14 degrees; 58 minutes; 15 seconds Latitude

These changes are defined by FEWS/ARD Washington, DC, USA.

The changes to Mali are: The Digital Chart of the World (DCW) International boundary was used for the International boundary for Mali with the only revisions being those listed below.

From : -2 degrees; 55 minutes; 8 seconds Longitude and : 13 degrees;37 minutes; 37 seconds Latitude

To : -0 degrees; 57 minutes; 41 seconds Longitude and : 14 degrees; 52 minutes; 14 seconds Latitude

AND...

From : 0 degrees; 3 minutes; 33 seconds Longitude and : 14 degrees; 58 minutes; 15 seconds Latitude

To : 0 degrees; 13 minutes; 55 seconds Longitude and : 14 degrees; 58 minutes; 15 seconds Latitude

These changes are defined by FEWS/ARD Washington, DC, USA.

The changes to Ethiopia are: The Digital Chart of the World (DCW) International boundary was used for the International boundary for Ethiopia with the only revisions being those listed below.

From : 36 degrees; 34 minutes; 5 seconds Longitude and : 14 degrees; 14 minutes; 25 seconds Latitude

To : 42 degrees; 25 minutes; 22 seconds Longitude and : 12 degrees; 26 minutes; 53 seconds Latitude

These changes are defined by FEWS/ARD Washington, DC, USA.

The changes to Eritrea are: The Digital Chart of the World (DCW) International boundary was used for the International boundary of Eritrea with the only revisions being those listed below:

From : 36 degrees; 34 minutes; 5 seconds Longitude and : 14 degrees; 14 minutes; 25 seconds Latitude

To : 42 degrees; 25 minutes; 22 seconds Longitude and : 12 degrees; 26 minutes; 53 seconds Latitude

These changes are defined by FEWS/ARD Washington, DC, USA.

The international boundary for Angola was extracted from an ARC/INFO LIBRARY created from the ARC/INFO version of the Digital Chart of the World (DCW) using the ARC/INFO tool LIBRARIAN.

Revisions: During ARC/INFO coverage development modifications were made to the digital files to generate a database with a common scale, uniform Level of resolution, consistent coding scheme and comparable (standardized) measurement data.

Reviews_Applied_to_Data: Peer review, 03/96, FEWS/ARD Washington, D.C.

Digital line work and attribute data checked for discrepancies and approved for release to FEWS in-country and regional field representatives.

Related_Spatial_and_Tabular_Data_Sets: None

Other_References_Cited: Deichmann, Uwe, 1994, "A Medium Resolution Population Database for Africa." The National Center for Geographic Information and Analysis, Department of Geography, University of California, Santa Barbara, CA, USA.

Environmental Systems Research Institute (ESRI), Inc., 1993, "Digital Chart of the World (DCW)," PONET Layer. ESRI. Redlands, CA, USA. Scale - 1:1000000.

Notes: USAID - United States Agency for International Development. FEWS - Famine Early Warning System ARD - Associates in Rural Development EDC - EROS Data Center USGS - United States Geological Survey MRPDA - Medium Resolution Population Database for Africa</supplinf>
		</descript>
		<timeperd>
			<timeinfo>
				<rngdates>
					<begdate>1996</begdate>
					<enddate>unknown</enddate>
				</rngdates>
			</timeinfo>
			<current>The "MRPDA" was published in 1994. Many sources were used to compile the data.

The DCW database was originally published in 1992. Data currency varies from place to place depending on the currency of the Operational Navigation Charts (ONC). Chart currency ranged from the mid 1960s to the early 1990s. Compilation dates for every ONC chart are included in the database.

The additional attributes were added in April of 1996 by the EROS Data Center (EDC).</current>
		</timeperd>
		<status>
			<progress>Complete</progress>
			<update>As needed.</update>
		</status>
		<spdom>
			<bounding>
				<westbc>
11.679219</westbc>
				<eastbc>
24.082119</eastbc>
				<northbc>
-4.372592</northbc>
				<southbc>
-18.042076</southbc>
			</bounding>
		</spdom>
		<keywords>
			<theme>
				<themekt>ISO 19115 Topic Categories</themekt>
				<themekey>boundaries</themekey>
			</theme>
			<theme>
				<themekt>None</themekt>
				<themekey>Tertiary administrative boundaries</themekey>
				<themekey>Third Level national borders</themekey>
			</theme>
			<place>
				<placekt>Library of Congress Subject Headings</placekt>
				<placekey>Africa</placekey>
				<placekey>Angola</placekey>
			</place>
			<temporal>
				<tempkt>None</tempkt>
				<tempkey>1996</tempkey>
			</temporal>
		</keywords><accconst>None</accconst>
<useconst>None</useconst>
		
		
		<ptcontac>
			<cntinfo>
				<cntperp>
					<cntper>Ron Smith</cntper>
					<cntorg>EROS Data Center - USGS</cntorg>
				</cntperp>
				<cntpos>International Program Data Base Manager</cntpos>
				<cntaddr>
					<addrtype>mailing and physical address</addrtype>
					<address>EROS Data Center U.S. Geological Survey 47914 252nd Street</address>
					<city>Sioux Falls</city>
					<state>South Dakota</state>
					<postal>57198-0001</postal>
					<country>USA</country>
				</cntaddr>
				<cntvoice>(605) 594-6522</cntvoice>
				<cnttdd>(605) 594-6522</cnttdd>
				<cntfax>(605) 594-6529</cntfax>
				<cntemail>rsmith@edcmail.cr.usgs.gov</cntemail>
				<hours>0730 - 1615 CST</hours>
			</cntinfo>
		</ptcontac>
		<browse>
			<browsen>http://www.columbia.edu/acis/eds/gis/pix/cat/AngolaAdmn30.bmp</browsen>
			<browsed>Thumbnail Image</browsed>
			<browset>BMP</browset>
		</browse>
		<datacred>The USAID/FEWS Project and EDC International Program deserve credit for this data set.</datacred>
		<native>Microsoft Windows XP Version 5.1 (Build 2600) Service Pack 2; ESRI ArcCatalog 9.1.0.780</native>
		<crossref>
			<citeinfo>
				<origin>Environmental Systems Research Institute (ESRI), Inc.</origin>
				<pubdate>1993</pubdate>
				<pubtime>0000</pubtime>
				<title>Digital Chart of the World (DCW), PONET Layer</title>
				<edition>Unknown</edition>
				<geoform>map</geoform>
				<serinfo>
					<sername>Unknown</sername>
					<issue>None</issue>
				</serinfo>
				<pubinfo>
					<pubplace>Redlands, CA, USA</pubplace>
					<publish>ESRI</publish>
				</pubinfo>
				<othercit>Scale - 1:1000000</othercit>
				<onlink>http://www.esri.com</onlink>
				<lworkcit>
					<citeinfo>
						<origin>ESRI</origin>
						<pubdate>1993</pubdate>
						<title>DCW</title>
					</citeinfo>
				</lworkcit>
			</citeinfo>
		</crossref>
		<crossref>
			<citeinfo>
				<origin>Deichmann, Uwe</origin>
				<pubdate>1994</pubdate>
				<pubtime>0000</pubtime>
				<title>A Medium Resolution Population Database for Africa</title>
				<edition>Unknown</edition>
				<geoform>map</geoform>
				<serinfo>
					<sername>Unknown</sername>
					<issue>None</issue>
				</serinfo>
				<pubinfo>
					<pubplace>Santa Barbara, CA</pubplace>
					<publish>NCGIA, Dept of Geog, UCal</publish>
				</pubinfo>
				<othercit>PubPlace: USA</othercit>
				<onlink>Unknown</onlink>
			</citeinfo>
		</crossref>
	</idinfo>
	<dataqual>
		<attracc>
			<attraccr>See Entity_Attribute_Information</attraccr>
			<qattracc>
				<attraccv>See Explanation</attraccv>
				<attracce>Attribute accuracy defined by FEWS/ARD and EDC</attracce>
			</qattracc>
		</attracc>
		<logic>Polygon topology present.</logic>
		<complete>All data were found to be topologically correct. No duplicate features are present. All polygons are closed, and all lines intersect where intended. No undershoots or overshoots are present.

To the best knowledge of USAID/FEWS and EDC the data compiled in this data set meets the codes and/or procedures established for completeness and consistency.</complete>
		<posacc>
			<horizpa>
				<horizpar>The absolute horizontal accuracy of the DCW for all features derived from Operational Navigation Charts (ONC) is 2040 meters (6700 feet) World Geodetic System (WGS84).

The absolute horizontal accuracy of the DCW for all features derived from Jet Navigation Charts (JNC) is 4270 meters (14006 feet) at 90% Circular Error.</horizpar>
				<qhorizpa>
					<horizpav>2040 meters</horizpav>
					<horizpae>Resolution as reported</horizpae>
				</qhorizpa>
			</horizpa>
			<vertacc>
				<vertaccr>The absolute vertical accuracy of the DCW is the same as for the original ONC and JNC lithographs at 90% Linear Error (LE), Mean Sea Level (MSL).</vertaccr>
			</vertacc>
		</posacc>
		<lineage>
			<srcinfo>
				<srccite>
					<citeinfo>
						<origin>Deichmann, Uwe</origin>
						<pubdate>1994</pubdate>
						<title>A Medium Resolution Population Database for Africa</title>
					</citeinfo>
				</srccite>
				<srcscale>1000000</srcscale>
				<typesrc>Digital file</typesrc>
				<srctime>
					<timeinfo>
						<sngdate>
							<caldate>1994</caldate>
						</sngdate>
					</timeinfo>
					<srccurr>The "MRPDA" was published in 1994. Various sources were used to compile the data.</srccurr>
				</srctime>
				<srccitea>MRPDA94</srccitea>
				<srccontr>Level 3 administrative boundary</srccontr>
			</srcinfo>
			<srcinfo>
				<srccite>
					<citeinfo>
						<origin>Environmental Systems Research Institute (ESRI), Inc.</origin>
						<pubdate>1993</pubdate>
						<title>Digital Chart of the World (DCW), PONET Layer</title>
					</citeinfo>
				</srccite>
				<srcscale>1000000</srcscale>
				<typesrc>CDROM</typesrc>
				<srctime>
					<timeinfo>
						<sngdate>
							<caldate>1993</caldate>
						</sngdate>
					</timeinfo>
					<srccurr>The DCW database was originally published in 1992. Data currency varies from place to place depending on the currency of the Operational Navigation Charts (ONC). Chart currency ranged from the mid 1960s to the early 1990s. Compilation dates for every ONC chart are included in the database.</srccurr>
				</srctime>
				<srccitea>DCW93</srccitea>
				<srccontr>International boundary</srccontr>
			</srcinfo>
		</lineage>
		<cloud>0</cloud>
	</dataqual>
	<spdoinfo>
		<direct>Vector</direct>
		<ptvctinf>
			<sdtsterm>
				<sdtstype>G-polygon</sdtstype>
				<ptvctcnt>173</ptvctcnt>
			</sdtsterm>
</ptvctinf>
</spdoinfo>
	<spref>
		<horizsys>
			<geograph>
				<latres>0.000000</latres>
				<longres>0.000000</longres>
				<geogunit>Decimal degrees</geogunit>
			</geograph>
			<geodetic>
				<horizdn>D_Clarke_1880_RGS</horizdn>
				<ellips>Clarke_1880_RGS</ellips>
				<semiaxis>6378249.145000</semiaxis>
				<denflat>293.465000</denflat>
			</geodetic>
		</horizsys>
	</spref>
	<eainfo>
		<detailed>
			<enttyp>
				<enttypl>
AOADMN3.PAT</enttypl>
				<enttypd>Polygon Attribute Table</enttypd>
				<enttypds>FEWS/ARD Washington, D.C. USA</enttypds>
			</enttyp>
			<attr>
				<attrlabl>AREA</attrlabl>
				<attrdef>Area of poly/region in square coverage units</attrdef>
				<attrdefs>Computed</attrdefs>
				<attrdomv>
					<edom>
						<edomv>Positive real numbers</edomv>
						<edomvd>Area of poly/region in square coverage units</edomvd>
						<edomvds>ARC/INFO</edomvds>
					</edom>
				</attrdomv>
			</attr>
			<attr>
				<attrlabl>PERIMETER</attrlabl>
				<attrdef>Perimeter of poly/region in coverage units</attrdef>
				<attrdefs>Computed</attrdefs>
				<attrdomv>
					<edom>
						<edomv>Positive real numbers</edomv>
						<edomvd>Perimeter of poly/region in coverage units</edomvd>
						<edomvds>ARC/INFO</edomvds>
					</edom>
				</attrdomv>
			</attr>
			<attr>
				<attrlabl>AOADMN3#</attrlabl>
				<attrdef>Internal feature number</attrdef>
				<attrdefs>Computed</attrdefs>
				<attrdomv>
					<edom>
						<edomv>Sequential unique positive integer</edomv>
						<edomvd>Internal feature number</edomvd>
						<edomvds>ARC/INFO</edomvds>
					</edom>
				</attrdomv>
			</attr>
			<attr>
				<attrlabl>AOADMN3-ID</attrlabl>
				<attrdef>User-assigned feature number</attrdef>
				<attrdefs>User-defined</attrdefs>
				<attrdomv>
					<edom>
						<edomv>Integer</edomv>
						<edomvd>User-assigned feature number</edomvd>
						<edomvds>ARC/INFO</edomvds>
					</edom>
				</attrdomv>
			</attr>
			<attr>
				<attrlabl>ID</attrlabl>
				<attrdef>Unique administrative unit code</attrdef>
				<attrdefs>FEWS/ARD</attrdefs>
				<attrdomv>
					<edom>
						<edomv>Character</edomv>
						<edomvd>Unique administrative unit code</edomvd>
						<edomvds>FEWS/ARD</edomvds>
					</edom>
				</attrdomv>
			</attr>
			<attr>
				<attrlabl>CNT-ABB</attrlabl>
				<attrdef>Unique country abbreviation</attrdef>
				<attrdefs>EDC</attrdefs>
				<attrdomv>
					<codesetd>
						<codesetn>http://www.nist.gov/itl/csl/fips/fips104.txt</codesetn>
						<codesets>Federal Information Processing Standard (FIPS)</codesets>
					</codesetd>
				</attrdomv>
			</attr>
			<attr>
				<attrlabl>ADMN2</attrlabl>
				<attrdef>Second Level administrative unit names</attrdef>
				<attrdefs>FEWS/ARD</attrdefs>
				<attrdomv>
					<edom>
						<edomv>Character</edomv>
						<edomvd>Second Level administrative unit names</edomvd>
						<edomvds>FEWS/ARD</edomvds>
					</edom>
				</attrdomv>
			</attr>
			<attr>
				<attrlabl>ADMN3</attrlabl>
				<attrdef>Third Level administrative unit names</attrdef>
				<attrdefs>FEWS/ARD</attrdefs>
				<attrdomv>
					<edom>
						<edomv>Character</edomv>
						<edomvd>Third Level administrative unit names</edomvd>
						<edomvds>FEWS/ARD</edomvds>
					</edom>
				</attrdomv>
			</attr>
			<attr>
				<attrlabl>NUM-CODE</attrlabl>
				<attrdef>Unique numeric administrative unit identifier</attrdef>
				<attrdefs>EROS Data Center (EDC)</attrdefs>
				<attrdomv>
					<edom>
						<edomv>Character</edomv>
						<edomvd>Unique numeric administrative unit identifier</edomvd>
						<edomvds>EDC</edomvds>
					</edom>
				</attrdomv>
			</attr>
			<attr>
				<attrlabl>REGION</attrlabl>
				<attrdef>ARD defined region of Africa that Angola is associated with</attrdef>
				<attrdefs>FEWS/ARD</attrdefs>
				<attrdomv>
					<edom>
						<edomv>South African Region</edomv>
						<edomvd>ARD defined region of Africa that Angola is associated with</edomvd>
						<edomvds>FEWS/ARD</edomvds>
					</edom>
				</attrdomv>
			</attr>
			<attr>
				<attrlabl>FEWS-ABB</attrlabl>
				<attrdef>Unique country abbreviation</attrdef>
				<attrdefs>FEWS/ARD</attrdefs>
				<attrdomv>
					<edom>
						<edomv>AG</edomv>
						<edomvd>Unique country abbreviation</edomvd>
						<edomvds>FEWS/ARD</edomvds>
					</edom>
				</attrdomv>
			</attr>
			<attr>
				<attrlabl>FEWSID</attrlabl>
				<attrdef>Unique administrative unit identifier</attrdef>
				<attrdefs>FEWS/ARD</attrdefs>
				<attrdomv>
					<edom>
						<edomv>Character</edomv>
						<edomvd>Unique administrative unit identifier</edomvd>
						<edomvds>FEWS/ARD</edomvds>
					</edom>
				</attrdomv>
			</attr>
			<attr>
				<attrlabl>FEWSID2</attrlabl>
				<attrdef>Unique identifier for the second Level administrative units</attrdef>
				<attrdefs>FEWS/ARD</attrdefs>
				<attrdomv>
					<edom>
						<edomv>Character</edomv>
						<edomvd>Unique identifier for the second Level administrative units</edomvd>
						<edomvds>FEWS/ARD</edomvds>
					</edom>
				</attrdomv>
			</attr>
			<attr>
				<attrlabl>FEWSID3</attrlabl>
				<attrdef>Unique identifier for the third Level administrative units</attrdef>
				<attrdefs>FEWS/ARD</attrdefs>
				<attrdomv>
					<edom>
						<edomv>Character</edomv>
						<edomvd>Unique identifier for the third Level administrative units</edomvd>
						<edomvds>FEWS/ARD</edomvds>
					</edom>
				</attrdomv>
			</attr>
		</detailed>
	</eainfo>
	<distinfo>
		<distrib>
			<cntinfo>
				<cntperp>
					<cntper>Ron Smith</cntper>
					<cntorg>EROS Data Center - USGS</cntorg>
				</cntperp>
				<cntpos>International Program Data Base Manager</cntpos>
				<cntaddr>
					<addrtype>mailing and physical address</addrtype>
					<address>EROS Data Center U.S. Geological Survey 47914 252nd Street</address>
					<city>Sioux Falls</city>
					<state>South Dakota</state>
					<postal>57198-0001</postal>
					<country>USA</country>
				</cntaddr>
				<cntvoice>(605) 594-6522</cntvoice>
				<cnttdd>(605) 594-6522</cnttdd>
				<cntfax>(605) 594-6529</cntfax>
				<cntemail>rsmith@edcmail.cr.usgs.gov</cntemail>
				<hours>0730 - 1615 CST</hours>
			</cntinfo>
		</distrib>
		<resdesc>angolaadmin3</resdesc>
	</distinfo>
	
	<metainfo>
		<metd>20070522</metd>
		<metc>
			<cntinfo>
				<cntorgp>
					<cntorg>Digital Social Science Center (DSSC), Columbia University Libraries</cntorg>
					<cntper>GIS/Metadata Librarian</cntper>
				</cntorgp>
				<cntaddr>
					<addrtype>mailing and physical address</addrtype>
					<address>420 W. 118th St., 215 IAB, MC 3301</address>
					<city>New York</city>
					<state>NY</state>
					<postal>10027</postal>
					<country>USA</country>
				</cntaddr>
				<cntvoice>(212)854-6012</cntvoice>
				<cntemail>dssc.data@columbia.edu</cntemail>
			</cntinfo>
		</metc>
		<metstdn>FGDC Content Standards for Digital Geospatial Metadata</metstdn>
		<metstdv>FGDC-STD-001-1998</metstdv>
		<mettc>local time</mettc>
		<metsi>
			<metscs>None</metscs>
			<metsc>Unclassified</metsc>
			<metshd>None</metshd>
		</metsi>
	</metainfo>
</metadata>
