<?xml version="1.0" encoding="ISO-8859-1"?>
<metadata>
	<idinfo>
		<citation>
			<citeinfo>
				<title>Brooklyn Tax Lots, 2005</title>
				<origin>New York (City). Department of City Planning.</origin>
				<pubdate>2005</pubdate>
				<geoform>vector digital data</geoform>
				<serinfo>
					<sername>BYTES of the BIG APPLE</sername>
				</serinfo>
				<pubinfo>
					<publish>NYC Department of City Planning</publish>
				</pubinfo>
				<onlink>http://www.columbia.edu/acis/eds/gis/images/bkmappluto_05d.zip</onlink></citeinfo>
		</citation>
		<descript>
			<abstract>Brooklyn Tax Lots, 2005 is a polygon theme representing tax lots in Kings County, NY as of 2005. This dataset represents a compilation of data from various government agencies throughout the City of New York.  The underlying geography is derived from the Tax Lot Polygon feature class which is part of the Department of Finance's Digital Tax Map (DTM).  The tax lots have been clipped to the shoreline, as defined by NYCMap planimetric features.  The attribute information is from the Department of City Planning's PLUTO data.  The attribute data pertains to tax lot and building characteristics and geographic, political and administrative information for each tax lot in New York City.  The Tax Lot Polygon feature class and PLUTO are derived from different sources.   As a result, some PLUTO records did not have a corresponding tax lot in the Tax Lot polygon feature class at the time of release.  These records are included in a separate non-geographic PLUTO Only DBase (*.dbf) table. There are a number of reasons why there can be a tax lot in PLUTO that does not match the DTM; the most common reason is that the various source files are maintained by different departments and divisions with varying update cycles and criteria for adding and removing records.  The attribute definitions for the PLUTO Only table are the same as those for MapPLUTO.
DCP Mapping Lots includes some features that are not on the tax maps.  They have been added by DCP for cartographic purposes.  They include street center 'malls', traffic islands and some built streets through parks.  These features have very few associated attributes.</abstract>
			<purpose>MapPLUTO was created by the Department of City Planning to meet the growing need for extensive land use and geographic data at the tax lot level in PC mapping format.</purpose>
			<langdata>en</langdata>
			<supplinf>Sources of the attribute data aare as follows:

DCAS Data - January, 2006
Zoning Data - November, 2005
Major Property Data - November, 2005
Landmark Data - December, 2005
Tax Block and Tax Lot Base Map Data - January 2006
Mass Appraisal Data - November, 2005
Political and Administrative District Data - August, 2005</supplinf></descript>
		<timeperd>
			<timeinfo>
				<sngdate><caldate>2005</caldate></sngdate></timeinfo>
			<current>publication date</current></timeperd>
		<status>
			<progress>Complete</progress>
			<update>Semiannually</update>
		</status>
		<spdom>
			<bounding>
				<westbc>-74.041973</westbc>
				<eastbc>-73.832878</eastbc>
				<northbc>40.739137</northbc>
				<southbc>40.569421</southbc>
			</bounding>
		</spdom>
		<keywords>
			<theme>
				<themekey>Parcels</themekey>
				<themekey>Tax Lot</themekey>
				<themekey>DTM</themekey>
				<themekey>PLUTO</themekey>
				<themekey>MapPLUTO</themekey>
				<themekt>NONE</themekt>
				<themekey>Boundaries</themekey><themekey>RPAD</themekey></theme>
			<place>
				<placekt>Library of Congress Subject Headings</placekt>
				<placekey>New York (State)</placekey><placekey>New York (N.Y.)</placekey><placekey>Brooklyn (New York, N.Y.)</placekey></place>
			<theme><themekt>ISO 19115 Topic Categories</themekt><themekey>planningCadastre</themekey></theme><place><placekt>None</placekt><placekey>NYC</placekey></place><temporal><tempkt>None</tempkt><tempkey>2005</tempkey></temporal></keywords>
		<accconst>None</accconst>
		<useconst>None</useconst>
		<ptcontac>
			<cntinfo>
				<cntpos>BYTES of the BIG APPLE Coordinator</cntpos>
				<cntaddr>
					<addrtype>mailing and physical address</addrtype>
					<address>22 Reade St, 5N</address>
					<city>New York</city>
					<state>NY</state>
					<postal>10007</postal>
					<country>USA</country>
				</cntaddr>
				<cntvoice>212.720.3505</cntvoice>
				<cntorgp>
					<cntorg>NYC Department of City Planning</cntorg>
				</cntorgp>
			</cntinfo>
		</ptcontac>
		<native>Microsoft Windows Vista Version 6.1 (Build 7601) Service Pack 1; ESRI ArcCatalog 9.3.1.1850</native>
		<natvform>Shapefile</natvform>
	</idinfo>
	<dataqual>
		<attracc>
			<attraccr>The Department of City Planning makes no assurances about the accuracy of these data.</attraccr>
		</attracc>
		<posacc>
			<horizpa>
				<horizpar>The MapPLUTO files are created from the Department of City Planning COGIS Tax Lot base map file.  The Department of City Planning is in the process of conflating (i.e., graphically aligning) the COGIS files to precision aerial photography of the city. Over time, this will increase the spatial accuracy of the files. This release of COGIS is at an intermediate stage of conflation.</horizpar>
			</horizpa>
		</posacc>
		<lineage><procstep><procdesc>Sources of the attribute data aare as follows:

DCAS Data - January, 2006
Zoning Data - November, 2005
Major Property Data - November, 2005
Landmark Data - December, 2005
Tax Block and Tax Lot Base Map Data - January 2006
Mass Appraisal Data - November, 2005
Political and Administrative District Data - August, 2005</procdesc></procstep></lineage></dataqual>
	<spdoinfo>
		<direct>Vector</direct>
		<ptvctinf>
			<sdtsterm>
				<sdtstype>G-polygon</sdtstype>
				<ptvctcnt>278170</ptvctcnt>
			</sdtsterm>
		</ptvctinf>
	</spdoinfo>
	<spref>
		<horizsys>
			<planar>
				<planci>
					<plance>coordinate pair</plance>
					<coordrep>
						<absres>0.000128</absres>
						<ordres>0.000128</ordres>
					</coordrep>
					<plandu>survey feet</plandu>
				</planci>
				<mapproj><mapprojn>Lambert Conformal Conic</mapprojn><lambertc><stdparll>40.666667</stdparll><stdparll>41.033333</stdparll><longcm>-74.000000</longcm><latprjo>40.166667</latprjo><feast>984250.000000</feast><fnorth>0.000000</fnorth></lambertc></mapproj></planar>
			<geodetic>
				<horizdn>North American Datum of 1983</horizdn>
				<ellips>Geodetic Reference System 80</ellips>
				<semiaxis>6378137.000000</semiaxis>
				<denflat>298.257222</denflat>
			</geodetic>
			<cordsysn>
				<geogcsn>GCS_North_American_1983</geogcsn>
				<projcsn>NAD_1983_StatePlane_New_York_Long_Island_FIPS_3104_Feet</projcsn>
			</cordsysn>
		</horizsys>
	</spref>
	<eainfo>
		<detailed Name="bkmappluto">
			<enttyp>
				<enttypl>MapPLUTO</enttypl>
				<enttypt>Feature Class</enttypt>
				<enttypc>847153</enttypc>
			</enttyp>
			<attr><attrlabl>FID</attrlabl><attalias>FID</attalias><attrtype>OID</attrtype><attwidth>4</attwidth><atprecis>0</atprecis><attscale>0</attscale><attrdef>Internal feature number.</attrdef><attrdefs>ESRI</attrdefs><attrdomv><udom>Sequential unique whole numbers that are automatically generated.</udom></attrdomv></attr><attr><attrlabl>Shape</attrlabl><attalias>Shape</attalias><attrtype>Geometry</attrtype><attwidth>0</attwidth><atprecis>0</atprecis><attscale>0</attscale><attrdef>Feature geometry.</attrdef><attrdefs>ESRI</attrdefs><attrdomv><udom>Coordinates defining the features.</udom></attrdomv></attr><attr>
				<attrlabl>Borough</attrlabl>
				<attrdef>The borough in which the tax lot is located.</attrdef>
				<attrdefs>Department of City Planning based on data from: Department of Finance - RPAD Master File</attrdefs>
				<attalias>Borough</attalias>
				<attrtype>String</attrtype>
				<attwidth>2</attwidth>
				<attrdomv>
					<edom>
						<edomv>BX</edomv>
						<edomvd>Bronx</edomvd>
					</edom>
					<edom>
						<edomv>BK</edomv>
						<edomvd>Brooklyn</edomvd>
					</edom>
					<edom>
						<edomv>MN</edomv>
						<edomvd>Manhattan</edomvd>
					</edom>
					<edom>
						<edomv>QN</edomv>
						<edomvd>Queens</edomvd>
					</edom>
					<edom>
						<edomv>SI</edomv>
						<edomvd>Staten Island</edomvd>
					</edom>
				</attrdomv>
				<attrvai>
					<attrvae>Two portions of the city, Marble Hill and Rikers Island, are each legally located in one borough but are serviced by different boroughs.  The BOROUGH codes associated with these areas are the boroughs they are legally located in.  Specifically, Marble hill is serviced by the Bronx but is legally located in Manhattan and has a Manhattan BOROUGH code.  Rikers Island has a Bronx BOROUGH code because it is legally located in the Bronx although it is serviced by Queens.</attrvae>
				</attrvai>
			</attr>
			<attr>
				<attrlabl>Block</attrlabl>
				<attrdef>The tax block in which the tax lot is located.  Each tax block is unique within a borough (see BOROUGH).</attrdef>
				<attrdefs>Department of Finance - RPAD Master File</attrdefs>
				<attalias>Block</attalias>
				<attrtype>Float</attrtype>
				<attwidth>19</attwidth>
				<attrdomv>
					<udom>Coordinates defining the features.</udom>
				</attrdomv>
			</attr>
			<attr>
				<attrlabl>Lot</attrlabl>
				<attrdef>The number of the tax lot.  Each tax lot is unique within a tax block (see BLOCK).</attrdef>
				<attrdefs>Department of Finance - RPAD Master File</attrdefs>
				<attalias>Lot</attalias>
				<attrtype>Number</attrtype>
				<attwidth>9</attwidth>
				<attrvai>
					<attrvae>Each unit in a building that is a condominium is defined by the Department of Finance as a separate tax lot.  To make condominium information more compatible with parcel information, the Deparment of City Planning aggregated condominium unit tax lot information so that each condominium complex within a tax block is represented by only one tax lot record.  A condominium complex is defined as one or more structures or properties under the auspicies of the same condominium association.  The Department of City Planning then assigned the condominium billing tax lot number to the condominium complex tax lot record.  If the Department of Finance has not yet assigned a billing tax lot number to the condominium complex then the lowest tax lot number within the condominium complex was used.</attrvae>
				</attrvai>
			</attr>
			<attr>
				<attrlabl>CD</attrlabl>
				<attrdomv>
					<edom>
						<edomv>101-112</edomv>
						<edomvd>Manhattan Community Districts</edomvd>
					</edom>
					<edom>
						<edomv>164</edomv>
						<edomvd>Central Park (JIA)</edomvd>
					</edom>
					<edom>
						<edomv>201-212</edomv>
						<edomvd>Bronx Community Districts</edomvd>
					</edom>
					<edom>
						<edomv>226</edomv>
						<edomvd>Van Cortlandt Park (JIA)</edomvd>
					</edom>
					<edom>
						<edomv>227</edomv>
						<edomvd>Bronx Park (JIA)</edomvd>
					</edom>
					<edom>
						<edomv>228</edomv>
						<edomvd>Pelham Bay Park (JIA)</edomvd>
					</edom>
					<edom>
						<edomv>301-318</edomv>
						<edomvd>Brooklyn Community Districts</edomvd>
					</edom>
					<edom>
						<edomv>355</edomv>
						<edomvd>Prospect Park (JIA)</edomvd>
					</edom>
					<edom>
						<edomv>356</edomv>
						<edomvd>Brooklyn Gateway National Reacreation Area (JIA)</edomvd>
					</edom>
					<edom>
						<edomv>401-414</edomv>
						<edomvd>Queens Community Districts</edomvd>
					</edom>
					<edom>
						<edomv>480</edomv>
						<edomvd>LaGuardia Airport (JIA)</edomvd>
					</edom>
					<edom>
						<edomv>481</edomv>
						<edomvd>Flushing Meadow / Corona Park (JIA)</edomvd>
					</edom>
					<edom>
						<edomv>482</edomv>
						<edomvd>Forest Park (JIA)</edomvd>
					</edom>
					<edom>
						<edomv>483</edomv>
						<edomvd>JFK International Airport (JIA)</edomvd>
					</edom>
					<edom>
						<edomv>484</edomv>
						<edomvd>Queens Gateway National Recreation Area (JIA)</edomvd>
					</edom>
					<edom>
						<edomv>501-503</edomv>
						<edomvd>Staten Island Community Districts</edomvd>
					</edom>
					<edom>
						<edomv>595</edomv>
						<edomvd>Staten Island Gateway National Recreation Area (JIA)</edomvd>
					</edom>
				</attrdomv>
				<attalias>CD</attalias>
				<attrtype>Number</attrtype>
				<attwidth>9</attwidth>
				<attrdef>Community district (CD) or joint interest area (JIA)  the tax lot is located in, or partially located.</attrdef>
				<attrdefs>Department of City Planning based on data from: Department of Finance - RPAD Master File, Department of City Planning - Tax Block and Tax Lot Not Clipped to the Shoreline, Department of City Planning - Geosupport System</attrdefs>
				<attrvai>
					<attrvae>The Tax Block and Lot Not Clipped to Shoreline File is used as the source when Tax Block and Lot Not Clipped to Shoreline File identifies a community district for a tax lot.  Otherwise the community district number is obtained from the Department of City Planning Geosupport System.  If the community district is not available from the Geosupport System the DOF-RPAD Master File is used.Two portions of the city, Marble Hill and Rikers Island, are legally located in one borough and are each serviced by different boroughs. The cd2 codes associated with these areas are the community districts they are serviced by. Specifically, Marble Hill is legally located in Manhattan but is serviced by the Bronx and has Bronx cd2 codes of 207 or 208. Rikers Island has a Queens cd2 code of 401 since it is serviced by Queens even though it is legally located in the Bronx.</attrvae>
					<attrva>Only one data source is used per tax lot.</attrva>
				</attrvai>
			</attr>
			<attr>
				<attrlabl>CT2000</attrlabl>
				<attalias>CT2000</attalias>
				<attrtype>String</attrtype>
				<attwidth>7</attwidth>
				<attrdef>The 2000 US Census tract in which the tax lot is located.  Each census tract identifier is unique within a borough.</attrdef>
				<attrdefs>Department of City Planning - Geosupport System</attrdefs>
				<attrvai>
					<attrvae>2000 census tratcts a geographic areas defined by the US Census Bureau for the 2000 Census.</attrvae>
				</attrvai>
			</attr>
			<attr>
				<attrlabl>CB2000</attrlabl>
				<attalias>CB2000</attalias>
				<attrtype>String</attrtype>
				<attwidth>4</attwidth>
				<attrdef>The 2000 census block in which the tax lot is located.  Each census block is unique within a census tract (see CT2000).</attrdef>
				<attrdefs>Department of City Planning - Geosupport System</attrdefs>
				<attrvai/>
			</attr>
			<attr>
				<attrlabl>SchoolDist</attrlabl>
				<attalias>SchoolDist</attalias>
				<attrtype>Number</attrtype>
				<attwidth>9</attwidth>
				<attrdomv/>
				<attrdef>The community school district in which the tax lot is located.</attrdef>
				<attrdefs>Department of City Planning - Geosupport System</attrdefs>
			</attr>
			<attr>
				<attrlabl>Council</attrlabl>
				<attalias>Council</attalias>
				<attrtype>Number</attrtype>
				<attwidth>9</attwidth>
				<attrdomv/>
				<attrdef>The city council district in which the tax lot is located.</attrdef>
				<attrdefs>Department of City Planning - Geosupport System</attrdefs>
				<attrvai>
					<attrvae>There are currently 51 city council districts in the City, which serve as administrative districts for the legislative branch of city government.</attrvae>
				</attrvai>
			</attr>
			<attr>
				<attrlabl>ZipCode</attrlabl>
				<attalias>ZipCode</attalias>
				<attrtype>String</attrtype>
				<attwidth>5</attwidth>
				<attrdef>The zip code that the tax lot is located in.</attrdef>
				<attrdefs>Department of City Planning based on data from: Department of Finance - RPAD Master File, Department of City Planning - Geosupport System</attrdefs>
				<attrvai>
					<attrvae>The zip code is obtained from the Department of City Planning- Geosupport System.  If the zip code is not available from Geosupport, the DOF-RPAD Master File is used.</attrvae>
				</attrvai>
			</attr>
			<attr>
				<attrlabl>FireComp</attrlabl>
				<attalias>FireComp</attalias>
				<attrtype>String</attrtype>
				<attwidth>4</attwidth>
				<attrdef>The fire company that services the tax lot.  This field consists of four characters, the first of which is an alphabetic code identifying the type of fire company, where E stands for Engine and L stands for Ladder.  The type code is followed by a one to three digit fire company number which is preceded with leading zeros if the company number is less than three digits.</attrdef>
				<attrdefs>Department of City Planning - Geosupport System</attrdefs>
				<attrdomv/>
			</attr>
			<attr>
				<attrlabl>HealthArea</attrlabl>
				<attalias>HealthArea</attalias>
				<attrtype>Number</attrtype>
				<attwidth>9</attwidth>
				<attrdomv/>
				<attrdef>The health area in which the tax lot is located.  Health areas are administrative districts comprised of aggregates of census tracts, which are used by the Health Department for statistical data collection.</attrdef>
				<attrdefs>Department of City Planning- Geosupport System</attrdefs>
			</attr>
			<attr>
				<attrlabl>HealthCtr</attrlabl>
				<attalias>HealthCtr</attalias>
				<attrtype>Number</attrtype>
				<attwidth>9</attwidth>
				<attrdomv/>
				<attrdef>The health center district in which the tax lot is located.  Heath Center Districts are administrative districts comprised of health areas (see HEALTHAREA).</attrdef>
				<attrdefs>Department of City Planning- Geosupport System</attrdefs>
			</attr>
			<attr>
				<attrlabl>PolicePrct</attrlabl>
				<attalias>PolicePrct</attalias>
				<attrtype>Number</attrtype>
				<attwidth>9</attwidth>
				<attrdomv/>
				<attrdef>The police precinct in which the tax lot is located.</attrdef>
				<attrdefs>Department of City Planning - Geosupport System</attrdefs>
			</attr>
			<attr>
				<attrlabl>Address</attrlabl>
				<attalias>Address</attalias>
				<attrtype>String</attrtype>
				<attwidth>28</attwidth>
				<attrdef>An address for the tax lot.</attrdef>
				<attrdefs>Department of Finance - RPAD Master File</attrdefs>
				<attrvai>
					<attrvae>The general format is house number or low house number, if there is a house number range, and a space followed by a street name.  Queens house numbers contain a hyphen.  Some tax lots, such as vacant lots or parks, have a street name and no house number.</attrvae>
				</attrvai>
			</attr>
			<attr>
				<attrlabl>ZoneDist1</attrlabl>
				<attalias>ZoneDist1</attalias>
				<attrtype>String</attrtype>
				<attwidth>9</attwidth>
				<attrdomv>
					<edom>
						<edomv>R1-1 - R10H</edomv>
						<edomvd>Residential Districts</edomvd>
					</edom>
					<edom>
						<edomv>C1-6 - C8-4</edomv>
						<edomvd>Commercial Districts</edomvd>
					</edom>
					<edom>
						<edomv>M1-1 - M3-2</edomv>
						<edomvd>Manufacturing Districts</edomvd>
					</edom>
					<edom>
						<edomv>NZS</edomv>
						<edomvd>No Zoning</edomvd>
					</edom>
					<edom>
						<edomv>BPC</edomv>
						<edomvd>Battery Park City</edomvd>
					</edom>
					<edom>
						<edomv>PARK</edomv>
						<edomvd>Park Property</edomvd>
					</edom>
					<edom>
						<edomv>blank</edomv>
						<edomvd>Zoning Unknown in Department of Finance File</edomvd>
					</edom>
					<edom>
						<edomv>PARKNY</edomv>
						<edomvd>Property under the jurisdiction of NYS Office of Parks, Recreation, and Historic Preservation.</edomvd>
					</edom>
				</attrdomv>
				<attrdef>The primary zoning district classification of the tax lot. If the tax lot is divided by a zoning boundary line, zoneDist1, represents the primary zoning district classification occupying the greatest percentage of the tax lot's area.</attrdef>
				<attrdefs>Department of City Planning based on data from: Department of Finance - Zoning File, Department of City Planning - Zoning Resolution Maps</attrdefs>
				<attrvai>
					<attrvae>See SplitZone to determine if the tax lot is divided.</attrvae>
				</attrvai>
			</attr>
			<attr>
				<attrlabl>ZoneDist2</attrlabl>
				<attalias>ZoneDist2</attalias>
				<attrtype>String</attrtype>
				<attwidth>9</attwidth>
				<attrdef>If the tax lot is divided by zoning boundary lines, zoneDist2, represents the primary zoning classification occupying the second greatest percentage of the tax lot's area. If the tax lot is not divided by a zoning boundary line, the field is blank.</attrdef>
				<attrdefs>Department of City Planning based on data from: Department of Finance - Zoning File, Department of City Planning - Zoning Resolution Maps</attrdefs>
				<attrdomv>
					<edom>
						<edomv>Same as ZoneDist1</edomv>
					</edom>
				</attrdomv>
				<attrvai>
					<attrvae>See SplitZone to determine if the tax lot is divided.</attrvae>
				</attrvai>
			</attr>
			<attr>
				<attrlabl>Overlay1</attrlabl>
				<attalias>Overlay1</attalias>
				<attrtype>String</attrtype>
				<attwidth>4</attwidth>
				<attrdef>The commercial overlay assigned to the tax lot.</attrdef>
				<attrdefs>Department of City Planning based on data from: Department of Finance - Zoning File, Department of City Planning - Zoning Resolution Maps</attrdefs>
				<attrvai>
					<attrvae>If more than one commercial overlay exist on the tax lot, Overlay1 represents the commercial overlay occupying the greatest precentage of the lot area.  If the tax lot is divided by zoning boundary line, Overlay1 could be associated with either ZoneDist1 or ZoneDist2.</attrvae>
				</attrvai>
			</attr>
			<attr>
				<attrlabl>Overlay2</attrlabl>
				<attalias>Overlay2</attalias>
				<attrtype>String</attrtype>
				<attwidth>4</attwidth>
				<attrdef>A commercial overlay associated with the tax lot.</attrdef>
				<attrdefs>Department of City Planning based on data from: Department of Finance - Zoning File, Department of City Planning - Zoning Resolution Maps</attrdefs>
				<attrvai>
					<attrvae>If the tax lot has only one zoning district, Overlay2 represents the commercial overlay occupying the second largest percentageof the tax lot's area.  If the tax lot is divided by zoning boundary lines, Overlay2 could be associated with either ZoneDist1 or ZoneDist2.</attrvae>
				</attrvai>
			</attr>
			<attr>
				<attrlabl>SPDist1</attrlabl>
				<attalias>SPDist1</attalias>
				<attrtype>String</attrtype>
				<attwidth>5</attwidth>
				<attrdef>The special purpose or limited height district assigned to the tax lot.</attrdef>
				<attrdefs>Department of City Planning based on data from: Department of Finance - Zoning File, Department of City Planning - Zoning Resolution Maps</attrdefs>
				<attrvai>
					<attrvae>If more than special district exists on the tax lot, SPDist1 represents the special district or limited height designation occupying the greatest precentage of the lot area.  If the tax lot is divided by a zoning boundary line SPDist1 could be associated with either ZoneDist1 or ZoneDist2.</attrvae>
				</attrvai>
				<attrdomv>
					<edom>
						<edomv>AA</edomv>
						<edomvd>Atlantic Avenue District (Eliminated &amp; replaced by Downtown Brooklyn District)</edomvd>
					</edom>
					<edom>
						<edomv>BPC</edomv>
						<edomvd>Battery Park City District</edomvd>
					</edom>
					<edom>
						<edomv>BR</edomv>
						<edomvd>Bay Ridge District</edomvd>
					</edom>
					<edom>
						<edomv>BC</edomv>
						<edomvd>Brooklyn Center Development District (Eliminated 10/9/86, N860210 ZRK)</edomvd>
					</edom>
					<edom>
						<edomv>CD</edomv>
						<edomvd>City Island District</edomvd>
					</edom>
					<edom>
						<edomv>CL</edomv>
						<edomvd>Clinton District</edomvd>
					</edom>
					<edom>
						<edomv>CO</edomv>
						<edomvd>Coney Island Mixed Use District</edomvd>
					</edom>
					<edom>
						<edomv>DB</edomv>
						<edomvd>Downtown Brooklyn District</edomvd>
					</edom>
					<edom>
						<edomv>F</edomv>
						<edomvd>Fifth Avenue District (Eliminated &amp; replaced by Midtown District)</edomvd>
					</edom>
					<edom>
						<edomv>FM</edomv>
						<edomvd>Fulton Mall District (Eliminated &amp; replaced by Downtown Brooklyn District)</edomvd>
					</edom>
					<edom>
						<edomv>GC</edomv>
						<edomvd>Garment Center District</edomvd>
					</edom>
					<edom>
						<edomv>C</edomv>
						<edomvd>Grand Concourse Preservation District</edomvd>
					</edom>
					<edom>
						<edomv>G</edomv>
						<edomvd>Greenwich Street Development District (Eliminated &amp; replaced by Lower Manhattan District)</edomvd>
					</edom>
					<edom>
						<edomv>HS</edomv>
						<edomvd>Hillsides Preservation District</edomvd>
					</edom>
					<edom>
						<edomv>HY</edomv>
						<edomvd>Hudson Yards</edomvd>
					</edom>
					<edom>
						<edomv>HP</edomv>
						<edomvd>Hunters Point Mixed Use District (Eliminated &amp; replaced by Long Island City Mixed Use District)</edomvd>
					</edom>
					<edom>
						<edomv>LC</edomv>
						<edomvd>Limited Commercial District</edomvd>
					</edom>
					<edom>
						<edomv>LH-1</edomv>
						<edomvd>Limited Height District No. 1</edomvd>
					</edom>
					<edom>
						<edomv>LH-1A</edomv>
						<edomvd>Limited Height District No. 1A</edomvd>
					</edom>
					<edom>
						<edomv>LH-2</edomv>
						<edomvd>Limited Height District No. 2</edomvd>
					</edom>
					<edom>
						<edomv>LH-3</edomv>
						<edomvd>Limited Height District No. 3</edomvd>
					</edom>
					<edom>
						<edomv>L</edomv>
						<edomvd>Lincoln Square District</edomvd>
					</edom>
					<edom>
						<edomv>LI</edomv>
						<edomvd>Little Italy District</edomvd>
					</edom>
					<edom>
						<edomv>LIC</edomv>
						<edomvd>Long Island City Mixed Use District</edomvd>
					</edom>
					<edom>
						<edomv>LM</edomv>
						<edomvd>Lower Manhattan District</edomvd>
					</edom>
					<edom>
						<edomv>LMM</edomv>
						<edomvd>Lower Manhattan Mixed Use District (Renamed Tribeca Mixed Use District)</edomvd>
					</edom>
					<edom>
						<edomv>MP</edomv>
						<edomvd>Madison Avenue Preservation District</edomvd>
					</edom>
					<edom>
						<edomv>MB</edomv>
						<edomvd>Manhattan Bridge District (Terminated 9/1/91)</edomvd>
					</edom>
					<edom>
						<edomv>MLD</edomv>
						<edomvd>Manhattan Landing District (Eliminated &amp; replaced by Lower Manhattan District)</edomvd>
					</edom>
					<edom>
						<edomv>MID</edomv>
						<edomvd>Midtown District</edomvd>
					</edom>
					<edom>
						<edomv>MX-1</edomv>
						<edomvd>Mixed Use District-1 Port Morris (BX)</edomvd>
					</edom>
					<edom>
						<edomv>MX-2</edomv>
						<edomvd>Mixed Use District-2 Fulton Ferry (BK)</edomvd>
					</edom>
					<edom>
						<edomv>MX-4</edomv>
						<edomvd>Mixed Use District-4 Flushing/Bedford (BK)</edomvd>
					</edom>
					<edom>
						<edomv>MX-5</edomv>
						<edomvd>Mixed Use District-5 Red Hook (BK)</edomvd>
					</edom>
					<edom>
						<edomv>MX-6</edomv>
						<edomvd>Mixed Use District-6 Hudson Square (MN)</edomvd>
					</edom>
					<edom>
						<edomv>MX-7</edomv>
						<edomvd>Mixed Use District-7 Morrisania (BX)</edomvd>
					</edom>
					<edom>
						<edomv>MX-8</edomv>
						<edomvd>Mixed Use District-8 Greenpoint (BK)</edomvd>
					</edom>
					<edom>
						<edomv>NA-1</edomv>
						<edomvd>Natural Area District-1</edomvd>
					</edom>
					<edom>
						<edomv>NA-2</edomv>
						<edomvd>Natural Area District-2</edomvd>
					</edom>
					<edom>
						<edomv>NA-3</edomv>
						<edomvd>Natural Area District-3</edomvd>
					</edom>
					<edom>
						<edomv>NA-4</edomv>
						<edomvd>Natural Area District-4</edomvd>
					</edom>
					<edom>
						<edomv>N</edomv>
						<edomvd>Northside Mixed Use District</edomvd>
					</edom>
					<edom>
						<edomv>OP</edomv>
						<edomvd>Ocean Parkway District</edomvd>
					</edom>
					<edom>
						<edomv>P</edomv>
						<edomvd>Park District (Deleted by court order, 4/24/78)</edomvd>
					</edom>
					<edom>
						<edomv>PI</edomv>
						<edomvd>Park Improvement District</edomvd>
					</edom>
					<edom>
						<edomv>PC</edomv>
						<edomvd>Planned Community Preservation District</edomvd>
					</edom>
					<edom>
						<edomv>SV-1</edomv>
						<edomvd>Scenic View District</edomvd>
					</edom>
					<edom>
						<edomv>SB</edomv>
						<edomvd>Sheepshead Bay District</edomvd>
					</edom>
					<edom>
						<edomv>SRD</edomv>
						<edomvd>South Richmond Development District</edomvd>
					</edom>
					<edom>
						<edomv>S</edomv>
						<edomvd>South Street Seaport District (Eliminated &amp; replaced by Lower Manhattan District)</edomvd>
					</edom>
					<edom>
						<edomv>T</edomv>
						<edomvd>Theater District (Eliminated &amp; replaced by Midtown District)</edomvd>
					</edom>
					<edom>
						<edomv>TA</edomv>
						<edomvd>Transit Land Use District</edomvd>
					</edom>
					<edom>
						<edomv>TMU</edomv>
						<edomvd>Tribeca Mixed Use District (Was Lower Manhattan Mixed Use District, Renamed 8/27/98)</edomvd>
					</edom>
					<edom>
						<edomv>US</edomv>
						<edomvd>Union Square District</edomvd>
					</edom>
					<edom>
						<edomv>U</edomv>
						<edomvd>United Nations Development District</edomvd>
					</edom>
					<edom>
						<edomv>WCH</edomv>
						<edomvd>West Chealsea</edomvd>
					</edom>
					<edom>
						<edomv>Y</edomv>
						<edomvd>Yorkville - East 86th Street District (Eliminated 6/29/89, N880799 ZRM)</edomvd>
					</edom>
				</attrdomv>
			</attr>
			<attr>
				<attrlabl>SPDist2</attrlabl>
				<attalias>SPDist2</attalias>
				<attrtype>String</attrtype>
				<attwidth>5</attwidth>
				<attrdef>The special purpose or limited height district assigned to the tax lot.</attrdef>
				<attrdefs>Department of City Planning based on data from: Department of Finance - Zoning File, Department of City Planning - Zoning Resolution Maps</attrdefs>
				<attrvai>
					<attrvae>If more than special district exists on the tax lot, SPDist2 represents the special district or limited height designation occupying the greatest precentage of the lot area.  If the tax lot is divided by a zoning boundary line SPDist2 could be associated with either ZoneDist1 or ZoneDist2.</attrvae>
				</attrvai>
				<attrdomv>
					<edom>
						<edomv>SAME AS SPDist1</edomv>
					</edom>
				</attrdomv>
			</attr>
			<attr>
				<attrlabl>AllZoning1</attrlabl>
				<attalias>AllZoning1</attalias>
				<attrtype>String</attrtype>
				<attwidth>21</attwidth>
				<attrdef>Consists of the primary zoning classification occupying the greatest percentage of the tax lot's area and a commercial overlay and special purpose or limited height district assigned to the tax lot.</attrdef>
				<attrdefs>Department of City Planning based on data from: Department of Finance - Zoning File, Department of City Planning - Zoning Resolution Maps</attrdefs>
				<attrdomv>
					<edom>
						<edomv>Aggregated Value</edomv>
						<edomvd>Overlay1 / ZoneDist1 / SPDist1</edomvd>
					</edom>
				</attrdomv>
				<attrvai>
					<attrvae>If a tax lot is divided by zoning boundary lines, AllZoning1 may contain zoning components from various portions of the lot.</attrvae>
				</attrvai>
			</attr>
			<attr>
				<attrlabl>AllZoning2</attrlabl>
				<attalias>AllZoning2</attalias>
				<attrtype>String</attrtype>
				<attwidth>21</attwidth>
				<attrdef>If the tax lot is divided by zoning boundary lines, AllZoning2 consists of the primary zoning classification occupying the second greatest percentage of the tax lot's area and a commercial overlay and special purpose or limited height district assigned to the tax lot.</attrdef>
				<attrdefs>Department of City Planning based on data from: Department of Finance - Zoning File, Department of City Planning - Zoning Resolution Maps</attrdefs>
				<attrdomv>
					<edom>
						<edomv>Aggregate Value</edomv>
						<edomvd>Overlay2 / ZoneDist2 / SPDist2</edomvd>
					</edom>
				</attrdomv>
				<attrvai>
					<attrvae>If a tax lot is divided by zoning boundary lines, zoning2 may contain zoning components from various portions of the lot.</attrvae>
				</attrvai>
			</attr>
			<attr>
				<attrlabl>SplitZone</attrlabl>
				<attalias>SplitZone</attalias>
				<attrtype>String</attrtype>
				<attwidth>1</attwidth>
				<attrdef>A code indicating whether the tax lot is split by one or more zoning boundary lines.</attrdef>
				<attrdefs>Department of City Planning based on data from: Department of Finance - Zoning File</attrdefs>
				<attrvai>
					<attrva>Less than 2% of the tax lots are split.</attrva>
				</attrvai>
				<attrdomv>
					<edom>
						<edomv>Y</edomv>
						<edomvd>Lot is split.</edomvd>
					</edom>
					<edom>
						<edomv>N</edomv>
						<edomvd>Lot is not split.</edomvd>
					</edom>
					<edom>
						<edomv>(blank)</edomv>
						<edomvd>Unknown</edomvd>
					</edom>
				</attrdomv>
			</attr>
			<attr>
				<attrlabl>BldgClass</attrlabl>
				<attalias>BldgClass</attalias>
				<attrtype>String</attrtype>
				<attwidth>2</attwidth>
				<attrdef>A code describing the major use of structures on the tax lot.</attrdef>
				<attrvai>
					<attrvae>If there are multiple uses or buildings on a tax lot, the building class describes the use with the greatest square footage on the tax lot.  Several building classes describe mixed use buildings (combinations of residential and office or retail uses).</attrvae>
				</attrvai>
				<attrdomv>
					<edom>
						<edomv>A</edomv>
						<edomvd>One Family Dwellings</edomvd>
					</edom>
					<edom>
						<edomv>A0</edomv>
						<edomvd>Cape Cod</edomvd>
					</edom>
					<edom>
						<edomv>A1</edomv>
						<edomvd>Two Story Detatched (Small or Moderate Size, With or Without Attic)</edomvd>
					</edom>
					<edom>
						<edomv>A2</edomv>
						<edomvd>One Story (Permanent Living Quaters)</edomvd>
					</edom>
					<edom>
						<edomv>A3</edomv>
						<edomvd>Large Suburban Residence</edomvd>
					</edom>
					<edom>
						<edomv>A4</edomv>
						<edomvd>City Residence</edomvd>
					</edom>
					<edom>
						<edomv>A5</edomv>
						<edomvd>Attached or Semi-Detatched</edomvd>
					</edom>
					<edom>
						<edomv>A6</edomv>
						<edomvd>Summer Cottages / Mobile Homes / Trailers</edomvd>
					</edom>
					<edom>
						<edomv>A7</edomv>
						<edomvd>Mansion Type</edomvd>
					</edom>
					<edom>
						<edomv>A8</edomv>
						<edomvd>Bungalow Colony / Land Coop Owned</edomvd>
					</edom>
					<edom>
						<edomv>A9</edomv>
						<edomvd>Miscellaneous (Old Buildings, Attached &amp; Semi-Detached Frame Houses)</edomvd>
					</edom>
					<edom>
						<edomv>B</edomv>
						<edomvd>Two Family Dwellings</edomvd>
					</edom>
					<edom>
						<edomv>B1</edomv>
						<edomvd>Brick</edomvd>
					</edom>
					<edom>
						<edomv>B2</edomv>
						<edomvd>Frame</edomvd>
					</edom>
					<edom>
						<edomv>B3</edomv>
						<edomvd>Converted (From One Family)</edomvd>
					</edom>
					<edom>
						<edomv>B9</edomv>
						<edomvd>Miscellaneous (City Type, Old, etc.)</edomvd>
					</edom>
					<edom>
						<edomv>C</edomv>
						<edomvd>Walk Up Apartments</edomvd>
					</edom>
					<edom>
						<edomv>C0</edomv>
						<edomvd>Three Families</edomvd>
					</edom>
					<edom>
						<edomv>C1</edomv>
						<edomvd>Over Six Families Without Stores</edomvd>
					</edom>
					<edom>
						<edomv>C2</edomv>
						<edomvd>Five to Six Families</edomvd>
					</edom>
					<edom>
						<edomv>C3</edomv>
						<edomvd>Four Families</edomvd>
					</edom>
					<edom>
						<edomv>C4</edomv>
						<edomvd>Old Law Tenements</edomvd>
					</edom>
					<edom>
						<edomv>C5</edomv>
						<edomvd>Converted Dwelling or Rooming House</edomvd>
					</edom>
					<edom>
						<edomv>C6</edomv>
						<edomvd>Cooperative (Other Than Condominiums)</edomvd>
					</edom>
					<edom>
						<edomv>C7</edomv>
						<edomvd>Over Six Families with Stores</edomvd>
					</edom>
					<edom>
						<edomv>C8</edomv>
						<edomvd>Co-op Conversion from Loft / Warehouse</edomvd>
					</edom>
					<edom>
						<edomv>C9</edomv>
						<edomvd>Garden Apartments / Mobile Home Park / Trailer Park</edomvd>
					</edom>
					<edom>
						<edomv>D</edomv>
						<edomvd>Elevator Apartments</edomvd>
					</edom>
					<edom>
						<edomv>D0</edomv>
						<edomvd>Co-op Conversion from Loft / Warehouse</edomvd>
					</edom>
					<edom>
						<edomv>D1</edomv>
						<edomvd>Semi-fireproof (Without Stores)</edomvd>
					</edom>
					<edom>
						<edomv>D2</edomv>
						<edomvd>Artists in Residence</edomvd>
					</edom>
					<edom>
						<edomv>D3</edomv>
						<edomvd>Fireproof (Standard Construction Without Stores)</edomvd>
					</edom>
					<edom>
						<edomv>D4</edomv>
						<edomvd>Cooperatives (Other Than Condominiums)</edomvd>
					</edom>
					<edom>
						<edomv>D5</edomv>
						<edomvd>Converted</edomvd>
					</edom>
					<edom>
						<edomv>D6</edomv>
						<edomvd>Fireproof - With Stores</edomvd>
					</edom>
					<edom>
						<edomv>D7</edomv>
						<edomvd>Semi- Fireproof With Stores</edomvd>
					</edom>
					<edom>
						<edomv>D8</edomv>
						<edomvd>Luxury Type</edomvd>
					</edom>
					<edom>
						<edomv>D9</edomv>
						<edomvd>Miscellaneous</edomvd>
					</edom>
					<edom>
						<edomv>E</edomv>
						<edomvd>Warehouses</edomvd>
					</edom>
					<edom>
						<edomv>E1</edomv>
						<edomvd>Fireproof</edomvd>
					</edom>
					<edom>
						<edomv>E3</edomv>
						<edomvd>Semi-Fireproof</edomvd>
					</edom>
					<edom>
						<edomv>E4</edomv>
						<edomvd>Frame, Metal</edomvd>
					</edom>
					<edom>
						<edomv>E6</edomv>
						<edomvd>Governmental Warehouses</edomvd>
					</edom>
					<edom>
						<edomv>E7</edomv>
						<edomvd>Warehouse, Self Storage</edomvd>
					</edom>
					<edom>
						<edomv>E9</edomv>
						<edomvd>Miscellaneous</edomvd>
					</edom>
					<edom>
						<edomv>F</edomv>
						<edomvd>Factory and Industrial Buildings</edomvd>
					</edom>
					<edom>
						<edomv>F1</edomv>
						<edomvd>Heavy Manufacturing (Fireproof)</edomvd>
					</edom>
					<edom>
						<edomv>F2</edomv>
						<edomvd>Special Construction (Printing Plant, etc., Fireproof)</edomvd>
					</edom>
					<edom>
						<edomv>F4</edomv>
						<edomvd>Semi-Fireproof</edomvd>
					</edom>
					<edom>
						<edomv>F5</edomv>
						<edomvd>Light Manufacturing</edomvd>
					</edom>
					<edom>
						<edomv>F8</edomv>
						<edomvd>Tank Farms</edomvd>
					</edom>
					<edom>
						<edomv>F9</edomv>
						<edomvd>Miscellaneous</edomvd>
					</edom>
					<edom>
						<edomv>G</edomv>
						<edomvd>Garages and Gasoline Stations</edomvd>
					</edom>
					<edom>
						<edomv>G0</edomv>
						<edomvd>Residential Tax Class 1 Garage</edomvd>
					</edom>
					<edom>
						<edomv>G1</edomv>
						<edomvd>Garage - Two or More Stories</edomvd>
					</edom>
					<edom>
						<edomv>G2</edomv>
						<edomvd>Garage - One Story (Semi-Fireproof or Fireproof)</edomvd>
					</edom>
					<edom>
						<edomv>G3</edomv>
						<edomvd>Garage and Gas Station Combined</edomvd>
					</edom>
					<edom>
						<edomv>G4</edomv>
						<edomvd>Gas Station - With Enclosed Lubrication Plant or Workshop</edomvd>
					</edom>
					<edom>
						<edomv>G5</edomv>
						<edomvd>Gas Station - Without Enclosed Lubrication Plant or Workshop</edomvd>
					</edom>
					<edom>
						<edomv>G6</edomv>
						<edomvd>Licensed Parking Lot</edomvd>
					</edom>
					<edom>
						<edomv>G7</edomv>
						<edomvd>Unlicensed Parking Lot</edomvd>
					</edom>
					<edom>
						<edomv>G8</edomv>
						<edomvd>Garage with Showroom</edomvd>
					</edom>
					<edom>
						<edomv>G9</edomv>
						<edomvd>Miscellaneous</edomvd>
					</edom>
					<edom>
						<edomv>H</edomv>
						<edomvd>Hotels</edomvd>
					</edom>
					<edom>
						<edomv>H1</edomv>
						<edomvd>Luxury Type - Built Prior to 1960</edomvd>
					</edom>
					<edom>
						<edomv>H2</edomv>
						<edomvd>Luxury Type - Built After 1960</edomvd>
					</edom>
					<edom>
						<edomv>H3</edomv>
						<edomvd>Transient Occupancy - Midtown Manhattan Area</edomvd>
					</edom>
					<edom>
						<edomv>H4</edomv>
						<edomvd>Motels</edomvd>
					</edom>
					<edom>
						<edomv>H5</edomv>
						<edomvd>Private Club, Luxury Type</edomvd>
					</edom>
					<edom>
						<edomv>H6</edomv>
						<edomvd>Apartment Hotels</edomvd>
					</edom>
					<edom>
						<edomv>H7</edomv>
						<edomvd>Apartment Hotels- Co-Op Owned</edomvd>
					</edom>
					<edom>
						<edomv>H8</edomv>
						<edomvd>Dormitories</edomvd>
					</edom>
					<edom>
						<edomv>H9</edomv>
						<edomvd>Miscellaneous</edomvd>
					</edom>
					<edom>
						<edomv>I</edomv>
						<edomvd>Hospitals and Health</edomvd>
					</edom>
					<edom>
						<edomv>I1</edomv>
						<edomvd>Hospitals, Sanitariums, Mental Institutions</edomvd>
					</edom>
					<edom>
						<edomv>I2</edomv>
						<edomvd>Infirmary</edomvd>
					</edom>
					<edom>
						<edomv>I3</edomv>
						<edomvd>Dispensary</edomvd>
					</edom>
					<edom>
						<edomv>I4</edomv>
						<edomvd>Staff Facilities</edomvd>
					</edom>
					<edom>
						<edomv>I5</edomv>
						<edomvd>Health Center, Child Center, Clinic</edomvd>
					</edom>
					<edom>
						<edomv>I6</edomv>
						<edomvd>Nursing Homes</edomvd>
					</edom>
					<edom>
						<edomv>I7</edomv>
						<edomvd>Adult Care Facilities</edomvd>
					</edom>
					<edom>
						<edomv>I9</edomv>
						<edomvd>Miscellaneous</edomvd>
					</edom>
					<edom>
						<edomv>J</edomv>
						<edomvd>Theaters</edomvd>
					</edom>
					<edom>
						<edomv>J1</edomv>
						<edomvd>Art Type (Seating Capacity Under 400 Seats)</edomvd>
					</edom>
					<edom>
						<edomv>J2</edomv>
						<edomvd>Art Type (Seating Capcity over 400 seats)</edomvd>
					</edom>
					<edom>
						<edomv>J3</edomv>
						<edomvd>Motion Picture Theater with Balcony</edomvd>
					</edom>
					<edom>
						<edomv>J4</edomv>
						<edomvd>Legitimate Theaters (Theater Sole Use of Building)</edomvd>
					</edom>
					<edom>
						<edomv>J5</edomv>
						<edomvd>Theater as Part of Building of Other Use</edomvd>
					</edom>
					<edom>
						<edomv>J6</edomv>
						<edomvd>T.V. Studio</edomvd>
					</edom>
					<edom>
						<edomv>J7</edomv>
						<edomvd>Off-Broadway Type</edomvd>
					</edom>
					<edom>
						<edomv>J8</edomv>
						<edomvd>Multi-Motion Picture Theater</edomvd>
					</edom>
					<edom>
						<edomv>J9</edomv>
						<edomvd>Miscellaneous</edomvd>
					</edom>
					<edom>
						<edomv>K</edomv>
						<edomvd>Store Buildings (Taxpayers Included)</edomvd>
					</edom>
					<edom>
						<edomv>K1</edomv>
						<edomvd>One Story Store Building</edomvd>
					</edom>
					<edom>
						<edomv>K2</edomv>
						<edomvd>Two Story or Store and Office</edomvd>
					</edom>
					<edom>
						<edomv>K3</edomv>
						<edomvd>Department Stores, Multi Story</edomvd>
					</edom>
					<edom>
						<edomv>K4</edomv>
						<edomvd>Stores, Apartments Above</edomvd>
					</edom>
					<edom>
						<edomv>K5</edomv>
						<edomvd>Diners, Franchised Type Stand</edomvd>
					</edom>
					<edom>
						<edomv>K6</edomv>
						<edomvd>Shopping Centers with Parking Facilities</edomvd>
					</edom>
					<edom>
						<edomv>K7</edomv>
						<edomvd>Funeral Home</edomvd>
					</edom>
					<edom>
						<edomv>K9</edomv>
						<edomvd>Miscellaneous</edomvd>
					</edom>
					<edom>
						<edomv>L</edomv>
						<edomvd>Loft Buildings</edomvd>
					</edom>
					<edom>
						<edomv>L1</edomv>
						<edomvd>Over Eight Stores (Mid-Manhattan Type With or Without Stores)</edomvd>
					</edom>
					<edom>
						<edomv>L2</edomv>
						<edomvd>Fireproof - Loft and Storage Type (Without Retail Stores)</edomvd>
					</edom>
					<edom>
						<edomv>L3</edomv>
						<edomvd>Semi-Fireproof</edomvd>
					</edom>
					<edom>
						<edomv>L8</edomv>
						<edomvd>With Retail Stores (Other than Type 1)</edomvd>
					</edom>
					<edom>
						<edomv>L9</edomv>
						<edomvd>Miscellaneous</edomvd>
					</edom>
					<edom>
						<edomv>M</edomv>
						<edomvd>Churches, Synagogues, Etc.</edomvd>
					</edom>
					<edom>
						<edomv>M1</edomv>
						<edomvd>Church, Synagogue, Chapel</edomvd>
					</edom>
					<edom>
						<edomv>M2</edomv>
						<edomvd>Mission House (Non-Residential)</edomvd>
					</edom>
					<edom>
						<edomv>M3</edomv>
						<edomvd>Parsonage, Rectory</edomvd>
					</edom>
					<edom>
						<edomv>M4</edomv>
						<edomvd>Convents</edomvd>
					</edom>
					<edom>
						<edomv>M9</edomv>
						<edomvd>Miscellaneous</edomvd>
					</edom>
					<edom>
						<edomv>N</edomv>
						<edomvd>Asylums and Homes</edomvd>
					</edom>
					<edom>
						<edomv>N1</edomv>
						<edomvd>Asylums</edomvd>
					</edom>
					<edom>
						<edomv>N2</edomv>
						<edomvd>Homes for Indigent Children, Aged, Homelss</edomvd>
					</edom>
					<edom>
						<edomv>N3</edomv>
						<edomvd>Orphanages</edomvd>
					</edom>
					<edom>
						<edomv>N4</edomv>
						<edomvd>Juvenile Detention Houses</edomvd>
					</edom>
					<edom>
						<edomv>N9</edomv>
						<edomvd>Miscellaneous</edomvd>
					</edom>
					<edom>
						<edomv>O</edomv>
						<edomvd>Office Buildings</edomvd>
					</edom>
					<edom>
						<edomv>O1</edomv>
						<edomvd>Fireproof - Up to Nine Stories</edomvd>
					</edom>
					<edom>
						<edomv>O2</edomv>
						<edomvd>Ten Stories &amp; Over (Side Street Type)</edomvd>
					</edom>
					<edom>
						<edomv>O3</edomv>
						<edomvd>Ten Stories &amp; Over (Main Avenue Type)</edomvd>
					</edom>
					<edom>
						<edomv>O4</edomv>
						<edomvd>Tower Type</edomvd>
					</edom>
					<edom>
						<edomv>O5</edomv>
						<edomvd>Semi-Fireproof</edomvd>
					</edom>
					<edom>
						<edomv>O6</edomv>
						<edomvd>Bank Building (Designed Exclusively for Banking)</edomvd>
					</edom>
					<edom>
						<edomv>O7</edomv>
						<edomvd>Professional Buildings</edomvd>
					</edom>
					<edom>
						<edomv>O8</edomv>
						<edomvd>With Residential Apartments</edomvd>
					</edom>
					<edom>
						<edomv>O9</edomv>
						<edomvd>Miscellaneous</edomvd>
					</edom>
					<edom>
						<edomv>P</edomv>
						<edomvd>Places of Public Assembly (Indoor) and Cultural</edomvd>
					</edom>
					<edom>
						<edomv>P1</edomv>
						<edomvd>Concert Halls</edomvd>
					</edom>
					<edom>
						<edomv>P2</edomv>
						<edomvd>Lodge Rooms</edomvd>
					</edom>
					<edom>
						<edomv>P3</edomv>
						<edomvd>YWCA, YMCA, YWHA, YMHA, PAL</edomvd>
					</edom>
					<edom>
						<edomv>P4</edomv>
						<edomvd>Beach Club</edomvd>
					</edom>
					<edom>
						<edomv>P5</edomv>
						<edomvd>Community Center</edomvd>
					</edom>
					<edom>
						<edomv>P6</edomv>
						<edomvd>Amusement Places, Bathhouses, Boat Houses</edomvd>
					</edom>
					<edom>
						<edomv>P7</edomv>
						<edomvd>Museum</edomvd>
					</edom>
					<edom>
						<edomv>P8</edomv>
						<edomvd>Library</edomvd>
					</edom>
					<edom>
						<edomv>P9</edomv>
						<edomvd>Miscellaneous Including Riding Academies and Stables</edomvd>
					</edom>
					<edom>
						<edomv>Q</edomv>
						<edomvd>Outdoor Recreation Facilities</edomvd>
					</edom>
					<edom>
						<edomv>Q1</edomv>
						<edomvd>Parks</edomvd>
					</edom>
					<edom>
						<edomv>Q2</edomv>
						<edomvd>Playgrounds</edomvd>
					</edom>
					<edom>
						<edomv>Q3</edomv>
						<edomvd>Outdoor Pools</edomvd>
					</edom>
					<edom>
						<edomv>Q4</edomv>
						<edomvd>Beaches</edomvd>
					</edom>
					<edom>
						<edomv>Q5</edomv>
						<edomvd>Golf Courses</edomvd>
					</edom>
					<edom>
						<edomv>Q6</edomv>
						<edomvd>Stadium, Race Tracks, Baseball Fields</edomvd>
					</edom>
					<edom>
						<edomv>Q7</edomv>
						<edomvd>Tennis Courts</edomvd>
					</edom>
					<edom>
						<edomv>Q8</edomv>
						<edomvd>Marinas / Yacht Clubs</edomvd>
					</edom>
					<edom>
						<edomv>Q9</edomv>
						<edomvd>Miscellaneous</edomvd>
					</edom>
					<edom>
						<edomv>R</edomv>
						<edomvd>Condominiums</edomvd>
					</edom>
					<edom>
						<edomv>R0</edomv>
						<edomvd>Condo Billing Lot</edomvd>
					</edom>
					<edom>
						<edomv>R1</edomv>
						<edomvd>2-10 Unit Residential Building, Residential Unit</edomvd>
					</edom>
					<edom>
						<edomv>R2</edomv>
						<edomvd>Walk-up, Residential Unit</edomvd>
					</edom>
					<edom>
						<edomv>R3</edomv>
						<edomvd>1-3 Story, Residential Unit</edomvd>
					</edom>
					<edom>
						<edomv>R4</edomv>
						<edomvd>Apartment / Elevated, Residential Unit</edomvd>
					</edom>
					<edom>
						<edomv>R5</edomv>
						<edomvd>Commercial Unit</edomvd>
					</edom>
					<edom>
						<edomv>R6</edomv>
						<edomvd>1-3 Units, Residential Unit</edomvd>
					</edom>
					<edom>
						<edomv>R7</edomv>
						<edomvd>1-3 Units, Commercial Unit</edomvd>
					</edom>
					<edom>
						<edomv>R8</edomv>
						<edomvd>2-10 Unit Residential Bldg, Commercial Unit</edomvd>
					</edom>
					<edom>
						<edomv>R9</edomv>
						<edomvd>Condop</edomvd>
					</edom>
					<edom>
						<edomv>RC</edomv>
						<edomvd>Commercial Building (Mixed Commercial Condo Building Classification Codes)</edomvd>
					</edom>
					<edom>
						<edomv>RM</edomv>
						<edomvd>Mixed Residential &amp; Commercial Building (Mixed Residential &amp; Commercial Condo Building Classification Codes)</edomvd>
					</edom>
					<edom>
						<edomv>RR</edomv>
						<edomvd>Residential Building (Mixed Residential Condo Building Classification Building)</edomvd>
					</edom>
					<edom>
						<edomv>S</edomv>
						<edomvd>Residence -Multiple Use</edomvd>
					</edom>
					<edom>
						<edomv>S0</edomv>
						<edomvd>Primarily One Family with Two Stores or Offices</edomvd>
					</edom>
					<edom>
						<edomv>S1</edomv>
						<edomvd>Primarliy One Family with Store or Office</edomvd>
					</edom>
					<edom>
						<edomv>S2</edomv>
						<edomvd>Primarily Two Family with Store or Office</edomvd>
					</edom>
					<edom>
						<edomv>S3</edomv>
						<edomvd>Primarily Three Family with Store or Office</edomvd>
					</edom>
					<edom>
						<edomv>S4</edomv>
						<edomvd>Primarily Four Family with Store or Office</edomvd>
					</edom>
					<edom>
						<edomv>S5</edomv>
						<edomvd>Primarily Five to Six Family with Store or Office</edomvd>
					</edom>
					<edom>
						<edomv>S9</edomv>
						<edomvd>Primarily One to Six Families with Stores or Offices</edomvd>
					</edom>
					<edom>
						<edomv>T</edomv>
						<edomvd>Transportation Facilities (Assessed in ORE)</edomvd>
					</edom>
					<edom>
						<edomv>T1</edomv>
						<edomvd>Airports, Air Fields, Terminals</edomvd>
					</edom>
					<edom>
						<edomv>T2</edomv>
						<edomvd>Piers, Docks, Bulkheads</edomvd>
					</edom>
					<edom>
						<edomv>T9</edomv>
						<edomvd>Miscellaneous</edomvd>
					</edom>
					<edom>
						<edomv>U</edomv>
						<edomvd>Utility Bureau Properties</edomvd>
					</edom>
					<edom>
						<edomv>U0</edomv>
						<edomvd>Utility Company Land and Buildings</edomvd>
					</edom>
					<edom>
						<edomv>U1</edomv>
						<edomvd>Bridges, Tunnels, Highways</edomvd>
					</edom>
					<edom>
						<edomv>U2</edomv>
						<edomvd>Electric Utilities, Gas</edomvd>
					</edom>
					<edom>
						<edomv>U3</edomv>
						<edomvd>Ceiling R.R.</edomvd>
					</edom>
					<edom>
						<edomv>U4</edomv>
						<edomvd>Telephone Utilities</edomvd>
					</edom>
					<edom>
						<edomv>U5</edomv>
						<edomvd>Communications Facilities (Other than Telephone)</edomvd>
					</edom>
					<edom>
						<edomv>U6</edomv>
						<edomvd>Railroad, Private Ownership</edomvd>
					</edom>
					<edom>
						<edomv>U7</edomv>
						<edomvd>Transportation, Public Ownership</edomvd>
					</edom>
					<edom>
						<edomv>U8</edomv>
						<edomvd>Revocable Consents</edomvd>
					</edom>
					<edom>
						<edomv>U9</edomv>
						<edomvd>Miscellaneous (Including Private Improvements in City Land and in Public Places)</edomvd>
					</edom>
					<edom>
						<edomv>V</edomv>
						<edomvd>Vacant Land</edomvd>
					</edom>
					<edom>
						<edomv>V0</edomv>
						<edomvd>Zoned Residential, Except not Manhattan below 110 St</edomvd>
					</edom>
					<edom>
						<edomv>V1</edomv>
						<edomvd>Not Zoned Residential or Manhattan below 110 St</edomvd>
					</edom>
					<edom>
						<edomv>V2</edomv>
						<edomvd>Not Zoned Residential , but Adjacent to Tax Class 1 Dwelling</edomvd>
					</edom>
					<edom>
						<edomv>V3</edomv>
						<edomvd>Zoned Primarily Residential, Except Not Manhattan below 110 St</edomvd>
					</edom>
					<edom>
						<edomv>V4</edomv>
						<edomvd>Police or Fire Department</edomvd>
					</edom>
					<edom>
						<edomv>V5</edomv>
						<edomvd>School Site or Yard</edomvd>
					</edom>
					<edom>
						<edomv>V6</edomv>
						<edomvd>Library, Hospitals, or Museums</edomvd>
					</edom>
					<edom>
						<edomv>V7</edomv>
						<edomvd>Port Authority of NY and NJ</edomvd>
					</edom>
					<edom>
						<edomv>V8</edomv>
						<edomvd>State &amp; US</edomvd>
					</edom>
					<edom>
						<edomv>V9</edomv>
						<edomvd>Miscellaneous (Deparment of Real Estate and Other Public Places)</edomvd>
					</edom>
					<edom>
						<edomv>W</edomv>
						<edomvd>Educational Structures</edomvd>
					</edom>
					<edom>
						<edomv>W1</edomv>
						<edomvd>Public Elementary Junior and Senior High Schools</edomvd>
					</edom>
					<edom>
						<edomv>W2</edomv>
						<edomvd>Parochial Schools, Yeshivas</edomvd>
					</edom>
					<edom>
						<edomv>W3</edomv>
						<edomvd>Schools or Academies</edomvd>
					</edom>
					<edom>
						<edomv>W4</edomv>
						<edomvd>Training Schools</edomvd>
					</edom>
					<edom>
						<edomv>W5</edomv>
						<edomvd>City University</edomvd>
					</edom>
					<edom>
						<edomv>W6</edomv>
						<edomvd>Other Colleges and Universities</edomvd>
					</edom>
					<edom>
						<edomv>W7</edomv>
						<edomvd>Theological Seminaries</edomvd>
					</edom>
					<edom>
						<edomv>W8</edomv>
						<edomvd>Other Private Schools</edomvd>
					</edom>
					<edom>
						<edomv>W9</edomv>
						<edomvd>Miscellaneous</edomvd>
					</edom>
					<edom>
						<edomv>Y</edomv>
						<edomvd>Selected Government Installations (Excluding Office Buildings, Training Schools, Academic, Garages, Warehouses, Piers, Air Fields, Vacant Land, Vacant Sites, and Land Under Water and Easments)</edomvd>
					</edom>
					<edom>
						<edomv>Y1</edomv>
						<edomvd>Fire Department</edomvd>
					</edom>
					<edom>
						<edomv>Y2</edomv>
						<edomvd>Police Department</edomvd>
					</edom>
					<edom>
						<edomv>Y3</edomv>
						<edomvd>Prisons, Jails, Houses of Detention</edomvd>
					</edom>
					<edom>
						<edomv>Y4</edomv>
						<edomvd>Military and Naval</edomvd>
					</edom>
					<edom>
						<edomv>Y5</edomv>
						<edomvd>Department of Real Estate</edomvd>
					</edom>
					<edom>
						<edomv>Y6</edomv>
						<edomvd>Department of Sanitation</edomvd>
					</edom>
					<edom>
						<edomv>Y7</edomv>
						<edomvd>Department of Ports and Terminals</edomvd>
					</edom>
					<edom>
						<edomv>Y8</edomv>
						<edomvd>Department of Public Works</edomvd>
					</edom>
					<edom>
						<edomv>Y9</edomv>
						<edomvd>Department of Environmental Protection</edomvd>
					</edom>
					<edom>
						<edomv>Z</edomv>
						<edomvd>Miscelleneous</edomvd>
					</edom>
					<edom>
						<edomv>Z0</edomv>
						<edomvd>Tennis Court, Pool, Shed, etc.  Used in Conjunction with Tax Class 1</edomvd>
					</edom>
					<edom>
						<edomv>Z1</edomv>
						<edomvd>Court House</edomvd>
					</edom>
					<edom>
						<edomv>Z2</edomv>
						<edomvd>Public Parking Areas</edomvd>
					</edom>
					<edom>
						<edomv>Z3</edomv>
						<edomvd>Post Office</edomvd>
					</edom>
					<edom>
						<edomv>Z4</edomv>
						<edomvd>Foreign Governments</edomvd>
					</edom>
					<edom>
						<edomv>Z5</edomv>
						<edomvd>United Nations</edomvd>
					</edom>
					<edom>
						<edomv>Z6</edomv>
						<edomvd>Land Under Water</edomvd>
					</edom>
					<edom>
						<edomv>Z7</edomv>
						<edomvd>Easements</edomvd>
					</edom>
					<edom>
						<edomv>Z8</edomv>
						<edomvd>Cemetaries</edomvd>
					</edom>
					<edom>
						<edomv>Z9</edomv>
						<edomvd>Other</edomvd>
					</edom>
				</attrdomv>
				<attrdefs>Deparment of City Planning based on data from: Department of Finance - RPAD Master File</attrdefs>
			</attr>
			<attr>
				<attrlabl>LandUse</attrlabl>
				<attalias>LandUse</attalias>
				<attrtype>String</attrtype>
				<attwidth>2</attwidth>
				<attrdomv>
					<edom>
						<edomv>01</edomv>
						<edomvd>One &amp; Two Family Buildings</edomvd>
					</edom>
					<edom>
						<edomv>02</edomv>
						<edomvd>Multi Family Walk Up Buldings</edomvd>
					</edom>
					<edom>
						<edomv>03</edomv>
						<edomvd>Multi Family Elevator Buildings</edomvd>
					</edom>
					<edom>
						<edomv>04</edomv>
						<edomvd>Mixed Residential and Commercial Buildings</edomvd>
					</edom>
					<edom>
						<edomv>05</edomv>
						<edomvd>Commercial and Office Buildings</edomvd>
					</edom>
					<edom>
						<edomv>06</edomv>
						<edomvd>Industrial and Manufacturing</edomvd>
					</edom>
					<edom>
						<edomv>07</edomv>
						<edomvd>Transportation and Utility</edomvd>
					</edom>
					<edom>
						<edomv>08</edomv>
						<edomvd>Public Facilities and Institutions</edomvd>
					</edom>
					<edom>
						<edomv>09</edomv>
						<edomvd>Open Space and Outdoor Recreation</edomvd>
					</edom>
					<edom>
						<edomv>10</edomv>
						<edomvd>Parking Facilities</edomvd>
					</edom>
					<edom>
						<edomv>11</edomv>
						<edomvd>Vacant Land</edomvd>
					</edom>
				</attrdomv>
				<attrdef>A code for the tax lot's land use category, modified for display of parks, New York City Department of Parks and Recreation properties and New York State Office of Parks, Recreation and Historic Preservation properties in the appropriate category on land use maps.</attrdef>
				<attrvai>
					<attrvae>A tax lot's land use category is derived from the lot's building class (see bldgClass).  The Department of City Planning assigned building classes to the most appropriate land use category.  Park properties were identified using data sources other than the DOF Building Classes and, where appropriate, were classified with a Land Use Category of 09- Open Space and Outdoor Recreation, regardless of the tax lot's building class.</attrvae>
				</attrvai>
				<attrdefs>Department of City Planning - based on data from: Department of Finance-RPAD Master File, Department of City Planning - Zoning Resolution Maps, Department of Parks and Recreation - Property Maps, New York State Office of Parks, Recreation and Historic Preservation - List of Properties</attrdefs>
			</attr>
			<attr>
				<attrlabl>Easements</attrlabl>
				<attalias>Easements</attalias>
				<attrtype>Number</attrtype>
				<attwidth>9</attwidth>
				<attrdef>The number of easements on the tax lot.  If the number is zero, the tax lot has no easement.</attrdef>
				<attrdefs>Department of City Planning based on data from: Department of Finance - RPAD Master File</attrdefs>
			</attr>
			<attr>
				<attrlabl>OwnerType</attrlabl>
				<attalias>OwnerType</attalias>
				<attrtype>String</attrtype>
				<attwidth>1</attwidth>
				<attrdomv>
					<edom>
						<edomv>C</edomv>
						<edomvd>City Ownership</edomvd>
					</edom>
					<edom>
						<edomv>M</edomv>
						<edomvd>Mixed City and Private Ownership</edomvd>
					</edom>
					<edom>
						<edomv>O</edomv>
						<edomvd>Other - Public Authority, State or Federal Ownership</edomvd>
					</edom>
					<edom>
						<edomv>P</edomv>
						<edomvd>Private Ownership - Either the tax lot has started an "in rem" action or it was onced city owned.</edomvd>
					</edom>
					<edom>
						<edomv>X</edomv>
						<edomvd>Mixed (Excludes property with a C, M, O, or P ownership code). Fully tax exempt property that could be owned by the city, state, or federal government; a public authority; or a private institution.</edomvd>
					</edom>
					<edom>
						<edomv>blank</edomv>
						<edomvd>Unknown (Usually Private Ownership)</edomvd>
					</edom>
				</attrdomv>
				<attrdef>A code indicating type of ownership for the tax lot.</attrdef>
				<attrdefs>Department of City Planning based on data from: Department of Citywide Administrative Services - IPIS, Department of Finance- RPAD Master File</attrdefs>
				<attrvai>
					<attrvae>It is recommended that OwnerName be referenced to verify the type of ownership, specifically when state and federal government and  public authority ownership is important.</attrvae>
				</attrvai>
			</attr>
			<attr>
				<attrlabl>OwnerName</attrlabl>
				<attalias>OwnerName</attalias>
				<attrtype>String</attrtype>
				<attwidth>21</attwidth>
				<attrdef>The name of the owner of the tax lot.</attrdef>
				<attrdefs>Department of Finance - RPAD Master File</attrdefs>
			</attr>
			<attr>
				<attrlabl>LotArea</attrlabl>
				<attalias>LotArea</attalias>
				<attrtype>Float</attrtype>
				<attwidth>19</attwidth>
				<attrdef>Total area of the tax lot, expressed in square feet rounded to the nearest</attrdef>
				<attrdefs>Department of Finance - RPAD Master File</attrdefs>
				<attrvai>
					<attrva>Varying</attrva>
					<attrvae>Lot Area contains street beds when the tax lot contains paper streets, i.e. oficially mapped but not built.  If the tax lot is not an irregularly shaped lot (irrLotCode) the Department of Finance derives the Lot Area by multiplying the Lot Frontage by the Lot Depth. If the tax lot is irregularly shaped Finance manually calculates the Lot Area from the Tax Maps.  If the lot area is zero, data is not available for the tax lot.</attrvae>
				</attrvai>
			</attr>
			<attr>
				<attrlabl>BldgArea</attrlabl>
				<attalias>BldgArea</attalias>
				<attrtype>Float</attrtype>
				<attwidth>19</attwidth>
				<attrdef>The total gross area in square feet.</attrdef>
				<attrdefs>Department of City Planning based on data from: Department of Finance- RPAD Master File, Department of Finance - Major Property File</attrdefs>
				<attrvai>
					<attrvae>If AreaSource field has a code of 1 or 2, the total floor area is for all of the buildings on the tax lot. Measurements are based on exterior dimensions. The building floor area is calculated by multiplying the building footprint by the number of stories, where the number of stories includes all full and partial stories above the ground floor. If the AreaSource field has a value of 5, the floor area was calculated from the DOF RPAD Master File using the building dimensions and number of stories for ONLY the largest building on the tax lot.</attrvae>
					<attrva>The sum of ComArea ad ResArea does not always equal the floor area.</attrva>
				</attrvai>
			</attr>
			<attr>
				<attrlabl>ComArea</attrlabl>
				<attalias>ComArea</attalias>
				<attrtype>Float</attrtype>
				<attwidth>19</attwidth>
				<attrdef>An estimate of the exterior dimensions of the portion of the building(s) allocated for commercial use.</attrdef>
				<attrvai>
					<attrvae>This information is only collected for Tax Class 2 and Tax Class 4 properties.  A commercial area of zero can mean it is either not available or not applicable.</attrvae>
					<attrva>The sum of the various floor areas does not always equal the floor area.</attrva>
				</attrvai>
				<attrdefs>Department of City Planning based on data from: Department of Finance- RPAD Master File, Department of Finance - Major Property File</attrdefs>
			</attr>
			<attr>
				<attrlabl>ResArea</attrlabl>
				<attalias>ResArea</attalias>
				<attrtype>Float</attrtype>
				<attwidth>19</attwidth>
				<attrdef>An estimate of the exterior dimensions of the portion of the building(s) allocated for residential use.</attrdef>
				<attrdefs>Department of City Planning based on data from: Department of Finance- RPAD Master File, Department of Finance - Major Property File</attrdefs>
				<attrvai>
					<attrvae>This information is only collected for Tax Class 2 and Tax Class 4 properties.  A floor area of zero can mean it is either not available or not applicable.  The sum of the various floor areas does not always equal FLOORAREA.</attrvae>
				</attrvai>
			</attr>
			<attr>
				<attrlabl>OfficeArea</attrlabl>
				<attalias>OfficeArea</attalias>
				<attrtype>Float</attrtype>
				<attwidth>19</attwidth>
				<attrdef>An estimate of the exterior dimensions of the portion of the building(s) allocated for office use.</attrdef>
				<attrdefs>Department of Finance- Major Property File</attrdefs>
				<attrvai>
					<attrvae>This information is only collected for Tax Class 2 and Tax Class 4 properties.  A floor area of zero can mean it is either not available or not applicable.  The sum of the various floor areas does not always equal FLOORAREA.</attrvae>
				</attrvai>
			</attr>
			<attr>
				<attrlabl>RetailArea</attrlabl>
				<attalias>RetailArea</attalias>
				<attrtype>Float</attrtype>
				<attwidth>19</attwidth>
				<attrdef>An estimate of the exterior dimensions of the portion of the building(s) allocated for retail use.</attrdef>
				<attrdefs>Department of Finance- Major Property File</attrdefs>
				<attrvai>
					<attrvae>This information is only collected for Tax Class 2 and Tax Class 4 properties.  A floor area of zero can mean it is either not available or not applicable.  The sum of the various floor areas does not always equal FLOORAREA.</attrvae>
				</attrvai>
			</attr>
			<attr>
				<attrlabl>GarageArea</attrlabl>
				<attalias>GarageArea</attalias>
				<attrtype>Float</attrtype>
				<attwidth>19</attwidth>
				<attrdef>An estimate of the exterior dimensions of the portion of the building(s) allocated for garage use.</attrdef>
				<attrdefs>Department of Finance- Major Property File</attrdefs>
				<attrvai>
					<attrvae>This information is only collected for Tax Class 2 and Tax Class 4 properties.  A floor area of zero can mean it is either not available or not applicable.  The sum of the various floor areas does not always equal FLOORAREA.</attrvae>
				</attrvai>
			</attr>
			<attr>
				<attrlabl>StrgeArea</attrlabl>
				<attalias>StrgeArea</attalias>
				<attrtype>Float</attrtype>
				<attwidth>19</attwidth>
				<attrdef>An estimate of the exterior dimensions of the portion of the building(s) allocated for storage or loft purposes.</attrdef>
				<attrdefs>Department of Finance- Major Property File</attrdefs>
				<attrvai>
					<attrvae>This information is only collected for Tax Class 2 and Tax Class 4 properties.  A floor area of zero can mean it is either not available or not applicable.  The sum of the various floor areas does not always equal FLOORAREA.</attrvae>
				</attrvai>
			</attr>
			<attr>
				<attrlabl>FactryArea</attrlabl>
				<attalias>FactryArea</attalias>
				<attrtype>Float</attrtype>
				<attwidth>19</attwidth>
				<attrdef>An estimate of the exterior dimensions of the portion of the building(s) allocated for factory use.</attrdef>
				<attrdefs>Department of Finance- Major Property File</attrdefs>
				<attrvai>
					<attrvae>This information is only collected for Tax Class 2 and Tax Class 4 properties.  A floor area of zero can mean it is either not available or not applicable.  The sum of the various floor areas does not always equal FLOORAREA.</attrvae>
				</attrvai>
			</attr>
			<attr>
				<attrlabl>OtherArea</attrlabl>
				<attalias>OtherArea</attalias>
				<attrtype>Float</attrtype>
				<attwidth>19</attwidth>
				<attrdef>An estimate of the exterior dimensions of the portion of the building(s) allocated for other than Residential, Office, Retail, Garage, Storage, Loft or Factory use.</attrdef>
				<attrdefs>Department of Finance- Major Property File</attrdefs>
				<attrvai>
					<attrvae>This information is only collected for Tax Class 2 and Tax Class 4 properties.  A floor area of zero can mean it is either not available or not applicable.  The sum of the various floor areas does not always equal FLOORAREA.</attrvae>
				</attrvai>
			</attr>
			<attr>
				<attrlabl>AreaSource</attrlabl>
				<attalias>AreaSource</attalias>
				<attrtype>String</attrtype>
				<attwidth>1</attwidth>
				<attrdomv>
					<edom>
						<edomv>0</edomv>
						<edomvd>Not Available</edomvd>
					</edom>
					<edom>
						<edomv>1</edomv>
						<edomvd>Department of Finance's Major Property File</edomvd>
					</edom>
					<edom>
						<edomv>2</edomv>
						<edomvd>Department of Finance's RPAD File</edomvd>
					</edom>
					<edom>
						<edomv>3</edomv>
						<edomvd>One or more Building Dimensions are non-numeric. Total Building Floor Area is 0.</edomvd>
					</edom>
					<edom>
						<edomv>4</edomv>
						<edomvd>Building Class is 'V' and Number of Buildings is 0. Total Building Floor Area is 0.</edomvd>
					</edom>
					<edom>
						<edomv>5</edomv>
						<edomvd>Total Building Floor Area is calculated from RPAD Building Dimensions and Number of Stories for largest building only.</edomvd>
					</edom>
					<edom>
						<edomv>6</edomv>
						<edomvd>Unknown</edomvd>
					</edom>
					<edom>
						<edomv>7</edomv>
						<edomvd>Department of Finances Mass Appraisal System</edomvd>
					</edom>
					<edom>
						<edomv>9</edomv>
						<edomvd>User</edomvd>
					</edom>
				</attrdomv>
				<attrdef>A code indicating the source file that was used to determine the tax lot's BldgArea.</attrdef>
				<attrdefs>Department of City Planning</attrdefs>
			</attr>
			<attr>
				<attrlabl>NumBldgs</attrlabl>
				<attalias>NumBldgs</attalias>
				<attrtype>Float</attrtype>
				<attwidth>19</attwidth>
				<attrdef>The number of buildings on the tax lot.</attrdef>
				<attrdefs>Department of City Planning based on: Department of City Planning - GeoSupport System; Department of Finance - RPAD Master File</attrdefs>
				<attrvai>
					<attrva>With few exceptions, buildings are permanent structures. If an assessor values a semi-permanent structure, such as a parking attendants building, then it is considered a building.</attrva>
				</attrvai>
			</attr>
			<attr>
				<attrlabl>NumFloors</attrlabl>
				<attalias>NumFloors</attalias>
				<attrtype>Float</attrtype>
				<attwidth>19</attwidth>
				<attrdef>In the primary building on the tax lot, the number of full and partial stories starting from the ground floor.</attrdef>
				<attrdefs>Department of Finance - RPAD Master File</attrdefs>
				<attrvai>
					<attrvae>If the number of floors is zero and the number of buildings is greater than zero, the number of floors is not available for the tax lot.  If the number of floors is zero and the number of buildings is zero, then the number of floors is not applicable for the tax lot.</attrvae>
				</attrvai>
				<atnumdec>11</atnumdec></attr>
			<attr>
				<attrlabl>UnitsRes</attrlabl>
				<attalias>UnitsRes</attalias>
				<attrtype>Float</attrtype>
				<attwidth>19</attwidth>
				<attrvai>
					<attrvae>Hotels/motels, nursing homes and SROs do not have residential units, while boarding houses do have residential units.</attrvae>
				</attrvai>
				<attrdef>The sum of residential units in all buildings on the tax lot.</attrdef>
				<attrdefs>Department of Finance- RPAD Master File</attrdefs>
			</attr>
			<attr>
				<attrlabl>UnitsTotal</attrlabl>
				<attalias>UnitsTotal</attalias>
				<attrtype>Float</attrtype>
				<attwidth>19</attwidth>
				<attrdef>The sum of residential and non-residential (offices, retail stores, etc.) units in all buildings on the tax lot.</attrdef>
				<attrdefs>Department of Finance- RPAD Master File</attrdefs>
				<attrvai>
					<attrvae>The count of non-residential units is sometimes not available if the building contains residential units.</attrvae>
				</attrvai>
			</attr>
			<attr>
				<attrlabl>LotFront</attrlabl>
				<attalias>LotFront</attalias>
				<attrtype>Float</attrtype>
				<attwidth>19</attwidth>
				<attrdef>The tax lot's frontage measured in feet.</attrdef>
				<attrdefs>Department of Finance - RPAD Master File</attrdefs>
				<atnumdec>11</atnumdec></attr>
			<attr>
				<attrlabl>LotDepth</attrlabl>
				<attalias>LotDepth</attalias>
				<attrtype>Float</attrtype>
				<attwidth>19</attwidth>
				<attrdef>The tax lot's depth measured in feet.</attrdef>
				<attrdefs>Department of Finance-RPAD Master File</attrdefs>
				<atnumdec>11</atnumdec></attr>
			<attr>
				<attrlabl>BldgFront</attrlabl>
				<attalias>BldgFront</attalias>
				<attrtype>Float</attrtype>
				<attwidth>19</attwidth>
				<attrdef>The building's frontage along the street measured in feet.</attrdef>
				<attrdefs>Department of Finance - RPAD Master File</attrdefs>
				<atprecis>0</atprecis><attscale>0</attscale></attr>
			<attr>
				<attrlabl>BldgDepth</attrlabl>
				<attalias>BldgDepth</attalias>
				<attrtype>Float</attrtype>
				<attwidth>19</attwidth>
				<attrdef>The building's depth, which is the effective perpendicular distance, measured in feet.</attrdef>
				<attrdefs>Department of Finance- RPAD Master File</attrdefs>
				<atnumdec>11</atnumdec></attr>
			<attr>
				<attrlabl>ProxCode</attrlabl>
				<attalias>ProxCode</attalias>
				<attrtype>String</attrtype>
				<attwidth>1</attwidth>
				<attrdef>The physical relationship of the building to neighboring buildings.</attrdef>
				<attrdomv>
					<edom>
						<edomv>0</edomv>
						<edomvd>Not Available</edomvd>
					</edom>
					<edom>
						<edomv>1</edomv>
						<edomvd>Detatched</edomvd>
					</edom>
					<edom>
						<edomv>2</edomv>
						<edomvd>Semi-Attached</edomvd>
					</edom>
					<edom>
						<edomv>3</edomv>
						<edomvd>Attached</edomvd>
					</edom>
				</attrdomv>
			</attr>
			<attr>
				<attrlabl>IrrLotCode</attrlabl>
				<attalias>IrrLotCode</attalias>
				<attrtype>String</attrtype>
				<attwidth>1</attwidth>
				<attrdef>A code indicating whether the tax lot is irregularly shaped.</attrdef>
				<attrdefs>Department of City Planning based on data from: Department of Finance- RPAD Master File</attrdefs>
				<attrdomv>
					<edom>
						<edomv>Y</edomv>
						<edomvd>Irregularly Shaped Lot</edomvd>
					</edom>
					<edom>
						<edomv>N</edomv>
						<edomvd>Not a Irregularly Shaped Lot</edomvd>
					</edom>
					<edom>
						<edomv>(blank)</edomv>
						<edomvd>Unknown</edomvd>
					</edom>
				</attrdomv>
			</attr>
			<attr>
				<attrlabl>LotType</attrlabl>
				<attalias>LotType</attalias>
				<attrtype>String</attrtype>
				<attwidth>1</attwidth>
				<attrdef>A code indicating the location of the tax lot to another tax lot and/or the water.</attrdef>
				<attrdefs>Department of City Planning based on data from: Department of Finance - Mass Appraisal System</attrdefs>
				<attrdomv>
					<edom>
						<edomv>0</edomv>
						<edomvd>Mixed or Unknown</edomvd>
					</edom>
					<edom>
						<edomv>1</edomv>
						<edomvd>Block Assemblage - A tax lot which encompasses an entire block.</edomvd>
					</edom>
					<edom>
						<edomv>2</edomv>
						<edomvd>Waterfront - A tax lot bordering on a body of water. Waterfront lots may contain a small amount of submerged land.</edomvd>
					</edom>
					<edom>
						<edomv>3</edomv>
						<edomvd>Corner - A tax lot bordering on two intersecting streets</edomvd>
					</edom>
					<edom>
						<edomv>4</edomv>
						<edomvd>Through - A tax lot which connects two streets and fronts on both streets. A lot with two frontages is not necessarily a through lot. For example, an L-shaped lot with two frontages would be coded as an Inside Lot (5).</edomvd>
					</edom>
					<edom>
						<edomv>5</edomv>
						<edomvd>Inside - A tax lot which is not an assemblage, waterfront, corner, through, interior, island, alley or submerged lot.</edomvd>
					</edom>
					<edom>
						<edomv>6</edomv>
						<edomvd>Interior Lot - A tax lot that has no street frontage.</edomvd>
					</edom>
					<edom>
						<edomv>7</edomv>
						<edomvd>Island Lot - A tax lot that is entirely surrounded by water.</edomvd>
					</edom>
					<edom>
						<edomv>8</edomv>
						<edomvd>Alley Lot - A tax lot that is too narrow to accommodate a building. The lot is usually 12 feet or less in width.</edomvd>
					</edom>
					<edom>
						<edomv>9</edomv>
						<edomvd>Submerged Land Lot - A tax lot that is totally or almost completely submerged.</edomvd>
					</edom>
				</attrdomv>
			</attr>
			<attr>
				<attrlabl>BsmtCode</attrlabl>
				<attalias>BsmtCode</attalias>
				<attrtype>String</attrtype>
				<attwidth>1</attwidth>
				<attrdef>A code describing the basement type/grade. (All basements in brownstones, high ranches, split-levels and
attached row houses are Above Grade.)</attrdef>
				<attrdefs>Department of City Planning based on data from: Department of Finance - Mass Appraisal System (This information is ONLY available for one, two or three family
structures.)</attrdefs>
				<attrdomv>
					<edom>
						<edomv>0</edomv>
						<edomvd>None/No Basement</edomvd>
					</edom>
					<edom>
						<edomv>1</edomv>
						<edomvd>Full Basement that is Above Grade (The basement is 75% or more of the area of the first floor and the basement walls are at least 4 feet high on at least two sides).</edomvd>
					</edom>
					<edom>
						<edomv>2</edomv>
						<edomvd>Full Basement that is Below Grade (The basement is 75% or more of the area of the first floor and the basement walls are fully submerged or are less than 4 feet on at least three sides).</edomvd>
					</edom>
					<edom>
						<edomv>3</edomv>
						<edomvd>Partial Basement that is Above Grade (The basement is between 25% and 75% of the area of the first floor and the basement walls are at least 4 feet high on at least two sides).</edomvd>
					</edom>
					<edom>
						<edomv>4</edomv>
						<edomvd>Partial Basement that is Below Grade (The basement is between 25% and 75% of the area of the first floor and the basement walls are fully submerged or are less than 4 feet on at least three sides).</edomvd>
					</edom>
					<edom>
						<edomv>5</edomv>
						<edomvd>Unknown.</edomvd>
					</edom>
				</attrdomv>
				<attrvai>
					<attrvae>This information is ONLY available for one, two or three family structures.</attrvae>
				</attrvai>
			</attr>
			<attr>
				<attrlabl>AssessLand</attrlabl>
				<attalias>AssessLand</attalias>
				<attrtype>Float</attrtype>
				<attwidth>19</attwidth>
				<attrdef>The actual assessed land value as of the fiscal year of the date of the DOF data.</attrdef>
				<attrdefs>Department of Finance- RPAD Master File</attrdefs>
				<attrvai>
					<attrvae>The Department of Finance calculates the assessed value by multiplying the tax lot's estimated full market land value, determined as if vacant and unimproved, by a uniform percentage for the property's tax class.</attrvae>
				</attrvai>
				<atnumdec>11</atnumdec></attr>
			<attr>
				<attrlabl>AssessTot</attrlabl>
				<attalias>AssessTot</attalias>
				<attrtype>Float</attrtype>
				<attwidth>19</attwidth>
				<attrdef>The actual assessed total value as of the fiscal year of the date of the DOF data.</attrdef>
				<attrdefs>Department of Finance- RPAD Master File</attrdefs>
				<attrvai>
					<attrvae>The Department of Finance calculates the assessed value by multiplying the tax lot's estimated full market value by a uniform percentage for the property'stax lot's estimated full market value by a uniform percentage for the property's tax class.</attrvae>
				</attrvai>
				<atnumdec>11</atnumdec></attr>
			<attr>
				<attrlabl>ExemptLand</attrlabl>
				<attalias>ExemptLand</attalias>
				<attrtype>Float</attrtype>
				<attwidth>19</attwidth>
				<attrdef>The actual exempt land value, which is determined differently for each exemption program, is that portion of the tax lot that has received an exemption or abatement as of the fiscal year of the date of the DOF data.</attrdef>
				<attrdefs>Department of Finance- RPAD Master File</attrdefs>
				<atnumdec>11</atnumdec></attr>
			<attr>
				<attrlabl>ExemptTot</attrlabl>
				<attalias>ExemptTot</attalias>
				<attrtype>Float</attrtype>
				<attwidth>19</attwidth>
				<attrdef>The actual exempt total value, which is determined differently for each exemption program, is that portion of the tax lot that has received an exemption or abatement as of the fiscal year of the date of the DOF data.</attrdef>
				<attrdefs>Department of Finance- RPAD Master File</attrdefs>
				<atnumdec>11</atnumdec></attr>
			<attr>
				<attrlabl>YearBuilt</attrlabl>
				<attalias>YearBuilt</attalias>
				<attrtype>Number</attrtype>
				<attwidth>9</attwidth>
				<attrdef>The year construction of the building was completed.</attrdef>
				<attrdefs>Department of Finance- RPAD Master File</attrdefs>
			</attr>
			<attr>
				<attrlabl>BuiltCode</attrlabl>
				<attalias>BuiltCode</attalias>
				<attrtype>String</attrtype>
				<attwidth>1</attwidth>
				<attrdomv>
					<edom>
						<edomv>E</edomv>
						<edomvd>Year Built is an Estimate</edomvd>
					</edom>
					<edom>
						<edomv>(blank)</edomv>
						<edomvd>Year Built is not an Estimate</edomvd>
					</edom>
				</attrdomv>
				<attrdef>A code indicating whether the year the building was built (YearBuilt) was an estimate.</attrdef>
				<attrdefs>Department of Finance- RPAD Master File</attrdefs>
			</attr>
			<attr>
				<attrlabl>YearAlter1</attrlabl>
				<attalias>YearAlter1</attalias>
				<attrtype>Number</attrtype>
				<attwidth>9</attwidth>
				<attrdef>The year of the most recent alteration.</attrdef>
				<attrdefs>Department of Finance- RPAD Master File</attrdefs>
				<attrvai>
					<attrvae>If the alteration spanned more than one year, YearAlter1 is the year the alteration began, otherwise it is the year the alteration was completed.  The date can either be the actual date or an estimate.  The Department of Finance defines modifications to the structure that, according to the assesor, changes the value of the real property.</attrvae>
				</attrvai>
			</attr>
			<attr>
				<attrlabl>YearAlter2</attrlabl>
				<attalias>YearAlter2</attalias>
				<attrtype>Number</attrtype>
				<attwidth>9</attwidth>
				<attrdef>The year of the second most recent alteration.</attrdef>
				<attrdefs>Department of Finance- RPAD Master File</attrdefs>
				<attrvai>
					<attrvae>If the alteration spanned more than one year, YearAlter2 is the year the alteration began, otherwise it is the year the alteration was completed.  The date can either be the actual date or an estimate.  The Department of Finance defines modifications to the structure that, according to the assesor, changes the value of the real property.</attrvae>
				</attrvai>
			</attr>
			<attr>
				<attrlabl>HistDist</attrlabl>
				<attalias>HistDist</attalias>
				<attrtype>String</attrtype>
				<attwidth>1</attwidth>
				<attrdef>The name of the historic district as designated by the New York City Landmarks Preservation Commission.</attrdef>
				<attrdefs>Department of Buildings</attrdefs>
			</attr>
			<attr>
				<attrlabl>Landmark</attrlabl>
				<attalias>Landmark</attalias>
				<attrtype>String</attrtype>
				<attwidth>35</attwidth>
				<attrdef>The name of an individual landmark, landmark site (e.g. Richmondtown Restoration), or an interior landmark, as designated by the New York City Landmarks Preservation Commission.</attrdef>
				<attrdefs>Department of City Planning based on data from: Landmarks Preservation Commission - Guide to New York City Landmarks ,Landmarks Preservation Commission Press Releases</attrdefs>
			</attr>
			<attr>
				<attrlabl>BuiltFAR</attrlabl>
				<attalias>BuiltFAR</attalias>
				<attrtype>Float</attrtype>
				<attwidth>19</attwidth>
				<attrdef>The Built Floor Area Ratio (FAR) is the total building floor area divided by the area of the tax lot.</attrdef>
				<attrdefs>Department of City Planning based on data from: Department of Finance- RPAD Master File</attrdefs>
				<attrvai>
					<attrvae>The calculation by City Planning is based on rough building and lot measurements provided by the Department of Finance.  FAR is calculated using the TotlArea and the LotArea.  The LotArea contains street beds when the lot contains paper streets.</attrvae>
				</attrvai>
				<atnumdec>11</atnumdec></attr>
			<attr>
				<attrlabl>MaxAllwFAR</attrlabl>
				<attalias>MaxAllwFAR</attalias>
				<attrtype>Float</attrtype>
				<attwidth>19</attwidth>
				<attrdef>Either the Maximum Allowable Residential Floor Area Ratio (FAR) or the Maximum Allowable Commercial FAR.</attrdef>
				<attrvai>
					<attrvae>The Maximum Allowable Floor Area Ratios are exclusive of bonuses for plazas, plaza-connected open areas, arcades or other amenities.</attrvae>
				</attrvai>
				<attrdomv>
					<edom>
						<edomvd>If AllZoning1 begins with M or C and Maximum Allowable Commercial FAR is greater than or equal to the Maimum Allowable Residential FAR then the Maximum Allowable Commercial FAR is displayed.</edomvd>
					</edom>
					<edom>
						<edomvd>If AllZoning1 begins with M or C and Maximum Allowable Residential FAR is greater than the Maximum Allowable Commercial FAR then the Maximum Allowable Residential FAR is displayed</edomvd>
					</edom>
					<edom>
						<edomvd>If AllZoning1 begins with R then the Maximum Allowable Residential FAR is displayed.</edomvd>
					</edom>
				</attrdomv>
				<attrdefs>Department of City Planning based on data from: Department of Finance- RPAD Master File, Department of City Planning - Zoning Resolution Map</attrdefs>
				<atnumdec>11</atnumdec></attr>
			<attr>
				<attrlabl>BoroCode</attrlabl>
				<attalias>BoroCode</attalias>
				<attrtype>Float</attrtype>
				<attwidth>19</attwidth>
				<attrdomv>
					<edom>
						<edomv>1</edomv>
						<edomvd>Manhattan</edomvd>
					</edom>
					<edom>
						<edomv>2</edomv>
						<edomvd>Bronx</edomvd>
					</edom>
					<edom>
						<edomv>3</edomv>
						<edomvd>Brooklyn</edomvd>
					</edom>
					<edom>
						<edomv>4</edomv>
						<edomvd>Queens</edomvd>
					</edom>
					<edom>
						<edomv>5</edomv>
						<edomvd>Staten Island</edomvd>
					</edom>
				</attrdomv>
				<attrdef>The borough the tax lot is located in.</attrdef>
				<attrdefs>Deparment of City Planning based on data from: Department of Finance- RPAD Master File</attrdefs>
				<attrvai>
					<attrvae>Two portions of the city, Marble Hill and Rikers Island, are each loegally located in one borough but are serviced by different broughs.  The BOROCODE associated with these areas are the boroughs they are legally located in.  Specifically, Marble Hill is serviced by the Bronx but is legally located in Manhattan and has a Manhattan BOROCODE.  Rikers Island has a Bronx BOROCODE because it is legally located in the Bronx although it is serviced by Queens.</attrvae>
				</attrvai>
			</attr>
			<attr>
				<attrlabl>BBL</attrlabl>
				<attalias>BBL</attalias>
				<attrtype>String</attrtype>
				<attwidth>10</attwidth>
				<attrdef>A concatenation of the BoroCode, TaxBlock and the corresponding TaxLot.  This field consists of the tax block followed by the tax lot. The tax block is one to five numeric digits, preceded with leading blanks when the block is less than five digits. The tax lot is one to four digits and is preceded with leading zeros when the lot is less than four digits. The tax block is one to five digits and is preceded with leading zeros when the lot is less than five digits.</attrdef>
				<attrdefs>Department of City Plannig based on data from: Department of Finance- RPAD Master File</attrdefs>
				<attrdomv/>
				<atnumdec>11</atnumdec></attr>
			<attr>
				<attrlabl>CondoNo</attrlabl>
				<attalias>CondoNo</attalias>
				<attrtype>Number</attrtype>
				<attwidth>5</attwidth>
				<attrdef>The condominium number assigned to the complex.</attrdef>
				<attrdefs>Department of Finance- RPAD Master File</attrdefs>
			</attr>
			<attr>
				<attrlabl>Tract2000</attrlabl>
				<attalias>Tract2000</attalias>
				<attrtype>String</attrtype>
				<attwidth>6</attwidth>
				<attrdef>The 2000 census tract that the tax lot is located in.</attrdef>
				<attrdefs>Department of City Planning- Geosupport System</attrdefs>
				<attrvai>
					<attrvae>2000 Census Tracts geographic areas defined by the US Census Bureau for the 2000 Census.</attrvae>
				</attrvai>
			</attr>
			<attr>
				<attrlabl>XCoord</attrlabl>
				<attalias>XCoord</attalias>
				<attrtype>Float</attrtype>
				<attwidth>19</attwidth>
				<attrdef>The X coordinate of the XY coordinate pair which depicts the approximate location of the address.</attrdef>
				<attrdefs>Department of City Planning- Geosupport System</attrdefs>
				<attrvai>
					<attrvae>The XY coordinates are expressed in the New York- Long Island State Plane Coordinate System (NAD83).  Currently, the XY coordinates are not available for properties fronting on curved streets.</attrvae>
				</attrvai>
			</attr>
			<attr>
				<attrlabl>YCoord</attrlabl>
				<attalias>YCoord</attalias>
				<attrtype>Float</attrtype>
				<attwidth>19</attwidth>
				<attrdef>The Y coordinate of the XY coordinate pair which depicts the approximate location of the address.</attrdef>
				<attrdefs>Department of City Planning- Geosupport System</attrdefs>
				<attrvai>
					<attrvae>The XY coordinates are expressed in the New York- Long Island State Plane Coordinate System (NAD83).  Currently, the XY coordinates are not available for properties fronting on curved streets.</attrvae>
				</attrvai>
			</attr>
			<attr>
				<attrlabl>ZoneMap</attrlabl>
				<attalias>ZoneMap</attalias>
				<attrtype>String</attrtype>
				<attwidth>3</attwidth>
				<attrdef>The Department of City Planning Zoning Map Number associated with the tax lot's X and Y coordinates.</attrdef>
				<attrdefs>Department of City Planning - Geosupport System</attrdefs>
			</attr>
			<attr>
				<attrlabl>Sanborn</attrlabl>
				<attalias>Sanborn</attalias>
				<attrtype>String</attrtype>
				<attwidth>9</attwidth>
				<attrdef>The Sanborn Map Company map number associated with the tax block and lot.  Sanborn map number format is Borough Code / Volume Number / Page Number.</attrdef>
				<attrdefs>Department of City Planning - Geosupport System</attrdefs>
			</attr>
			<attr>
				<attrlabl>TaxMap</attrlabl>
				<attalias>TaxMap</attalias>
				<attrtype>String</attrtype>
				<attwidth>7</attwidth>
				<attrdef>The Department of Finance map number associated with the tax block and lot.  Tax map number format is Borough Code / Volume Number / Page Number.</attrdef>
				<attrdefs>Department of City Planning - Geosupport System</attrdefs>
			</attr>
			<attr>
				<attrlabl>EDesigNum</attrlabl>
				<attalias>EDesigNum</attalias>
				<attrtype>String</attrtype>
				<attwidth>5</attwidth>
				<attrdef>The E-Designation number assigned to the tax lot.</attrdef>
				<attrdefs>Department of City Planning - Zoning Resolution</attrdefs>
			</attr>
			<attr>
				<attrlabl>PLUTOMapID</attrlabl>
				<attalias>PLUTOMapID</attalias>
				<attrtype>String</attrtype>
				<attwidth>1</attwidth>
				<attrdomv>
					<edom>
						<edomv>1</edomv>
						<edomvd>In PLUTO Data File and in Tax Block and Lot Not Clipped to the Shoreline File.</edomvd>
					</edom>
					<edom>
						<edomvd>In PLUTO Data File Only</edomvd>
						<edomv>2</edomv>
					</edom>
					<edom>
						<edomvd>In Tax Block and Lot Clipped to the Shoreline File Only</edomvd>
						<edomv>3</edomv>
					</edom>
					<edom>
						<edomv>4</edomv>
						<edomvd>In PLUTO Data File and in COGIS Tax Block and Lot Not Clipped to the Shoreline File but NOT in Tax Block and Lot Clipped to the Shoreline File, therefore the tax lot is totally under water</edomvd>
					</edom>
					<edom>
						<edomvd>In Tax Block and Lot Not Clipped to the Shoreline File Only, therefore the tax lot is totally under water</edomvd>
						<edomv>5</edomv>
					</edom>
				</attrdomv>
				<attrdef>A code indicating whether the tax lot is in the PLUTO file and/or the Tax Block and Lot Clipped to the Shoreline File and/or Tax Block and Lot Not Clipped to the Shoreline File.</attrdef>
				<attrdefs>Department of City Planning based on data from: Department of City Planning PLUTO Data File, Department of City Planning- Tax Block and Lot Files</attrdefs>
				<attrvai>
					<attrvae>The tax lot will not appear on the Department of City Planning Tax Block and Lot Files if the lot is found only in the PLUTO data file.  If the tax lot has a COGIS PLUTO Indicator of 3 or 5, the PLUTO record will only contain data in the borough, tax block, tax lot, community district and COGIS PLUTO Indicator fields.  Usually, these tax lots are psuedo lots created by DCP for street malls (e.g. Broadway Malls, Queens Blvd.) or tax lots totally under water.</attrvae>
				</attrvai>
			</attr>
			<attr>
				<attrlabl>Version</attrlabl>
				<attalias>Version</attalias>
				<attrtype>String</attrtype>
				<attwidth>3</attwidth>
				<attrdef>The version of MapPLUTO.</attrdef>
				<attrdefs>Department of City Planning</attrdefs>
			</attr>
			<attr><attrlabl>SHAPE_Leng</attrlabl><attalias>SHAPE_Leng</attalias><attrtype>Float</attrtype><attwidth>19</attwidth><atnumdec>11</atnumdec></attr><attr><attrlabl>SHAPE_Area</attrlabl><attalias>SHAPE_Area</attalias><attrtype>Float</attrtype><attwidth>19</attwidth><attrdef>Area of feature in internal units squared.</attrdef><attrdefs>ESRI</attrdefs><attrdomv><udom>Positive real numbers that are automatically generated.</udom></attrdomv><atnumdec>11</atnumdec></attr></detailed>
	</eainfo>
	<distinfo>
		<distrib>
			<cntinfo>
				<cntorgp>
					<cntorg>NYC Department of City Planning</cntorg>
				</cntorgp>
				<cntaddr>
					<addrtype>mailing and physical address</addrtype>
					<address>22 Reade St</address>
					<city>New York</city>
					<state>New York</state>
					<postal>10007</postal>
					<country>USA</country>
				</cntaddr>
				<cntinst>Available at the following website: http://www.nyc.gov/html/dcp/html/bytes/applbyte.html</cntinst>
				<cntvoice>212.720.3505</cntvoice>
			</cntinfo>
		</distrib>
		<stdorder>
			<fees> Free </fees>
			<digform><digtinfo><formname>ESRI Shapefile</formname><formspec>zip</formspec></digtinfo></digform></stdorder>
		<resdesc>bkmappluto_05d</resdesc>
	</distinfo>
	<metainfo>
		<metc>
			<cntinfo>
				<cntorgp>
					<cntorg>Research Data Services (RDS), Columbia University Libraries</cntorg>
					<cntper>GIS/Metadata Librarian</cntper>
				</cntorgp>
				<cntaddr>
					<addrtype>mailing address</addrtype>
					<address>420 W. 118th St., 215 IAB, MC 3301</address>
					<city>New York</city>
					<state>NY</state>
					<postal>10027</postal>
					<country>USA</country>
				</cntaddr>
				<cntvoice>(212)854-6012</cntvoice>
				<cntemail>data@library.columbia.edu</cntemail>
			</cntinfo>
		</metc>
		<metd>20140327</metd>
	</metainfo>
</metadata>
