<?xml version="1.0" encoding="ISO-8859-1"?>
<!DOCTYPE metadata SYSTEM "http://www.fgdc.gov/metadata/fgdc-std-001-1998.dtd">
<metadata>
	<idinfo>
		<citation>
			<citeinfo>
				<origin>International Steering Committee for Global Mapping (ISCGM)</origin>
				<pubdate>2007</pubdate>
				<title>Brazil Aqueducts, Canals, Flumes and Penstocks, 2007</title>
				<geoform>vector digital data</geoform>
				<onlink>http://www.columbia.edu/acis/eds/gis/images/bra_aquecanl.zip</onlink>
			</citeinfo>
		</citation>
		<descript>
			<abstract>Brazil Aqueducts, Canals, Flumes and Penstocks is a line theme representing  those inland water features in Brazil.  This layer is a component of the Global Map,  a 1:1,000,000 scale framework dataset of the world. It consists of vector and raster layers of transport, administrative boundaries, drainage, elevation, vegetation, land use and land cover data. The data were prepared from information provided by national mapping and other organizations worldwide.</abstract>
			<purpose>The concept of Global Mapping, and the establishment of an international body for
Global Mapping, was first proposed by the Ministry of Construction of Japan (MOC) in
1992; and in 1994 the Geographical Survey Institute of Japan (GSI) proposed the first
draft Map Specifications. The project currently involves the participation of many
interested nations.
The main objective of this global project is to bring all nations and concerned
organizations together to develop and provide easy and open access to global digital
geographic information at a scale of 1:1 million. This would be used to facilitate the
implementation of global agreements and conventions for environmental protection,
for monitoring of major environmental phenomena and to encourage economic
growth within the context of sustainable development. As part of this objective, a
Global Map product will be developed to this specification.
The Global Map will also contribute to the development of a Global Spatial Data
Infrastructure.</purpose>
		</descript>
		<timeperd>
			<timeinfo>
				<sngdate>
					<caldate>2007</caldate>
				</sngdate>
			</timeinfo>
			<current>publication date</current>
		</timeperd>
		<status>
			<progress>Complete</progress>
			<update>Unknown</update>
		</status>
		<spdom>
			<bounding>
				<westbc>
-52.489319</westbc>
				<eastbc>
-39.738537</eastbc>
				<northbc>
-0.246450</northbc>
				<southbc>
-31.891735</southbc>
			</bounding>
		</spdom>
		<keywords>
			<theme>
				<themekt>ISO 19115 Topic Categories</themekt>
				<themekey>transportation</themekey>
				<themekey>inlandWaters</themekey>
				<themekey>structure</themekey>
			</theme>
			<theme>
				<themekt>None</themekt>
				<themekey>Aqueducts</themekey>
				<themekey>Canals</themekey>
				<themekey>Flumes</themekey>
				<themekey>Penstocks</themekey>
			</theme>
			<place>
				<placekt>Library of Congress Subject Headings</placekt>
				<placekey>Brazil</placekey>
			</place>
			<temporal>
				<tempkt>None</tempkt>
				<tempkey>2007</tempkey>
			</temporal>
		</keywords>
		<accconst>None</accconst>
<useconst>None</useconst>
		<ptcontac>
			<cntinfo>
				<cntorgp>
					<cntorg>Geographical Survey Institute</cntorg>
					<cntper>Global Map Secretariat</cntper>
				</cntorgp>
				<cntaddr>
					<addrtype>mailing and physical address</addrtype>
					<address>Geographical Survey Institute, Kitasato 1</address>
					<city>Tsukuba</city>
					<state>Ibaraki</state>
					<postal>305-0811</postal>
					<country>JAPAN</country>
				</cntaddr>
				<cntvoice>+81-29-864-6910</cntvoice>
				<cntemail>sec@iscgm.org</cntemail>
			</cntinfo>
		</ptcontac>
		<browse>
			<browsen>http://www.columbia.edu/acis/eds/gis/pix/cat/bra_aquecanl.jpg</browsen>
			<browsed>Thumbnail Image</browsed>
			<browset>JPEG</browset>
		</browse>
		<native>Microsoft Windows XP Version 5.1 (Build 2600) Service Pack 3; ESRI ArcCatalog 9.3.1.3000</native>
	</idinfo>
	<dataqual>
		<attracc>
			<attraccr>Completeness is a measure of the degree to which all features listed in the technical specification have been captured, in accordance with the selection criteria, definitions and other rules specified. All instances of a feature and its attribute values that meet the selection criteria and appear on the source materials are captured. The data is generalized so the selection of features is to some extent subjective.</attraccr>
		</attracc>
		<logic>Logical consistency is a measure of the degree to which data complies with the technical specification. Logical consistency was validated by tests to check that table and file names are set out as in the Data Dictionary. Graphical tests checking such things as intersections, polygon closure, minimum sizes of polygons and length of linear features were also carried out.</logic>
		<complete>Completeness is a measure of the degree to which all features listed in the technical specification have been captured, in accordance with the selection criteria, definitions and other rules specified. All instances of a feature and its attribute values that meet the selection criteria and appear on the source materials are captured. The data is generalized so the selection of features is to some extent subjective.</complete>
		<posacc>
			<horizpa>
				<horizpar>For horizontal accuracy, 90% of points will be within 2km of their actual
location. In the case of data obtained from satellite images, the maximum error
is less than or equal to 0.5km.</horizpar>
			</horizpa>
			<vertacc>
				<vertaccr>Vertical accuracy is notionally  within 150 meters for 90% of points. This figure may
need to be reviewed once the data are available, as sources to this accuracy
may not be available in areas of high relief</vertaccr>
			</vertacc>
		</posacc>
	</dataqual>
	<spdoinfo>
		<direct>Vector</direct>
		<ptvctinf>
			<sdtsterm>
				<sdtstype>String</sdtstype>
				<ptvctcnt>341</ptvctcnt>
			</sdtsterm>
		</ptvctinf>
	</spdoinfo>
	<spref>
		<horizsys>
			<geograph>
				<latres>0.000000</latres>
				<longres>0.000000</longres>
				<geogunit>Decimal degrees</geogunit>
			</geograph>
			<geodetic>
				<horizdn>D_WGS_1984</horizdn>
				<ellips>WGS_1984</ellips>
				<semiaxis>6378137.000000</semiaxis>
				<denflat>298.257224</denflat>
			</geodetic>
		</horizsys>
		<vertdef>
			<altsys>
				<altres>0.000100</altres>
				<altenc>Explicit elevation coordinate included with horizontal coordinates</altenc>
			</altsys>
		</vertdef>
	</spref>
	<eainfo>
		<detailed>
			<enttyp>
				<enttypl>
bra_aquecanl</enttypl>
				<enttypd>A pipe or artificial channel designed to transport water from a remote source, usually by gravity. A man-made or improved natural waterway used for transportation. An open, inclined channel which carries water for use in such operations as mining or logging. A pipeline or channel generally used by hydroelectric plants or water mills to transport water by gravity or under pressure.</enttypd>
			</enttyp>
			<attr>
				<attrlabl>FID</attrlabl>
				<attrdef>Internal feature number.</attrdef>
				<attrdefs>ESRI</attrdefs>
				<attrdomv>
					<udom>Sequential unique whole numbers that are automatically generated.</udom>
				</attrdomv>
			</attr>
			<attr>
				<attrlabl>Shape</attrlabl>
				<attrdef>Feature geometry.</attrdef>
				<attrdefs>ESRI</attrdefs>
				<attrdomv>
					<udom>Coordinates defining the features.</udom>
				</attrdomv>
			</attr>
			<attr>
				<attrlabl>f_code</attrlabl>
				<attrdef>FACC FEATURE CODE</attrdef>
			</attr>
			<attr>
				<attrlabl>f_code_des</attrlabl>
				<attrdef>FACC FEATURE CODE (description)</attrdef>
			</attr>
			<attr>
				<attrlabl>exs</attrlabl>
				<attrdef>EXISTENCE CATEGORY</attrdef>
				<attrdomv>
					<edom>
						<edomv>0</edomv>
						<edomvd>Unknown</edomvd>
					</edom>
					<edom>
						<edomv>1</edomv>
						<edomvd>Definite</edomvd>
					</edom>
					<edom>
						<edomv>5</edomv>
						<edomvd>Under Construction</edomvd>
					</edom>
					<edom>
						<edomv>6</edomv>
						<edomvd>Abandoned/Disused</edomvd>
					</edom>
				</attrdomv>
			</attr>
			<attr>
				<attrlabl>exs_descri</attrlabl>
				<attrdef>EXISTENCE CATEGORY (description)</attrdef>
			</attr>
			<attr>
				<attrlabl>loc</attrlabl>
				<attrdef>LOCATION CATEGORY</attrdef>
				<attrdomv>
					<edom>
						<edomv>0</edomv>
						<edomvd>Unknown</edomvd>
					</edom>
					<edom>
						<edomv>4</edomv>
						<edomvd>Below Surface/Submerged Underground</edomvd>
					</edom>
					<edom>
						<edomv>8</edomv>
						<edomvd>On ground surface</edomvd>
					</edom>
					<edom>
						<edomv>25</edomv>
						<edomvd>Suspended or Elevated Above Ground or Water Surface</edomvd>
					</edom>
				</attrdomv>
			</attr>
			<attr>
				<attrlabl>loc_descri</attrlabl>
				<attrdef>LOCATION CATEGORY (description)</attrdef>
			</attr>
			<attr>
				<attrlabl>soc</attrlabl>
				<attrdef>Source Country or VMA</attrdef>
			</attr>
			<attr>
				<attrlabl>tile_id</attrlabl>
			</attr>
			<attr>
				<attrlabl>edg_id</attrlabl>
			</attr>
		</detailed>
	</eainfo>
	<distinfo>
		<distrib>
			<cntinfo>
				<cntorgp>
					<cntorg>Geographical Survey Institute</cntorg>
					<cntper>Global Map Secretariat</cntper>
				</cntorgp>
				<cntaddr>
					<addrtype>mailing and physical address</addrtype>
					<address>Geographical Survey Institute, Kitasato 1</address>
					<city>Tsukuba</city>
					<state>Ibaraki</state>
					<postal>305-0811</postal>
					<country>JAPAN</country>
				</cntaddr>
				<cntvoice>+81-29-864-6910</cntvoice>
				<cntfax>+81-29-864-6923</cntfax>
				<cntemail>sec@iscgm.org</cntemail>
			</cntinfo>
		</distrib>
		<resdesc>global_mapping_bra_aquecanl</resdesc>
		<stdorder>
			<digform>
				<digtinfo>
					<formname>Shapefile</formname>
					<formspec>zip</formspec>
					<transize>0.074</transize>
				</digtinfo>
			</digform>
		</stdorder>
	</distinfo>
	<metainfo>
		<metd>20090903</metd>
		<metc>
			<cntinfo>
				<cntorgp>
					<cntorg>Digital Social Science Center (DSSC), Columbia University Libraries</cntorg>
					<cntper>GIS/Metadata Librarian</cntper>
				</cntorgp>
				<cntaddr>
					<addrtype>mailing and physical address</addrtype>
					<address>420 W. 118th St., 215 IAB, MC 3301</address>
					<city>New York</city>
					<state>NY</state>
					<postal>10027</postal>
				</cntaddr>
				<cntvoice>(212)854-6012</cntvoice>
				<cntemail>dssc.data@columbia.edu</cntemail>
			</cntinfo>
		</metc>
		<metstdn>FGDC Content Standards for Digital Geospatial Metadata</metstdn>
		<metstdv>FGDC-STD-001-1998</metstdv>
		<mettc>local time</mettc>
		<metextns>
			<onlink>http://www.esri.com/metadata/esriprof80.html</onlink>
			<metprof>ESRI Metadata Profile</metprof>
		</metextns>
	</metainfo>
	<Esri><ModDate>20090910</ModDate><ModTime>13542100</ModTime></Esri><mdDateSt Sync="TRUE">20090910</mdDateSt></metadata>
