<?xml version="1.0" encoding="UTF-8"?>
<metadata xml:lang="en">
	<idinfo>
		<spdom>
			<bounding>
				<westbc>-73.959819</westbc>
				<eastbc>-73.857057</eastbc>
				<northbc>40.924316</northbc>
				<southbc>40.796548</southbc>
			</bounding>
		</spdom>
		<ptcontac>
			<cntinfo>
				<cntpos>GIS/Map Librarian</cntpos>
				<cntaddr>
					<addrtype>mailing and physical address</addrtype>
					<address>420 W. 118th St. 215 IAB, MC 3301</address>
					<city>New York</city>
					<state>NY</state>
					<postal>10027</postal>
					<country>USA</country>
				</cntaddr>
				<cntvoice>(212) 854-6012</cntvoice>
				<cntemail>data@library.columbia.edu</cntemail>
				<cntorgp>
					<cntorg>Digital Social Science Center, Columbia University Libraries.</cntorg>
				</cntorgp>
			</cntinfo>
		</ptcontac>
		<citation>
			<citeinfo>
				<origin>Digital Social Science Center, Columbia University Libraries</origin>
				<pubdate>2012</pubdate>
				<geoform>vector digital data</geoform>
				<onlink>http://www.columbia.edu/acis/eds/gis/images/bronx1873_land.zip</onlink>
				<origin>New York (N.Y.). Dept. of Parks. </origin>
				<pubinfo>
					<pubplace>New York</pubplace>
					<publish>Columbia University Libraries</publish>
				</pubinfo>
				<title>Bronx Land Area, 1873</title></citeinfo>
		</citation>
		<keywords>
			<temporal>
				<tempkey>2012</tempkey>
				<tempkt>None</tempkt>
				<tempkey>1873</tempkey>
			</temporal>
			<place>
				<placekey>Bronx (New York, N.Y.)</placekey>
				<placekt>Library of Congress Subject Headings</placekt>
				<placekey>New York (N.Y.)</placekey>
			</place>
			<theme>
				<themekey>New York (N.Y.)--Maps. </themekey>
				<themekey>Manhattan (New York, N.Y.)--Maps. </themekey>
				<themekt>Library of Congress Subject Headings</themekt>
				<themekey>Bronx (New York, N.Y.)--Maps. </themekey>
			</theme>
			<theme>
				<themekt>ISO 19115 Topic Categories</themekt>
				<themekey>imageryBaseMapsEarthCover</themekey>
			</theme>
		</keywords>
		<descript>
			<abstract>Bronx 1873 Land Area is a polygon theme representing land area in the Bronx in 1873.  The features were digitized from the map series entitled "Topographical map made from surveys by the commissioners of the Department of Public Parks of the city of New York of that part of Westchester County adjacent to the City and County of New York embraced in chapter 534 of laws of 1871 as amended by chapter 878 of laws of 1872 " published in 1873 from the New York department of Parks.</abstract>
			<purpose>This map set was digitized for general use.  This dataset may be used in a GIS.</purpose>
		</descript>
		<timeperd>
			<timeinfo>
				<sngdate>
					<caldate>1873</caldate>
				</sngdate>
			</timeinfo>
			<current>ground condition</current>
		</timeperd>
		<status>
			<progress>Complete</progress>
			<update>None planned</update>
		</status>
		<accconst>None</accconst>

		<useconst>None</useconst>
		<browse>
			<browsen>http://www.columbia.edu/acis/eds/gis/pix/cat/bronx1873_land.jpg</browsen>
			<browsed>Thumbnail</browsed>
			<browset>JPEG</browset>
		</browse>
	</idinfo>
	<dataqual>
		<lineage>
			<srcinfo>
				<srccite>
					<citeinfo>
						<origin>New York (N.Y.). Dept. of Parks. </origin>
						<pubdate>1873</pubdate>
						<title>Topographical map made from surveys by the commissioners of the Department of Public Parks of the City of New York of that part of Westchester County adjacent to the City and County of New York embraced by chapter 534 of laws of 1871 as amended by chapter 878 of laws of 1872 / Department of Public Parks, City of new York, March 8th, 1873.</title>
						<geoform>map</geoform>
						<pubinfo>
							<pubplace>New York </pubplace>
							<publish>The Dept.?</publish>
						</pubinfo>
						<othercit>15 leaves : maps, plans ; 69 x 78 cm.</othercit>
					</citeinfo>
				</srccite>
				<srcscale>12000</srcscale>
				<typesrc>paper</typesrc>
				<srctime>
					<timeinfo>
						<sngdate>
							<caldate>1873</caldate>
						</sngdate>
					</timeinfo>
					<srccurr>publication date</srccurr>
				</srctime>
				<srccitea>Bronx 1873</srccitea>
				<srccontr>All data</srccontr>
			</srcinfo>
			<procstep>
				<proccont>
					<cntinfo>
						<cntorgp>
							<cntorg>Digital Social Science Center, Columbia University Libraries.</cntorg>
							<cntper>GIS/Map Librarian</cntper>
						</cntorgp>
						<cntaddr>
							<addrtype>mailing and physical address</addrtype>
							<address>420 W. 118th St. 215 IAB, MC 3301</address>
							<city>New York</city>
							<state>NY</state>
							<postal>10027</postal>
							<country>USA</country>
						</cntaddr>
						<cntvoice>(212) 854-6012</cntvoice>
						<cntemail>data@library.columbia.edu</cntemail>
					</cntinfo>
				</proccont>
				<procdesc>All features were digitized by hand, using ArcMap 10, by DSSC staff.</procdesc>
				<srcused>Bronx 1873</srcused>
				<procdate>2012</procdate>
			</procstep>
		</lineage>
	</dataqual>
	<spref>
		<horizsys>
			<planar>
				<mapproj>
					<mapprojn>Lambert Conformal Conic</mapprojn>
					<lambertc>
						<stdparll>40.666667</stdparll>
						<stdparll>41.033333</stdparll>
						<longcm>-74.000000</longcm>
						<latprjo>40.166667</latprjo>
						<feast>984250.000000</feast>
						<fnorth>0.000000</fnorth>
					</lambertc>
				</mapproj>
				<planci>
					<plance>coordinate pair</plance>
					<plandu>survey feet</plandu>
				</planci>
			</planar>
			<geodetic>
				<horizdn>North American Datum of 1983</horizdn>
				<ellips>Geodetic Reference System 80</ellips>
				<semiaxis>6378137.000000</semiaxis>
				<denflat>298.257222</denflat>
			</geodetic>
		</horizsys>
	</spref>
	<spdoinfo>
		<ptvctinf>
			<esriterm>
				<efeatyp>Simple</efeatyp>
				<efeageom code="3">
				</efeageom>
				<esritopo>FALSE</esritopo>
				<efeacnt>0</efeacnt>
				<spindex>TRUE</spindex>
				<linrefer>FALSE</linrefer>
			</esriterm>
			<sdtsterm><sdtstype>G-polygon</sdtstype><ptvctcnt>44</ptvctcnt></sdtsterm></ptvctinf>
		<direct>Vector</direct>
	</spdoinfo>
	<eainfo>
		<detailed Name="aquaduct">
			<enttyp>
				<enttypt>Feature Class</enttypt>
				<enttypc>0</enttypc>
				<enttypl>land</enttypl><enttypd>land</enttypd></enttyp>
			<attr>
				<attrlabl>OBJECTID</attrlabl>
				<attalias>OBJECTID</attalias>
				<attrtype>OID</attrtype>
				<attwidth>4</attwidth>
				<atprecis>0</atprecis>
				<attscale>0</attscale>
				<attrdef>Internal feature number.</attrdef>
				<attrdefs>ESRI</attrdefs>
				<attrdomv>
					<udom>Sequential unique whole numbers that are automatically generated.</udom>
				</attrdomv>
			</attr>
			<attr>
				<attrlabl>Shape</attrlabl>
				<attalias>Shape</attalias>
				<attrtype>Geometry</attrtype>
				<attwidth>0</attwidth>
				<atprecis>0</atprecis>
				<attscale>0</attscale>
				<attrdef>Feature geometry.</attrdef>
				<attrdefs>ESRI</attrdefs>
				<attrdomv>
					<udom>Coordinates defining the features.</udom>
				</attrdomv>
			</attr>
			<attr>
				<attrlabl>ID</attrlabl>
				<attalias>ID</attalias>
				<attrtype>String</attrtype>
				<attwidth>150</attwidth>
				<atprecis>0</atprecis>
				<attscale>0</attscale>
			</attr>
			<attr>
				<attrlabl>Shape_Length</attrlabl>
				<attalias>Shape_Length</attalias>
				<attrtype>Double</attrtype>
				<attwidth>8</attwidth>
				<atprecis>0</atprecis>
				<attscale>0</attscale>
				<attrdef>Perimeter of feature in internal units.</attrdef>
				<attrdefs>ESRI</attrdefs>
				<attrdomv>
					<udom>Positive real numbers that are automatically generated.</udom>
				</attrdomv>
			</attr>
			<attr>
				<attrlabl>Shape_Area</attrlabl>
				<attalias>Shape_Area</attalias>
				<attrtype>Double</attrtype>
				<attwidth>8</attwidth>
				<atprecis>0</atprecis>
				<attscale>0</attscale>
				<attrdef>Area of feature in internal units.</attrdef>
				<attrdefs>ESRI</attrdefs>
				<attrdomv>
					<udom>Positive real numbers that are automatically generated.</udom>
				</attrdomv>
			</attr>
		</detailed>
	</eainfo>
	<distinfo>
		<distrib>
			<cntinfo>
				<cntorgp>
					<cntorg>Digital Social Science Center, Columbia University Libraries</cntorg>
				</cntorgp>
				<cntpos>GIS/Map Librariab</cntpos>
				<cntaddr>
					<addrtype>mailing and physical address</addrtype>
					<address>420 W. 118th St.</address>
					<city>New York</city>
					<state>NY</state>
					<postal>10027</postal>
					<country>USA</country>
				</cntaddr>
				<cntvoice>(212)854-6012</cntvoice>
				<cntemail>data@library.columbia.edu</cntemail>
			</cntinfo>
		</distrib>
		<resdesc>dssc_bronx1873_land</resdesc>
		<stdorder>
			<digform>
				<digtinfo>
					<formname>ESRI shapefile</formname>
					<formspec>zip</formspec>
				</digtinfo>
			</digform>
		</stdorder>
	</distinfo>
	<metainfo>
		<metc>
			<cntinfo>
				<cntorgp>
					<cntorg>Digital Social Science Center, Columbia University Libraries.</cntorg>
				</cntorgp>
				<cntpos>GIS/Metadata Librarian</cntpos>
				<cntaddr>
					<addrtype>mailing and physical address</addrtype>
					<address>420 W. 118th St. 215 IAB, MC 3301</address>
					<city>New York</city>
					<state>NY</state>
					<postal>10027</postal>
					<country>USA</country>
				</cntaddr>
				<cntvoice>(212) 854-6012</cntvoice>
				<cntemail>data@library.columbia.edu</cntemail>
			</cntinfo>
		</metc>
		<metd>20130214</metd>
		<metstdn>FGDC Content Standards for Digital Geospatial Metadata</metstdn>
		<metstdv>FGDC-STD-001-1998</metstdv>
	</metainfo>
</metadata>
