<?xml version="1.0"?>
<metadata>
<idinfo>
<keywords>
<theme>
<themekt>ISO 19115 Topic Category</themekt>
<themekey>planningCadastre</themekey>
</theme>
<place>
<placekt>None</placekt>
<placekey>Pennsylvania</placekey>
</place>
<temporal>
<tempkt>None</tempkt>
<tempkey>2017</tempkey>
</temporal>
</keywords>
<spdom>
<bounding>
<westbc>-80.519891</westbc>
<eastbc>-74.689516</eastbc>
<northbc>42.26986</northbc>
<southbc>39.7198</southbc>
</bounding>
</spdom>
<descript>
<abstract>Pennsylvania Tax Pacels, 2017 is a polygon theme representing tax parcels and lots in various Pennsylvania counties from the year 2006-2017. The counties included are Adams, Allegheny, Berks, Berks, Blair, Bucks, Butler, Cameron, Carbon, Centre, Chester, Clinton, Columbia, Cumberland, Dauphin, Delaware, Forest, Fulton, Huntingdon, Juniata, Lackawanna, Lancaster, Lebanon, Lehigh, Luzerne, Lycoming, Mercer, Mifflin, Monroe, Montgomery, Northampton, Northumberland, Perry, Philadelphia, Pike, Potter, Schuylkill, Snyder, Union, Venango, Wayne, Westmoreland, Wyoming, York. Attribute information typically includes details regarding the address, ownership and valuation of the lot as well as information regarding structures on the parcel. Accompaning layers will usually include street centerlines and county boundy layers.  Additional cadastral and property files are included, though the content and format of these additional files may vary. All files were collected and published by Boundary Solutions as part of the National ParcelMap Data Portal.
</abstract>
<purpose>These files are formatted for use in a GIS</purpose>
</descript>
<citation>
<citeinfo>
<title>Pennsylvania Tax Pacels, 2017 </title>
<origin>Boundary Solutions, Inc.</origin>
<pubdate>2017</pubdate>
<geoform>map</geoform>
<pubinfo>
<publish>Boundary Solutions, Inc.</publish>
</pubinfo>
<origin>Boundary Solutions, Inc.</origin>
<onlink>https://www1.columbia.edu/sec/acis/eds/dgate/studies/C1301/data/bsi_parcelmap_42_pa.zip
</onlink>
</citeinfo>
</citation>
<timeperd>
<current>Ground condition</current>
<timeinfo>
<sngdate>
<caldate>2017</caldate>
</sngdate>
</timeinfo>
</timeperd>
<status>
<progress>Complete</progress>
<update>Unknown</update>
</status>
<accconst>For current Columbia affiliates only.</accconst>
<useconst>For educational, non-commercial use only.</useconst>
<ptcontac>
<cntinfo>
<cntperp>
<cntorg>Boundary Solutions, Inc.</cntorg>
</cntperp>
</cntinfo>
</ptcontac>
</idinfo>
<spref>
<horizsys>
<geodetic>
<horizdn>North American Datum of 1983</horizdn>
<ellips>Geodetic Reference System 80</ellips>
<semiaxis>6378137.000000</semiaxis>
<denflat>298.257222</denflat>
</geodetic>
<cordsysn>
<geogcsn>GCS_North_American_1983</geogcsn>
<projcsn>NAD_1983_StatePlane_New_York_Long_Island_FIPS_3104_Feet</projcsn>
</cordsysn>
</horizsys>
</spref>
<spdoinfo>
<direct>Vector</direct>
<ptvctinf>
<sdtsterm>
<sdtstype>G-polygon</sdtstype>
</sdtsterm>
</ptvctinf>
</spdoinfo>
<metainfo>
<metd>20190901</metd>
<metstdn>FGDC Content Standards for Digital Geospatial Metadata</metstdn>
<metstdv>FGDC-STD-001-1998</metstdv>
<mettc>local time</mettc>
<metc>
<cntinfo>
<cntperp>
<cntorg>Research Data Sercvices (RDS), Columbia University Libraries.</cntorg>
<cntper>GIS/Metadata Librarian</cntper>
</cntperp>
<cntaddr>
<addrtype>mailing and physical address</addrtype>
<address>420 W. 118th St. 215 IAB, MC 3301</address>
<city>New York</city>
<state>NY</state>
<postal>10027</postal>
</cntaddr>
<cntvoice>(212) 854-6012</cntvoice>
<cntemail>data@library.columbia.edu</cntemail>
</cntinfo>
</metc>
</metainfo>
<distinfo>
<stdorder>
<digform>
<digtinfo>
<formname>shapefile</formname>
<formspec>zip</formspec>
</digtinfo>
</digform>
</stdorder>
<resdesc>bsi_parcelmap_42_pa</resdesc>
<distrib>
</distrib>
</distinfo>
</metadata>
