<?xml version="1.0" encoding="ISO-8859-1"?><metadata>
<idinfo>
<citation>
<citeinfo>
<origin>United States. Agency for International Development</origin>
<origin>Famine Early Warning System Network</origin>
<pubdate>1996</pubdate>
<title>Burundi Level 1 Administrative Boundaries, 1996</title>
<edition>1</edition>
<geoform>vector digital data</geoform>
<serinfo>
<sername>FEWS 3</sername>
<issue>1</issue>
</serinfo>
<pubinfo>
<pubplace>Sioux Falls, SD, USA</pubplace>
<publish>EDC/International Program</publish>
</pubinfo>
<othercit>FEWS/EROS Data Center (EDC)</othercit>
<onlink>http://www.columbia.edu/acis/eds/gis/images/BurundiAdmn1.zip</onlink>
</citeinfo>
</citation>
<descript>
<abstract>This ARC/INFO polygon coverage contains the first Level (International) boundary at a 1:1000000 scale.
The coverage is part of the Famine Early Warning System (FEWS) / Associates in Rural Development (ARD) African series.

Burundi is associated with the Horn region in Africa.</abstract>
<purpose>This data set is to be used in conjunction with other layers of Burundi data.

The data are intended to show the spatial distribution of the administrative (International) boundary for Burundi.

The data are to be used in modeling, targeting and demonstration projects. The data are also used in natural resource management, inventory, change analysis, policy making, environmental awareness and land use planning.</purpose>
<supplinf>Procedures_Used: The international boundary for this country was extracted from an ARC/INFO LIBRARY created from the ARC/INFO version of the Digital Chart of the World (DCW) using the ARC/INFO tool LIBRARIAN.

Revisions: During ARC/INFO coverage development modifications were made to the digital files to generate a database with a common scale, uniform Level of resolution, consistent coding scheme, and comparable (standardized) measurement data.

The only other revision from the original data sets was the addition of certain attributes. There were no changes to any administrative boundaries.

Reviews_Applied_to_Data: Peer review, 03/96, FEWS/ARD Washington, D.C.

Digital line work and attribute data checked for discrepancies and approved for release to FEWS in-country and regional field representatives.

Related_Spatial_and_Tabular_Data_Sets: None

Other_References_Cited: Environmental Systems Research Institute (ESRI), Inc., 1993, "Digital Chart of the World (DCW)," PONET Layer. ESRI, Redlands, CA, USA. Scale - 1:1000000.

Notes: USAID - United States Agency for International Development. FEWS - Famine Early Warning System ARD - Associates in Rural Development EDC - EROS Data Center USGS - United States Geological Survey</supplinf>
</descript>
<timeperd>
<timeinfo>
<rngdates>
<begdate>1996</begdate>
<enddate>unknown</enddate>
</rngdates>
</timeinfo>
<current>The DCW database was originally published in 1992. Data currency varies from place to place depending on the currency of the Operational Navigation Charts (ONC). Chart currency ranged from the mid 1960s to the early 1990s. Compilation dates for every ONC chart are included in the database.

The additional attributes were added by EDC in April of 1996.</current>
</timeperd>
<status>
<progress>Complete</progress>
<update>As needed.</update>
</status>
<spdom>
<bounding>
<westbc>
28.993061</westbc>
<eastbc>
30.847729</eastbc>
<northbc>
-2.310123</northbc>
<southbc>
-4.465713</southbc>
</bounding>
</spdom>
<keywords>
<theme>
<themekt>ISO 19115 Topic Categories</themekt>
<themekey>boundaries</themekey>
</theme>
<theme>
<themekt>None</themekt>
<themekey>Administrative boundaries</themekey>
<themekey>National borders</themekey>
</theme>
<place>
<placekt>Library of Congress Subject Headings</placekt>
<placekey>Africa</placekey>
<placekey>BY</placekey>
<placekey>BU</placekey>
<placekey>Burundi</placekey>
</place>
<temporal>
<tempkt>None</tempkt>
<tempkey>Post independence</tempkey>
<tempkey>1996</tempkey>
</temporal>
</keywords><accconst>None</accconst>
<useconst>None</useconst>


<ptcontac>
<cntinfo>
<cntperp>
<cntper>Ron Smith</cntper>
<cntorg>EROS Data Center - USGS</cntorg>
</cntperp>
<cntpos>International Program Data Base Manager</cntpos>
<cntaddr>
<addrtype>mailing and physical address</addrtype>
<address>EROS Data Center U.S. Geological Survey 47914 252nd Street</address>
<city>Sioux Falls</city>
<state>South Dakota</state>
<postal>57198-0001</postal>
<country>USA</country>
</cntaddr>
<cntvoice>(605) 594-6522</cntvoice>
<cnttdd>(605) 594-6522</cnttdd>
<cntfax>(605) 594-6568</cntfax>
<cntemail>rsmith@edcmail.cr.usgs.gov</cntemail>
<hours>0730 - 1615 CST</hours>
</cntinfo>
</ptcontac>
<browse>
<browsen>http://www.columbia.edu/acis/eds/gis/pix/cat/BurundiAdmn10.bmp</browsen>
<browsed>Thumbnail Image</browsed>
<browset>BMP</browset>
</browse>
<datacred>The USAID/FEWS Project and EDC International Program deserve credit for this data set.</datacred>
<secinfo>
</secinfo>
<native>Microsoft Windows XP Version 5.1 (Build 2600) Service Pack 2; ESRI ArcCatalog 9.1.0.780</native>
<crossref>
<citeinfo>
<origin>Environmental Systems Research Institute (ESRI), Inc.</origin>
<pubdate>1993</pubdate>
<pubtime>0000</pubtime>
<title>Digital Chart of the World (DCW), PONET Layer</title>
<edition>Unknown</edition>
<geoform>map</geoform>
<serinfo>
<sername>Unknown</sername>
<issue>None</issue>
</serinfo>
<pubinfo>
<pubplace>Redlands, CA, USA</pubplace>
<publish>ESRI</publish>
</pubinfo>
<othercit>Scale - 1:1000000</othercit>
<onlink>http://www.esri.com</onlink>
<lworkcit>
<citeinfo>
<origin>ESRI</origin>
<pubdate>1993</pubdate>
<title>DCW</title>
</citeinfo>
</lworkcit>
</citeinfo>
</crossref>
</idinfo>
<dataqual>
<attracc>
<attraccr>See Entity_Attribute_Information</attraccr>
<qattracc>
<attraccv>See Explanation</attraccv>
<attracce>Attribute accuracy defined by FEWS/ARD and EDC</attracce>
</qattracc>
</attracc>
<logic>Polygon topology present.</logic>
<complete>All data were found to be topologically correct. No duplicate features are present. All polygons are closed, and all lines intersect where intended. No undershoots or overshoots are present.

To the best knowledge of AID/FEWS and EDC the data compiled in this data set meets the codes and/or procedures established for completeness and consistency.</complete>
<posacc>
<horizpa>
<horizpar>The absolute horizontal accuracy of the DCW for all features derived from Operational Navigation Charts (ONC) is 2040 meters (6700 feet) rounded to the nearest 5 meters at 90% Circular Error (CE), World Geodetic System (WGS84).

The absolute horizontal accuracy of the DCW for all features derived from Jet Navigation Charts (JNC) is 4270 meters (14006 feet) at 90% Circular Error.</horizpar>
<qhorizpa>
<horizpav>2040 meters</horizpav>
<horizpae>Resolution as reported</horizpae>
</qhorizpa>
</horizpa>
<vertacc>
<vertaccr>The absolute vertical accuracy of the DCW is the same as for the original ONC and JNC lithographs at 90% Linear Error (LE), Mean Sea Level (MSL).</vertaccr>
</vertacc>
</posacc>
<lineage>
<srcinfo>
<srccite>
<citeinfo>
<origin>Environmental Systems Research Institute (ESRI), Inc.</origin>
<pubdate>1993</pubdate>
<title>Digital Chart of the World (DCW), PONET Layer</title>
</citeinfo>
</srccite>
<srcscale>1000000</srcscale>
<typesrc>CDROM</typesrc>
<srctime>
<timeinfo>
<sngdate>
<caldate>1993</caldate>
</sngdate>
</timeinfo>
<srccurr>The DCW database was originally published in 1992. Data currency varies from place to place depending on the currency of the Operational Navigation Charts (ONC). Chart currency ranged from the mid 1960s to the early 1990s. Compilation dates for every ONC chart are included in the database.</srccurr>
</srctime>
<srccitea>DCW93</srccitea>
<srccontr>International boundary</srccontr>
</srcinfo>
</lineage>
<cloud>0</cloud>
</dataqual>
<spdoinfo>
<direct>Vector</direct>
<ptvctinf>
<sdtsterm>
<sdtstype>G-polygon</sdtstype>
<ptvctcnt>1</ptvctcnt>
</sdtsterm>
</ptvctinf>
</spdoinfo>
<spref>
<horizsys>
<geograph>
<latres>0.000000</latres>
<longres>0.000000</longres>
<geogunit>Decimal degrees</geogunit>
</geograph>
<geodetic>
<horizdn>D_Clarke_1880_RGS</horizdn>
<ellips>Clarke_1880_RGS</ellips>
<semiaxis>6378249.145000</semiaxis>
<denflat>293.465000</denflat>
</geodetic>
</horizsys>
</spref>
<eainfo>
<detailed>
<enttyp>
<enttypl>
BYADMN1.PAT</enttypl>
<enttypd>Polygon Attribute Table</enttypd>
<enttypds>FEWS/ARD Washington, DC, USA</enttypds>
</enttyp>
<attr>
<attrlabl>AREA</attrlabl>
<attrdef>Area of poly/region in square coverage units</attrdef>
<attrdefs>Computed</attrdefs>
<attrdomv>
<edom>
<edomv>Positive real numbers</edomv>
<edomvd>Area of poly/region in square coverage units</edomvd>
<edomvds>ARC/INFO</edomvds>
</edom>
</attrdomv>
</attr>
<attr>
<attrlabl>PERIMETER</attrlabl>
<attrdef>Perimeter of poly/region in coverage units</attrdef>
<attrdefs>Computed</attrdefs>
<attrdomv>
<edom>
<edomv>Positive real numbers</edomv>
<edomvd>Perimeter of poly/region in coverage units</edomvd>
<edomvds>ARC/INFO</edomvds>
</edom>
</attrdomv>
</attr>
<attr>
<attrlabl>BYADMN1#</attrlabl>
<attrdef>Internal feature number</attrdef>
<attrdefs>Computed</attrdefs>
<attrdomv>
<edom>
<edomv>Sequential unique positive integer</edomv>
<edomvd>Internal feature number</edomvd>
<edomvds>ARC/INFO</edomvds>
</edom>
</attrdomv>
</attr>
<attr>
<attrlabl>BYADMN1-ID</attrlabl>
<attrdef>User-assigned feature number</attrdef>
<attrdefs>User-defined</attrdefs>
<attrdomv>
<edom>
<edomv>Integer</edomv>
<edomvd>User-assigned feature number</edomvd>
<edomvds>ARC/INFO</edomvds>
</edom>
</attrdomv>
</attr>
<attr>
<attrlabl>CNT-ABB</attrlabl>
<attrdef>Unique country abbreviation</attrdef>
<attrdefs>EDC</attrdefs>
<attrdomv>
<codesetd>
<codesetn>http://www.nist.gov/itl/csl/fips/fips104.txt</codesetn>
<codesets>Federal Information Processing Standard (FIPS)</codesets>
</codesetd>
</attrdomv>
</attr>
<attr>
<attrlabl>REGION</attrlabl>
<attrdef>ARD defined region in Africa that Burundi is associated with</attrdef>
<attrdefs>FEWS/ARD</attrdefs>
<attrdomv>
<edom>
<edomv>African Horn Region</edomv>
<edomvd>ARD defined region in Africa that Burundi is associated with</edomvd>
<edomvds>FEWS/ARD</edomvds>
</edom>
</attrdomv>
</attr>
<attr>
<attrlabl>FEWS-ABB</attrlabl>
<attrdef>Unique country abbreviation</attrdef>
<attrdefs>FEWS/ARD</attrdefs>
<attrdomv>
<edom>
<edomv>BU</edomv>
<edomvd>Unique country abbreviation</edomvd>
<edomvds>FEWS/ARD</edomvds>
</edom>
</attrdomv>
</attr>
</detailed>
<overview>
<eaover>The item (CNT-ABB) defines the unique country abbreviation,
as defined by EDC.
The item (REGION) defines the region in Africa that Burundi is
associated with, as defined by FEWS/ARD.
The item (FEWS-ABB) defines the unique country identifier,
as defined by FEWS/ARD.</eaover>
</overview>
</eainfo>
<distinfo>
<distrib>
<cntinfo>
<cntperp>
<cntper>Ron Smith</cntper>
<cntorg>EROS Data Center - USGS</cntorg>
</cntperp>
<cntpos>International Program Data Base Manager</cntpos>
<cntaddr>
<addrtype>mailing and physical address</addrtype>
<address>EROS Data Center U.S. Geological Survey 47914 252nd Street</address>
<city>Sioux Falls</city>
<state>South Dakota</state>
<postal>57198-0001</postal>
<country>USA</country>
</cntaddr>
<cntvoice>(605) 594-6522</cntvoice>
<cnttdd>(605) 594-6522</cnttdd>
<cntfax>(605) 594-6568</cntfax>
<cntemail>rsmith@edcmail.cr.usgs.gov</cntemail>
<hours>0730 - 1615 CST</hours>
</cntinfo>
</distrib>
<resdesc>burundiadmn1</resdesc>
<distliab>No warranty expressed or implied is made by FEWS or USGS.</distliab>
<stdorder>
<digform>
<digtinfo>
<formname>ARCE ARC/INFO Export format</formname>
<formvern>7.1.1</formvern>
<formspec>ASCII</formspec>
<formcont>FEWS Vector Data Set</formcont>
<filedec>pkzip, pkunzip</filedec>
<transize>0.012</transize>
</digtinfo>
<digtopt>
<onlinopt>
<computer>
<networka>
<networkr>PC - http://edcintl.cr.usgs.gov/adds/c1/r2/by/doc/admn/byadmn1.exe

UNIX - http://edcintl.cr.usgs.gov/adds/c1/r2/by/doc/admn/byadmn1.tar.gz</networkr>
</networka>
</computer>
<accinstr>Phone, Written correspondence, e-mail, fax or online</accinstr>
<oncomp>SUN Solaris - UNIX</oncomp>
</onlinopt>
<offoptn>
<offmedia>8mm, 4mm, 3480, 3.5" floppy, CDROM</offmedia>
<reccap>
<recden>6250</recden>
<recdenu>characters per-inch</recdenu>
</reccap>
<recfmt>ASCII</recfmt>
<compat>UNIX or PC based system with ARC/INFO or compatible software</compat>
</offoptn>
</digtopt>
</digform>
<fees>$70 US Dollars</fees>
<ordering>Phone, Written correspondence, e-mail or fax</ordering>
<turnarnd>One week maximum</turnarnd>
</stdorder>
<custom>Phone, Written correspondence, e-mail or fax</custom>
<techpreq>UNIX or PC based system with ARC/INFO or compatible software</techpreq>
<availabl>
<timeinfo>
<rngdates>
<begdate>19960710</begdate>
<enddate>19991231</enddate>
</rngdates>
</timeinfo>
</availabl>
</distinfo>
	<metainfo>
		<metd>20070522</metd>
		<metc>
			<cntinfo>
				<cntorgp>
					<cntorg>Digital Social Science Center (DSSC), Columbia University Libraries</cntorg>
					<cntper>GIS/Metadata Librarian</cntper>
				</cntorgp>
				<cntaddr>
					<addrtype>mailing and physical address</addrtype>
					<address>420 W. 118th St., 215 IAB, MC 3301</address>
					<city>New York</city>
					<state>NY</state>
					<postal>10027</postal>
					<country>USA</country>
				</cntaddr>
				<cntvoice>(212)854-6012</cntvoice>
				<cntemail>dssc.data@columbia.edu</cntemail>
			</cntinfo>
		</metc>
		<metstdn>FGDC Content Standards for Digital Geospatial Metadata</metstdn>
		<metstdv>FGDC-STD-001-1998</metstdv>
		<mettc>local time</mettc>
		<metsi>
		</metsi>
	</metainfo>
</metadata>
