<?xml version="1.0"?>
<metadata xml:lang="en">
	<idinfo>
		<keywords>
			<theme>
				<themekt>ISO 19115 Topic Category</themekt>
				<themekey>boundaries</themekey>
				<themekey>society</themekey>
			</theme>
			<temporal>
				<tempkey>2010</tempkey>
				<tempkt>none</tempkt>
				<tempkey>2011</tempkey>
			</temporal>
			<place>
				<placekt>Library of Congress Subject Headings</placekt>
				<placekey>New York (N.Y.)</placekey>
				<placekey>Staten Island (New York, N.Y.)</placekey>
				<placekey>Brooklyn (New York, N.Y.)</placekey>
				<placekey>Manhattan (New York, N.Y.)</placekey>
				<placekey>Queens (New York, N.Y.)</placekey>
				<placekey>Bronx (New York, N.Y.)</placekey>
			</place>
			<place>
				<placekt>None</placekt>
				<placekey>NYC</placekey>
			</place>
			<theme>
				<themekey>crime</themekey>
				<themekey>police</themekey>
				<themekey>felonies</themekey>
				<themekey>assaults</themekey>
				<themekey>burglary</themekey>
				<themekey>rape</themekey>
				<themekey>larceny</themekey>
				<themekey>murder</themekey>
				<themekt>None</themekt>
				<themekey>robbery</themekey>
			</theme>
		</keywords>
		<citation>
			<citeinfo>
				<origin>New York City Department of City Planning</origin>
				<title>New York City Monthly Burglaries by Precinct, 2010-2011</title>
				<origin>Digital Social Science Center (DSSC), Columbia University Libraries</origin>
				<origin>New York (N.Y.). Police Department</origin>
				<pubdate>2013</pubdate>
				<geoform>vector digital data</geoform>
				<pubinfo>
					<pubplace>New York</pubplace>
					<publish>Digital Social Science Center (DSSC), Columbia University Libraries</publish>
				</pubinfo>
			<onlink>http://culspatial-dev.cul.columbia.edu/geoserver/ows?service=WFS&amp;version=1.0.0&amp;request=GetFeature&amp;typeName=Columbia.bymonth_tot_burglary_fy2010_11&amp;outputFormat=SHAPE-ZIP</onlink></citeinfo>
		</citation>
		<spdom>
			<bounding>
				<westbc>-74.257465</westbc>
				<eastbc>-73.699210</eastbc>
				<northbc>40.915808</northbc>
				<southbc>40.495805</southbc>
			</bounding>
		</spdom>
		<ptcontac>
			<cntinfo>
				<cntorgp>
					<cntorg>Digital Social Science Center (DSSC)</cntorg>
				</cntorgp>
				<cntaddr>
					<addrtype>mailing and physical address</addrtype>
					<address>420 W. 118th St., 215 IAB, MC 3301</address>
					<city>New York</city>
					<state>NY</state>
					<postal>10027</postal>
					<country>USA</country>
				</cntaddr>
				<cntvoice>(212)854-6012</cntvoice>
				<cntemail>data@library.columbia.edu</cntemail>
			</cntinfo>
		</ptcontac>
		<descript>
			<abstract>New York City Crimes, Monthly Burglaries, 2010-2011 is a polygon themem representing the number of reported burglaries by police precinct in New York City for the fiscal year 2010-2011 (July 2010 - June 2011).  Attribute information reports the number of crimes by month for each precinct.</abstract>
			<purpose>For educational, and general research purposes.  This dataset has been formated for use in GIS applications.</purpose>
			<langdata>en</langdata>
		</descript>
		<timeperd>
			<timeinfo>
				<rngdates>
					<begdate>201007</begdate>
					<enddate>201106</enddate>
				</rngdates>
			</timeinfo>
			<current>ground condition</current>
		</timeperd>
		<status>
			<progress>Complete</progress>
			<update>None planned</update>
		</status>
		<accconst>None</accconst>

		<useconst>None</useconst>
	</idinfo>
	<metainfo>
		<metd>20140925</metd>
		<metstdn>FGDC Content Standard for Digital Geospatial Metadata</metstdn>
		<metstdv>FGDC-STD-001-1998</metstdv>
		<mettc>local time</mettc>
		<metc>
			<cntinfo>
				<cntperp>
					<cntorg>Research Data Services (RDS), Columbia University Libraries</cntorg>
					<cntper>GIS/Metadata Librarian</cntper>
				</cntperp>
				<cntaddr>
					<addrtype>mailing and physical address</addrtype>
					<address>420 W. 118th St., 215 IAB, MC 3301</address>
					<city>New York</city>
					<state>NY</state>
					<postal>10027</postal>
				</cntaddr>
				<cntvoice>(212)854-6012</cntvoice>
				<cntemail>dssc.data@columbia.ed</cntemail>
			</cntinfo>
		</metc>
	</metainfo>
	<spdoinfo>
		<ptvctinf>
			<sdtsterm>
				<sdtstype>G-polygon</sdtstype>
				<ptvctcnt>76</ptvctcnt>
			</sdtsterm>
		</ptvctinf>
		<direct>Vector</direct>
	</spdoinfo>
	<eainfo>
		<detailed>
			<enttyp>
				<enttypl>bymonth_tot_assults_fy2010_11</enttypl>
				<enttypd>Police precints</enttypd>
			</enttyp>
			<attr>
				<attrlabl>FID</attrlabl>
				<attrdef>Internal feature number.</attrdef>
				<attrdefs>Esri</attrdefs>
				<attrdomv>
					<udom>Sequential unique whole numbers that are automatically generated.</udom>
				</attrdomv>
			</attr>
			<attr>
				<attrlabl>Shape</attrlabl>
				<attrdef>Feature geometry.</attrdef>
				<attrdefs>Esri</attrdefs>
				<attrdomv>
					<udom>Coordinates defining the features.</udom>
				</attrdomv>
			</attr>
			<attr>
				<attrlabl>Precinct</attrlabl>
				<attrdef>Precinct number</attrdef>
			</attr>
			<attr>
				<attrlabl>Shape_Leng</attrlabl>
				<attrdef>Feature length in feet</attrdef>
			</attr>
			<attr>
				<attrlabl>Shape_Area</attrlabl>
				<attrdef>Area of feature in internal units squared.</attrdef>
				<attrdefs>Esri</attrdefs>
				<attrdomv>
					<udom>Positive real numbers that are automatically generated.</udom>
				</attrdomv>
			</attr>
			<attr>
				<attrlabl>prct_name</attrlabl>
				<attrdef>Precinct name</attrdef>
			</attr>
			<attr>
				<attrlabl>crime</attrlabl>
				<attrdef>Type of crime</attrdef>
			</attr>
			<attr>
				<attrlabl>crimecd</attrlabl>
				<attrdef>Crime code</attrdef>
			</attr>
			<attr>
				<attrlabl>time_span</attrlabl>
				<attrdef>Fiscal year</attrdef>
			</attr>
			<attr>
				<attrlabl>precinct_1</attrlabl>
				<attrdef>Precinct number</attrdef>
			</attr>
			<attr>
				<attrlabl>ym1007</attrlabl>
				<attrdef>Number of reported crimes in July 2010</attrdef>
			</attr>
			<attr>
				<attrlabl>ym1008</attrlabl>
				<attrdef>Number of reported crimes in August 2010</attrdef>
			</attr>
			<attr>
				<attrlabl>ym1009</attrlabl>
				<attrdef>Number of reported crimes in September 2010</attrdef>
			</attr>
			<attr>
				<attrlabl>ym1010</attrlabl>
				<attrdef>Number of reported crimes in October 2010</attrdef>
			</attr>
			<attr>
				<attrlabl>ym1011</attrlabl>
				<attrdef>Number of reported crimes in November 2010</attrdef>
			</attr>
			<attr>
				<attrlabl>ym1012</attrlabl>
				<attrdef>Number of reported crimes in December 2010</attrdef>
			</attr>
			<attr>
				<attrlabl>ym1101</attrlabl>
				<attrdef>Number of reported crimes in January 2011</attrdef>
			</attr>
			<attr>
				<attrlabl>ym1102</attrlabl>
				<attrdef>Number of reported crimes in Febuary 2011</attrdef>
			</attr>
			<attr>
				<attrlabl>ym1103</attrlabl>
				<attrdef>Number of reported crimes in March 2011</attrdef>
			</attr>
			<attr>
				<attrlabl>ym1104</attrlabl>
				<attrdef>Number of reported crimes in April 2011</attrdef>
			</attr>
			<attr>
				<attrlabl>ym1105</attrlabl>
				<attrdef>Number of reported crimes in May 2011</attrdef>
			</attr>
			<attr>
				<attrlabl>ym1106</attrlabl>
				<attrdef>Number of reported crimes in June 2011</attrdef>
			</attr>
			<attr>
				<attrlabl>tot_fy1011</attrlabl>
				<attrdef>Total umber of reported crimes in fiscal year 2010-2011</attrdef>
			</attr>
			<attr>
				<attrlabl>boro_fips</attrlabl>
				<attrdef>FIPS code for borough</attrdef>
			</attr>
			<attr>
				<attrlabl>boro_nypl</attrlabl>
				<attrdef>NYC planning code for borough</attrdef>
			</attr>
		</detailed>
	</eainfo>
	<spref>
		<horizsys>
			<planar>
				<gridsys>
					<gridsysn>State Plane Coordinate System</gridsysn>
					<spcs>
						<spcszone>3104</spcszone>
						<lambertc>
							<stdparll>40.67791667</stdparll>
							<stdparll>41.03333333</stdparll>
							<longcm>-74</longcm>
							<latprjo>40.16666667</latprjo>
							<feast>984251.97</feast>
							<fnorth>0</fnorth>
						</lambertc>
					</spcs>
				</gridsys>
				<planci>
					<plance>coordinate pair</plance>
					<coordrep>
						<absres>0.00001</absres>
						<ordres>0.00001</ordres>
					</coordrep>
					<plandu>feet</plandu>
				</planci>
			</planar>
			<geodetic>
				<horizdn>North American Datum of 1983</horizdn>
				<ellips>Geodetic Reference System 1980</ellips>
				<semiaxis>6378137.000000</semiaxis>
				<denflat>298.257222</denflat>
			</geodetic>
		</horizsys>
	</spref>
	<dataqual>
		<lineage>
			<srcinfo>
				<srccite>
					<citeinfo>
						<title>NYPD crime statistics by precinct (CPR)</title>
						<origin>Mayor's Office of Operations (OPS)</origin>
						<pubdate>2013</pubdate>
						<geoform>tabular digital data</geoform>
						<pubinfo>
							<pubplace>New York</pubplace>
							<publish>Mayor's Office of Operations (OPS)</publish>
						</pubinfo>
						<onlink>https://nycopendata.socrata.com/Public-Safety/NYPD_Precincts_monthly/rhgg-kyb5</onlink>
					</citeinfo>
				</srccite>
				<typesrc>online tables</typesrc>
				<srctime>
					<timeinfo>
						<rngdates>
							<begdate>201007</begdate>
							<enddate>201106</enddate>
						</rngdates>
					</timeinfo>
					<srccurr>ground condition</srccurr>
				</srctime>
				<srccitea>CrimeData</srccitea>
				<srccontr>Attribute information</srccontr>
			</srcinfo>
			<srcinfo>
				<srccite>
					<citeinfo>
						<pubdate>2012</pubdate>
						<title>New York City Police Precincts (Clipped to Shoreline)</title>
						<origin>New York City Department of City Planning</origin>
						<geoform>vector digital data</geoform>
						<pubinfo>
							<pubplace>New York</pubplace>
							<publish>New York Dept. of City Planning</publish>
						</pubinfo>
						<onlink>http://www.nyc.gov/html/dcp/html/bytes/districts_download_metadata.shtml</onlink>
					</citeinfo>
				</srccite>
				<typesrc>Vector digital data</typesrc>
				<srctime>
					<timeinfo>
						<sngdate>
							<caldate>2011</caldate>
						</sngdate>
					</timeinfo>
					<srccurr>ground condition</srccurr>
				</srctime>
				<srccitea>PolicePrecincts</srccitea>
				<srccontr>Geometry</srccontr>
			</srcinfo>
			<procstep>
				<srcused>PolicePrecincts</srcused>
				<proccont>
					<cntinfo>
						<cntorgp>
							<cntorg>Research Data Services (RDS), Columbia University Libraries</cntorg>
						</cntorgp>
						<cntaddr>
							<addrtype>mailing and physical address</addrtype>
							<address>420 W. 118th St., 215 IAB, MC 3301</address>
							<city>New York</city>
							<state>NY</state>
							<postal>10027</postal>
							<country>USA</country>
						</cntaddr>
						<cntvoice>(212)854-6012</cntvoice>
						<cntemail>data@library.columbia.edu</cntemail>
					</cntinfo>
				</proccont>
				<procdesc>Data Service staff downloaded crime statistics from NYC Open Data page and joined them too New York City Planning police pricinct shapefile.</procdesc>
				<srcused>CrimeData</srcused>
				<procdate>20130501</procdate>
			</procstep>
		</lineage>
	</dataqual>
	<distinfo>
		<distrib>
			<cntinfo>
				<cntorgp>
					<cntorg>Research Data Services (RDS), Columbia University Libraries</cntorg>
				</cntorgp>
				<cntaddr>
					<addrtype>mailing and physical address</addrtype>
					<address>420 W. 118th St., 215 IAB, MC 3301</address>
					<city>NY</city>
					<postal>10027</postal>
					<country>USA</country>
				</cntaddr>
				<cntvoice>(212)854-6012</cntvoice>
				<cntemail>data@library.columbia.edu</cntemail>
			</cntinfo>
		</distrib>
		<resdesc>bymonth_tot_burglary_fy2010_11</resdesc></distinfo>
</metadata>
