<?xml version="1.0" encoding="ISO-8859-1"?><metadata>
<idinfo>
<citation>
<citeinfo>
<origin>University of Michigan. China Data Center.</origin>
<origin>Beijing Hua tong ren shi chang xin xi you xian ze ren gong si</origin>
<pubdate>2006</pubdate>
<title>China County Boundaries with 1982 Population Census Data</title>
<geoform>vector digital data</geoform>
<serinfo>
<sername>Historical China County Population Census Data with GIS Maps</sername>
</serinfo>
<pubinfo>
<pubplace>Beijing</pubplace>
<publish>All China Marketing Research Co</publish>
</pubinfo>
</citeinfo>
</citation>
<descript>
<abstract>REMOTE DOWNLOAD NOT AVAILABLE - please contact data@library.columbia.edu for access. China County Boundaries with 1982 Population Census Data is a polygon theme representing counties in China in the year 1982.  Attribute information includes population variables from the 1982 census.</abstract>
<purpose>The data set was developed for display and analysis using GIS.</purpose>
</descript>
<timeperd>
<timeinfo>
<sngdate>
<caldate>1982</caldate>
</sngdate>
</timeinfo>
<current>ground condition</current>
</timeperd>
<status>
<progress>Complete</progress>
<update>Unknown</update>
</status>
<spdom>
<bounding>
<westbc>
73.446960</westbc>
<eastbc>
135.085831</eastbc>
<northbc>
53.557926</northbc>
<southbc>
16.833439</southbc>
</bounding>
</spdom>
<keywords>
<theme>
<themekt>ISO 19115 Topic Categories</themekt>
<themekey>boundaries</themekey>
<themekey>society</themekey>
</theme>
<theme>
<themekt>None</themekt>
<themekey>Administrative Boundaries</themekey>
<themekey>Counties</themekey>
<themekey>Census</themekey>
</theme>
<place>
<placekt>Library of Congress Subject Headings</placekt>
<placekey>China</placekey>
</place>
<temporal>
<tempkt>None</tempkt>
<tempkey>1982</tempkey>
</temporal>
</keywords>
<accconst>For current Columbia affiliates only.</accconst>
<useconst>For educational, non-commercial use only.</useconst>
<ptcontac>
<cntinfo>
<cntorgp>
<cntorg>China Data Center - University of Michigan</cntorg>
</cntorgp>
<cntaddr>
<addrtype>mailing and physical address</addrtype>
<address>1007 E Huron St</address>
<city>Ann Arbor</city>
<state>MI</state>
<postal>481104</postal>
</cntaddr>
<cntvoice>(734) 647-9610</cntvoice>
<cntfax>(734) 763-0335</cntfax>
<cntemail>chinadata@umich.edu</cntemail>
</cntinfo>
</ptcontac>
<browse>
<browsen>http://www.columbia.edu/acis/eds/gis/pix/cat/china82.jpg</browsen>
<browsed>Thumbnail Image</browsed>
<browset>JPEG</browset>
</browse>
<native>Microsoft Windows XP Version 5.1 (Build 2600) Service Pack 3; ESRI ArcCatalog 9.3.1.1850</native>
</idinfo>
<dataqual>
<lineage>
<procstep>
<procdesc>The 1982 administrative maps  (county and province) was primarily based on "China Map of Population" published by China Statistical Press, and some other yearly administrative maps.</procdesc>
<proccont>
<cntinfo>
<cntorgp>
<cntorg>China Data Center - University of Michigan</cntorg>
</cntorgp>
<cntaddr>
<addrtype>mailing and physical address</addrtype>
<address>1007 E Huron St</address>
<city>Ann Arbor</city>
<state>MI</state>
<postal>48104</postal>
</cntaddr>
<cntvoice>(734) 647-9610</cntvoice>
<cntfax>(734) 763-0335</cntfax>
<cntemail>chinadata@umich.edu</cntemail>
</cntinfo>
</proccont>
</procstep>
</lineage>
</dataqual>
<spdoinfo>
<direct>Vector</direct>
<ptvctinf>
<sdtsterm>
<sdtstype>G-polygon</sdtstype>
<ptvctcnt>2383</ptvctcnt>
</sdtsterm>
</ptvctinf>
</spdoinfo>
<spref>
<horizsys>
<geograph>
<geogunit>Decimal degrees</geogunit>
</geograph>
<geodetic>
<horizdn>D_Krasovsky_1940</horizdn>
<ellips>Krasovsky_1940</ellips>
<semiaxis>6378245</semiaxis>
<denflat>298.3</denflat>
</geodetic>
</horizsys>
</spref>
<eainfo>
<detailed>
<enttyp>
<enttypl>
china82</enttypl>
<enttypd>County</enttypd>
</enttyp>
<attr>
<attrlabl>FID</attrlabl>
<attrdef>Internal feature number.</attrdef>
<attrdefs>ESRI</attrdefs>
<attrdomv>
<udom>Sequential unique whole numbers that are automatically generated.</udom>
</attrdomv>
</attr>
<attr>
<attrlabl>Shape</attrlabl>
<attrdef>Feature geometry.</attrdef>
<attrdefs>ESRI</attrdefs>
<attrdomv>
<udom>Coordinates defining the features.</udom>
</attrdomv>
</attr>
<attr>
<attrlabl>PROVGB</attrlabl>
<attrdef>Province GB Code</attrdef>
</attr>
<attr>
<attrlabl>CITYGB</attrlabl>
<attrdef>Prefecture City GB Code</attrdef>
</attr>
<attr>
<attrlabl>CNTYGB</attrlabl>
<attrdef>County GB Code</attrdef>
</attr>
<attr>
<attrlabl>CPROV</attrlabl>
<attrdef>Province name in Chinese</attrdef>
</attr>
<attr>
<attrlabl>EPROV</attrlabl>
<attrdef>Province name in English</attrdef>
</attr>
<attr>
<attrlabl>CCNTY</attrlabl>
<attrdef>County name in Chinese</attrdef>
</attr>
<attr>
<attrlabl>ECNTY</attrlabl>
<attrdef>County name in English (1)</attrdef>
</attr>
<attr>
<attrlabl>ECNTY2</attrlabl>
<attrdef>County name in English (2)</attrdef>
</attr>
<attr>
<attrlabl>CLASS</attrlabl>
<attrdef>Class</attrdef>
<attrdomv>
<edom>
<edomv>C</edomv>
<edomvd>County</edomvd>
</edom>
<edom>
<edomv>D</edomv>
<edomvd>District</edomvd>
</edom>
<edom>
<edomv>City</edomv>
<edomvd>Urban City</edomvd>
</edom>
</attrdomv>
</attr>
<attr>
<attrlabl>P82001</attrlabl>
<attrdef>Total population (Unit: person)</attrdef>
</attr>
<attr>
<attrlabl>P82002</attrlabl>
<attrdef>The population density (Unit: persons/sq. km)</attrdef>
</attr>
<attr>
<attrlabl>P82003</attrlabl>
<attrdef>Sex ratio (Unit: males per 100 females)</attrdef>
</attr>
<attr>
<attrlabl>P82004</attrlabl>
<attrdef>Median age of population (Unit: age)</attrdef>
</attr>
<attr>
<attrlabl>P82005</attrlabl>
<attrdef>The percentage of total population aged 0-14 (Unit: %)</attrdef>
</attr>
<attr>
<attrlabl>P82006</attrlabl>
<attrdef>The percentage of total population aged 65 and over (Unit: %)</attrdef>
</attr>
<attr>
<attrlabl>P82007</attrlabl>
<attrdef>Percentage of women aged 15-49 to total population (Unit: %)</attrdef>
</attr>
<attr>
<attrlabl>P82008</attrlabl>
<attrdef>Birth rate, 1981 </attrdef>
</attr>
<attr>
<attrlabl>P82009</attrlabl>
<attrdef>Death rate, 1981 </attrdef>
</attr>
<attr>
<attrlabl>P82010</attrlabl>
<attrdef>Infant mortality rate ,1981 </attrdef>
</attr>
<attr>
<attrlabl>P82011</attrlabl>
<attrdef>Number of college students per 10,000 persons (Unit: person)</attrdef>
</attr>
<attr>
<attrlabl>P82012</attrlabl>
<attrdef>Number of people with junior/middle school education per 10,000 persons (Unit: person)</attrdef>
</attr>
<attr>
<attrlabl>P82013</attrlabl>
<attrdef>Percentage of illiterate/semi-literate of population aged 12 and above (Unit: 0.1%)</attrdef>
</attr>
<attr>
<attrlabl>P82014</attrlabl>
<attrdef>The percentage of population in farming, forestry, animal husbandry, and fishery to total employed population. (Unit: %)</attrdef>
</attr>
<attr>
<attrlabl>P82015</attrlabl>
<attrdef>The percentage of industrial population to total employed population. (Unit: %)</attrdef>
</attr>
<attr>
<attrlabl>P82016</attrlabl>
<attrdef>The percentage of employed population to total population. (Unit: %)</attrdef>
</attr>
<attr>
<attrlabl>P82017</attrlabl>
<attrdef>Gross average industrial and agricultural output per capita</attrdef>
</attr>
</detailed>
</eainfo>
<distinfo>
<distrib>
<cntinfo>
<cntorgp>
<cntorg>China Data Center - University of Michigan</cntorg>
</cntorgp>
<cntaddr>
<addrtype>mailing and physical address</addrtype>
<address>1007 E Huron St</address>
<city>Ann Arbor</city>
<state>MI</state>
<postal>48104</postal>
</cntaddr>
<cntvoice>(734) 647-9610</cntvoice>
<cntfax>(734) 763-0335</cntfax>
<cntemail>chinadata@umich.edu</cntemail>
</cntinfo>
</distrib>
<resdesc>cdc_histchina_1982count</resdesc>
<stdorder>
<digform>
<digtinfo>
<formname>Shapefile</formname>
<formspec>zip</formspec>
<transize>14.134</transize>
</digtinfo>
</digform>
</stdorder>
</distinfo>
<metainfo>
<metd>20090331</metd>
<metc>
<cntinfo>
<cntorgp>
<cntorg>Research Data Services (RDS), Columbia University Libraries</cntorg>
<cntper>GIS/Metadata Librarian</cntper>
</cntorgp>
<cntaddr>
<addrtype>mailing and physical address</addrtype>
<address>420 W. 118th St., 215 IAB, MC 3301</address>
<city>New York</city>
<state>NY</state>
<postal>10027</postal>
</cntaddr>
<cntvoice>(212)854-6012</cntvoice>
<cntemail>data@library.columbia.edu</cntemail>
</cntinfo>
</metc>
<metstdn>FGDC Content Standards for Digital Geospatial Metadata</metstdn>
<metstdv>FGDC-STD-001-1998</metstdv>
<mettc>local time</mettc>
</metainfo>
</metadata>
