<?xml version="1.0" encoding="ISO-8859-1"?><metadata>
<idinfo>
<citation>
<citeinfo>
<origin>University of Michigan. China Data Center.</origin>
<origin>Beijing Hua tong ren shi chang xin xi you xian ze ren gong si</origin>
<pubdate>2005</pubdate>
<title>China County Boundaries With 2000 Population Census Data From 100% Short Form Data</title>
<edition>3rd</edition>
<geoform>vector digital data</geoform>
<serinfo>
<sername>Zhongguo 2000 nian xiang zhen ren kou pu cha zi liao yu di tu [electronic resource] = China 2000 township population census data with maps.</sername>
</serinfo>
<pubinfo>
<pubplace>Beijing</pubplace>
<publish>All China Marketing Research Co.</publish>
</pubinfo>
</citeinfo>
</citation>
<descript>
<abstract>REMOTE DOWNLOAD NOT AVAILABLE - please contact data@library.columbia.edu for access. China County Boundaries With 2000 Population Census Data From 100% Short Form Data is a polygon theme representing counties in China.  Attribute information includes census data from 100% Short Form data from the 2000 China census.</abstract>
<purpose>The data set was developed for display and analysis using GIS.</purpose>
</descript>
<timeperd>
<timeinfo>
<sngdate>
<caldate>2000</caldate>
</sngdate>
</timeinfo>
<current>ground condition</current>
</timeperd>
<status>
<progress>Complete</progress>
<update>Unknown</update>
</status>
<spdom>
<bounding>
<westbc>
73.44696</westbc>
<eastbc>
135.085831</eastbc>
<northbc>
53.557926</northbc>
<southbc>
6.318641</southbc>
</bounding>
</spdom>
<keywords>
<theme>
<themekt>ISO 19115 Topic Categories.</themekt>
<themekey>society</themekey>
<themekey>boundaries</themekey>
</theme>
<theme>
<themekt>Library of Congress Subject Headings</themekt>
<themekey>Cities and towns --China --Population --Statistics --Databases.</themekey>
<themekey>Cities and towns --China --Population --Statistics --Maps.</themekey>
<themekey>Cities and towns --Census, 2000 --China --Databases.</themekey>
<themekey>Cities and towns --Census, 2000 --China --Maps.</themekey>
<themekey>China --Population --Statistics --Databases.</themekey>
<themekey>China --Population --Statistics --Maps.</themekey>
<themekey>China --Census, 2000 --Databases.</themekey>
<themekey>China --Census, 2000 --Maps.</themekey>
</theme>
<theme>
<themekt>None</themekt>
<themekey>Census</themekey>
<themekey>Demographics</themekey>
<themekey>Population</themekey>
<themekey>Housing Statistics</themekey>
<themekey>Sex Statistics</themekey>
<themekey>Agriculture Statistics</themekey>
<themekey>Counties</themekey>
<themekey>Administrative and political divisions</themekey>
</theme>
<place>
<placekt>Library of Congress Subject Headings</placekt>
<placekey>China</placekey>
</place>
<temporal>
<tempkt>None</tempkt>
<tempkey>2000</tempkey>
</temporal>
</keywords>
<accconst>For current Columbia affiliates only.</accconst>
<useconst>For educational, non-commercial use only.</useconst>
<ptcontac>
<cntinfo>
<cntorgp>
<cntorg>China Data Center - University of Michigan</cntorg>
</cntorgp>
<cntaddr>
<addrtype>mailing and physical address</addrtype>
<address>1007 E Huron St</address>
<city>Ann Arbor</city>
<state>MI</state>
<postal>48104</postal>
</cntaddr>
<cntvoice>(734) 647-9610</cntvoice>
<cntfax>(734) 763-0335</cntfax>
<cntemail>chinadata@umich.edu</cntemail>
</cntinfo>
</ptcontac>
<browse>
<browsen>http://www.columbia.edu/acis/eds/gis/pix/cat/Chinaa.jpg</browsen>
<browsed>Thumbnail Image</browsed>
<browset>JPEG</browset>
</browse>
<native>Microsoft Windows XP Version 5.1 (Build 2600) Service Pack 3; ESRI ArcCatalog 9.3.1.1850</native>
</idinfo>
<spdoinfo>
<direct>Vector</direct>
<ptvctinf>
<sdtsterm>
<sdtstype>G-polygon</sdtstype>
<ptvctcnt>2876</ptvctcnt>
</sdtsterm>
</ptvctinf>
</spdoinfo>
<spref>
<horizsys>
<geograph>
<geogunit>Decimal degrees</geogunit>
</geograph>
<geodetic>
<horizdn>D_Krasovsky_1940</horizdn>
<ellips>Krasovsky_1940</ellips>
<semiaxis>6378245</semiaxis>
<denflat>298.3</denflat>
</geodetic>
</horizsys>
</spref>
<eainfo>
<detailed>
<enttyp>
<enttypl>
Chinaa</enttypl>
<enttypd>County</enttypd>
</enttyp>
<attr>
<attrlabl>FID</attrlabl>
<attrdef>Internal feature number.</attrdef>
<attrdefs>ESRI</attrdefs>
<attrdomv>
<udom>Sequential unique whole numbers that are automatically generated.</udom>
</attrdomv>
</attr>
<attr>
<attrlabl>Shape</attrlabl>
<attrdef>Feature geometry.</attrdef>
<attrdefs>ESRI</attrdefs>
<attrdomv>
<udom>Coordinates defining the features.</udom>
</attrdomv>
</attr>
<attr>
<attrlabl>AREA</attrlabl>
<attrdef>Area</attrdef>
</attr>
<attr>
<attrlabl>PERIMETER</attrlabl>
<attrdef>Perimeter</attrdef>
</attr>
<attr>
<attrlabl>COUNT</attrlabl>
<attrdef>Count</attrdef>
</attr>
<attr>
<attrlabl>GBCITY</attrlabl>
<attrdef>Six digit GB (Guo Biao -- National Standard) code of County</attrdef>
</attr>
<attr>
<attrlabl>GBPROV</attrlabl>
<attrdef>Two digit GB (Guo Biao -- National Standard) code of Province</attrdef>
</attr>
<attr>
<attrlabl>GBCNTY</attrlabl>
<attrdef>Six digit GB (Guo Biao -- National Standard) code of County</attrdef>
</attr>
<attr>
<attrlabl>CNAME</attrlabl>
<attrdef>Chinese name of County</attrdef>
</attr>
<attr>
<attrlabl>ENAME</attrlabl>
<attrdef>English name of County</attrdef>
</attr>
<attr>
<attrlabl>A101001</attrlabl>
<attrdef>Total N of Households by County</attrdef>
</attr>
<attr>
<attrlabl>A101002</attrlabl>
<attrdef>Total N of Family Households by County</attrdef>
</attr>
<attr>
<attrlabl>A101003</attrlabl>
<attrdef>Total N of Collective Households by County</attrdef>
</attr>
<attr>
<attrlabl>A101004</attrlabl>
<attrdef>Total Population by County</attrdef>
</attr>
<attr>
<attrlabl>A101005</attrlabl>
<attrdef>Total Males by County</attrdef>
</attr>
<attr>
<attrlabl>A101006</attrlabl>
<attrdef>Total Females by County</attrdef>
</attr>
<attr>
<attrlabl>A101007</attrlabl>
<attrdef>Sex Ratio by County</attrdef>
</attr>
<attr>
<attrlabl>A101008</attrlabl>
<attrdef>Total Population of Family Households by County</attrdef>
</attr>
<attr>
<attrlabl>A101009</attrlabl>
<attrdef>Total Males of Family Households by County</attrdef>
</attr>
<attr>
<attrlabl>A101010</attrlabl>
<attrdef>Total Females of Family Households by County</attrdef>
</attr>
<attr>
<attrlabl>A101011</attrlabl>
<attrdef>Sex Ratio of Population from Family Households by County</attrdef>
</attr>
<attr>
<attrlabl>A101012</attrlabl>
<attrdef>Total Population of Collective Households by County</attrdef>
</attr>
<attr>
<attrlabl>A101013</attrlabl>
<attrdef>Total Males of Collective Households by County</attrdef>
</attr>
<attr>
<attrlabl>A101014</attrlabl>
<attrdef>Total Females of Collective Households by County</attrdef>
</attr>
<attr>
<attrlabl>A101015</attrlabl>
<attrdef>Sex Ratio of Population from Collective Households by County</attrdef>
</attr>
<attr>
<attrlabl>A101016</attrlabl>
<attrdef>Average Size of Family Households by County</attrdef>
</attr>
<attr>
<attrlabl>A102001</attrlabl>
<attrdef>Total Population by County</attrdef>
</attr>
<attr>
<attrlabl>A102002</attrlabl>
<attrdef>Total Males by County</attrdef>
</attr>
<attr>
<attrlabl>A102003</attrlabl>
<attrdef>Total Females by County</attrdef>
</attr>
<attr>
<attrlabl>A102004</attrlabl>
<attrdef>Total Population by County Who Reside in the Township, Towns and Street Communities and Have Their Permanent household Registration There.</attrdef>
</attr>
<attr>
<attrlabl>A102005</attrlabl>
<attrdef>Total Males by County Who Reside in the Township, Towns and Street Communities and Have Their Permanent household Registration There.</attrdef>
</attr>
<attr>
<attrlabl>A102006</attrlabl>
<attrdef>Total Females by County Who Reside in the Township, Towns and Street Communities and Have Their Permanent household Registration There.</attrdef>
</attr>
<attr>
<attrlabl>A102007</attrlabl>
<attrdef>Total Population by County Who Have Resided in the Township, Towns and Street Communities for More Than 6 Months But the places of Their Permanent household Registration Are Elsewhere.</attrdef>
</attr>
<attr>
<attrlabl>A102008</attrlabl>
<attrdef>Total Males by County Who Have Resided in the Township, Towns and Street Communities for More Than 6 Months But the places of Their Permanent household Registration Are Elsewhere.</attrdef>
</attr>
<attr>
<attrlabl>A102009</attrlabl>
<attrdef>Total Females by County Who Have Resided in the Township, Towns and Street Communities for More Than 6 Months But the places of Their Permanent household Registration Are Elsewhere.</attrdef>
</attr>
<attr>
<attrlabl>A102010</attrlabl>
<attrdef>Total Population by County Who Have Resided in the Township, Towns and Street Communities for Less Than 6 Months But Have Been Away From the places of Their Permanent household Registration for More Than 6 Months.</attrdef>
</attr>
<attr>
<attrlabl>A102011</attrlabl>
<attrdef>Total Males by County Who Have Resided in the Township, Towns and Street Communities for Less Than 6 Months But Have Been Away From the places of Their Permanent household Registration for More Than 6 Months.</attrdef>
</attr>
<attr>
<attrlabl>A102012</attrlabl>
<attrdef>Total Females by County Who Have Resided in the Township, Towns and Street Communities for Less Than 6 Months But Have Been Away From the places of Their Permanent household Registration for More Than 6 Months.</attrdef>
</attr>
<attr>
<attrlabl>A102013</attrlabl>
<attrdef>Total Population by County Who Live in the Township, Towns and Street Communities During the Population Census While the places of Their household Registration Have Not Yet Settled.</attrdef>
</attr>
<attr>
<attrlabl>A102014</attrlabl>
<attrdef>Total Males by County Who Live in the Township, Towns and Street Communities During the Population Census While the places of Their household Registration Have Not Yet Settled</attrdef>
</attr>
<attr>
<attrlabl>A102015</attrlabl>
<attrdef>Total Females by County Who Live in the Township, Towns and Street Communities During the Population Census While the places of Their household Registration Have Not Yet Settled.</attrdef>
</attr>
<attr>
<attrlabl>A102016</attrlabl>
<attrdef>Total Population by County Who Used to Live in the Township, Towns and Street Communities but are Working or Studying Abroad During the Census and Have no Permanent for the Time Being.</attrdef>
</attr>
<attr>
<attrlabl>A102017</attrlabl>
<attrdef>Total Males by County Who Used to Live in the Township, Towns and Street Communities but are Working or Studying Abroad During the Census and Have no Permanent for the Time Being.</attrdef>
</attr>
<attr>
<attrlabl>A102018</attrlabl>
<attrdef>Total Females by County Who Used to Live in the Township, Towns and Street Communities but are Working or Studying Abroad During the Census and Have no Permanent for the Time Being.</attrdef>
</attr>
<attr>
<attrlabl>A103001</attrlabl>
<attrdef>Total Population with Household Registration by County (Have not included the whole family and individuals going out )</attrdef>
</attr>
<attr>
<attrlabl>A103002</attrlabl>
<attrdef>Total Males with Household Registration by County (Have not included the whole family and individuals going out)</attrdef>
</attr>
<attr>
<attrlabl>A103003</attrlabl>
<attrdef>Total Females with Household Registration by County (Have not included the whole family and individuals going out)</attrdef>
</attr>
<attr>
<attrlabl>A103004</attrlabl>
<attrdef>Total N of Permanent Local Residents by County</attrdef>
</attr>
<attr>
<attrlabl>A103005</attrlabl>
<attrdef>Total Males of Permanent Local Residents by County</attrdef>
</attr>
<attr>
<attrlabl>A103006</attrlabl>
<attrdef>Total Females of Permanent Local Residents by County</attrdef>
</attr>
<attr>
<attrlabl>A103007</attrlabl>
<attrdef>Total N of Population Definitely Registered as Permanent Residents by County</attrdef>
</attr>
<attr>
<attrlabl>A103008</attrlabl>
<attrdef>Total Males of Population Definitely Registered as Permanent Residents by County</attrdef>
</attr>
<attr>
<attrlabl>A103009</attrlabl>
<attrdef>Total Females of Population Definitely Registered as Permanent Residents by County</attrdef>
</attr>
<attr>
<attrlabl>A103010</attrlabl>
<attrdef>Total Population Working or Studying Abroad by County</attrdef>
</attr>
<attr>
<attrlabl>A103011</attrlabl>
<attrdef>Total Males Working or Studying Abroad by County</attrdef>
</attr>
<attr>
<attrlabl>A103012</attrlabl>
<attrdef>Total Females Working or Studying Abroad by County</attrdef>
</attr>
<attr>
<attrlabl>A103013</attrlabl>
<attrdef>Total Population Going out within Half a Year from Household Registration Places by County</attrdef>
</attr>
<attr>
<attrlabl>A103014</attrlabl>
<attrdef>Total Males Going out within Half a Year from Household Registration Places by County</attrdef>
</attr>
<attr>
<attrlabl>A103015</attrlabl>
<attrdef>Total Females Going out within Half a Year from Household Registration Places by County</attrdef>
</attr>
<attr>
<attrlabl>A103016</attrlabl>
<attrdef>Total Population Whose Whole Families Go out by County</attrdef>
</attr>
<attr>
<attrlabl>A103017</attrlabl>
<attrdef>Total Males Whose Whole Families Go out by County</attrdef>
</attr>
<attr>
<attrlabl>A103018</attrlabl>
<attrdef>Total Females Whose Whole Families Go out by County</attrdef>
</attr>
<attr>
<attrlabl>A104001</attrlabl>
<attrdef>Total Population from Different Household Registration Places by County</attrdef>
</attr>
<attr>
<attrlabl>A104002</attrlabl>
<attrdef>Total Males from Different Household Registration Places by County</attrdef>
</attr>
<attr>
<attrlabl>A104003</attrlabl>
<attrdef>Total Females from Different Household Registration Places by County</attrdef>
</attr>
<attr>
<attrlabl>A104004</attrlabl>
<attrdef>Total Population from Those Registered in This County (City) by County</attrdef>
</attr>
<attr>
<attrlabl>A104005</attrlabl>
<attrdef>Total Males from Those Registered in This County (City) by County</attrdef>
</attr>
<attr>
<attrlabl>A104006</attrlabl>
<attrdef>Total Females from Those Registered in This County (City) by County</attrdef>
</attr>
<attr>
<attrlabl>A104007</attrlabl>
<attrdef>Total Population from Those Registered in Other Districts of the Same City by Count</attrdef>
</attr>
<attr>
<attrlabl>A104008</attrlabl>
<attrdef>Total Males from Those Registered in Other Districts of the Same City by County</attrdef>
</attr>
<attr>
<attrlabl>A104009</attrlabl>
<attrdef>Total Females from Those Registered in Other Districts of the Same City by County</attrdef>
</attr>
<attr>
<attrlabl>A104010</attrlabl>
<attrdef>Total Population from Those Registered in Other Counties or Cities of Same Province by County</attrdef>
</attr>
<attr>
<attrlabl>A104011</attrlabl>
<attrdef>Total Males from Those Registered in Other Counties or Cities of Same Province by County</attrdef>
</attr>
<attr>
<attrlabl>A104012</attrlabl>
<attrdef>Total Females from Those Registered in Other Counties or Cities of Same Province by County</attrdef>
</attr>
<attr>
<attrlabl>A104013</attrlabl>
<attrdef>Total Population from Those Registered in Other Provinces by County</attrdef>
</attr>
<attr>
<attrlabl>A104014</attrlabl>
<attrdef>Total Males from Those Registered in Other Provinces by County</attrdef>
</attr>
<attr>
<attrlabl>A104015</attrlabl>
<attrdef>Total Females from Those Registered in Other Provinces by County</attrdef>
</attr>
<attr>
<attrlabl>A105001</attrlabl>
<attrdef>Total Population by County</attrdef>
</attr>
<attr>
<attrlabl>A105002</attrlabl>
<attrdef>Total Males by County</attrdef>
</attr>
<attr>
<attrlabl>A105003</attrlabl>
<attrdef>Total Females by County</attrdef>
</attr>
<attr>
<attrlabl>A105004</attrlabl>
<attrdef>Total Agricultural Population by County</attrdef>
</attr>
<attr>
<attrlabl>A105005</attrlabl>
<attrdef>Total Males of Agricultural Population by County</attrdef>
</attr>
<attr>
<attrlabl>A105006</attrlabl>
<attrdef>Total Females of Agricultural Population by County</attrdef>
</attr>
<attr>
<attrlabl>A105007</attrlabl>
<attrdef>Total Non-agricultural Population by County</attrdef>
</attr>
<attr>
<attrlabl>A105008</attrlabl>
<attrdef>Total Males of Non-agricultural Population by County</attrdef>
</attr>
<attr>
<attrlabl>A105009</attrlabl>
<attrdef>Total Females of Non-agricultural Population by County</attrdef>
</attr>
<attr>
<attrlabl>A105010</attrlabl>
<attrdef>% of Non-agricultural Population to Total by County</attrdef>
</attr>
<attr>
<attrlabl>A105011</attrlabl>
<attrdef>% of Males of Non-agricultural Population to Total Males by County</attrdef>
</attr>
<attr>
<attrlabl>A105012</attrlabl>
<attrdef>% of Females of Non-agricultural Population to Total Females by County</attrdef>
</attr>
<attr>
<attrlabl>A106001</attrlabl>
<attrdef>Total Population by County</attrdef>
</attr>
<attr>
<attrlabl>A106002</attrlabl>
<attrdef>Total Males by County</attrdef>
</attr>
<attr>
<attrlabl>A106003</attrlabl>
<attrdef>Total Females by County</attrdef>
</attr>
<attr>
<attrlabl>A106004</attrlabl>
<attrdef>Total Population of Han People by County</attrdef>
</attr>
<attr>
<attrlabl>A106005</attrlabl>
<attrdef>Total Males of Han People by County</attrdef>
</attr>
<attr>
<attrlabl>A106006</attrlabl>
<attrdef>Total Females of Han People by County</attrdef>
</attr>
<attr>
<attrlabl>A106007</attrlabl>
<attrdef>Total Population of Mongolian People by County</attrdef>
</attr>
<attr>
<attrlabl>A106008</attrlabl>
<attrdef>Total Males of Mongolian People by Count</attrdef>
</attr>
<attr>
<attrlabl>A106009</attrlabl>
<attrdef>Total Females of Mongolian People by County</attrdef>
</attr>
<attr>
<attrlabl>A106010</attrlabl>
<attrdef>Total Population of Hue People by County</attrdef>
</attr>
<attr>
<attrlabl>A106011</attrlabl>
<attrdef>Total Males of Hui People by County</attrdef>
</attr>
<attr>
<attrlabl>A106012</attrlabl>
<attrdef>Total Females of Hui People by County</attrdef>
</attr>
<attr>
<attrlabl>A106013</attrlabl>
<attrdef>Total Population of Tibetan People by County</attrdef>
</attr>
<attr>
<attrlabl>A106014</attrlabl>
<attrdef>Total Males of Tibetan People by County</attrdef>
</attr>
<attr>
<attrlabl>A106015</attrlabl>
<attrdef>Total Females of Tibetan People by County</attrdef>
</attr>
<attr>
<attrlabl>A106016</attrlabl>
<attrdef>Total Population of Uygur People by County</attrdef>
</attr>
<attr>
<attrlabl>A106017</attrlabl>
<attrdef>Total Males of Uygur People by County</attrdef>
</attr>
<attr>
<attrlabl>A106018</attrlabl>
<attrdef>Total Females of Uygur People by County</attrdef>
</attr>
<attr>
<attrlabl>A106019</attrlabl>
<attrdef>Total Population of Miao People by County</attrdef>
</attr>
<attr>
<attrlabl>A106020</attrlabl>
<attrdef>Total Males of Miao People by County</attrdef>
</attr>
<attr>
<attrlabl>A106021</attrlabl>
<attrdef>Total Females of Miao People by County</attrdef>
</attr>
<attr>
<attrlabl>A106022</attrlabl>
<attrdef>Total Population of Yi People by County</attrdef>
</attr>
<attr>
<attrlabl>A106023</attrlabl>
<attrdef>Total Males of Yi People by County</attrdef>
</attr>
<attr>
<attrlabl>A106024</attrlabl>
<attrdef>Total Females of Yi People by County</attrdef>
</attr>
<attr>
<attrlabl>A106025</attrlabl>
<attrdef>Total Population of Zhuang People by County</attrdef>
</attr>
<attr>
<attrlabl>A106026</attrlabl>
<attrdef>Total Males of Zhuang People by County</attrdef>
</attr>
<attr>
<attrlabl>A106027</attrlabl>
<attrdef>Total Females of Zhuang People by County</attrdef>
</attr>
<attr>
<attrlabl>A106028</attrlabl>
<attrdef>Total Population of Bouyei People by County</attrdef>
</attr>
<attr>
<attrlabl>A106029</attrlabl>
<attrdef>Total Males of Bouyei People by County</attrdef>
</attr>
<attr>
<attrlabl>A106030</attrlabl>
<attrdef>Total Females of Bouyei People by County</attrdef>
</attr>
<attr>
<attrlabl>A106031</attrlabl>
<attrdef>Total Population of Korean People by County</attrdef>
</attr>
<attr>
<attrlabl>A106032</attrlabl>
<attrdef>Total Males of Korean People by County</attrdef>
</attr>
<attr>
<attrlabl>A106033</attrlabl>
<attrdef>Total Females of Korean People by County</attrdef>
</attr>
<attr>
<attrlabl>A106034</attrlabl>
<attrdef>Total Population of Manchu by County</attrdef>
</attr>
<attr>
<attrlabl>A106035</attrlabl>
<attrdef>Total Males of Manchu by County</attrdef>
</attr>
<attr>
<attrlabl>A106036</attrlabl>
<attrdef>Total Females of Manchu by County</attrdef>
</attr>
<attr>
<attrlabl>A106037</attrlabl>
<attrdef>Total Population of Dong People by County</attrdef>
</attr>
<attr>
<attrlabl>A106038</attrlabl>
<attrdef>Total Males of Dong People by County</attrdef>
</attr>
<attr>
<attrlabl>A106039</attrlabl>
<attrdef>Total Females of Dong People by County</attrdef>
</attr>
<attr>
<attrlabl>A106040</attrlabl>
<attrdef>Total Population of Yao People by County</attrdef>
</attr>
<attr>
<attrlabl>A106041</attrlabl>
<attrdef>Total Males of Yao People by County</attrdef>
</attr>
<attr>
<attrlabl>A106042</attrlabl>
<attrdef>Total Females of Yao People by County</attrdef>
</attr>
<attr>
<attrlabl>A106043</attrlabl>
<attrdef>Total Population of Bai People by County</attrdef>
</attr>
<attr>
<attrlabl>A106044</attrlabl>
<attrdef>Total Males of Bai People by County</attrdef>
</attr>
<attr>
<attrlabl>A106045</attrlabl>
<attrdef>Total Females of Bai People by County</attrdef>
</attr>
<attr>
<attrlabl>A106046</attrlabl>
<attrdef>Total Population of Tujia People by County</attrdef>
</attr>
<attr>
<attrlabl>A106047</attrlabl>
<attrdef>Total Males of Tujia People by County</attrdef>
</attr>
<attr>
<attrlabl>A106048</attrlabl>
<attrdef>Total Females of Tujia People by County</attrdef>
</attr>
<attr>
<attrlabl>A106049</attrlabl>
<attrdef>Total Population of Hani People by County</attrdef>
</attr>
<attr>
<attrlabl>A106050</attrlabl>
<attrdef>Total Males of Hani People by County</attrdef>
</attr>
<attr>
<attrlabl>A106051</attrlabl>
<attrdef>Total Females of Hani People by County</attrdef>
</attr>
<attr>
<attrlabl>A106052</attrlabl>
<attrdef>Total Population of Kazak People by County</attrdef>
</attr>
<attr>
<attrlabl>A106053</attrlabl>
<attrdef>Total Males of Kazak People by County</attrdef>
</attr>
<attr>
<attrlabl>A106054</attrlabl>
<attrdef>Total Females of Kazak People by County</attrdef>
</attr>
<attr>
<attrlabl>A106055</attrlabl>
<attrdef>Total Population of Dai People by County</attrdef>
</attr>
<attr>
<attrlabl>A106056</attrlabl>
<attrdef>Total Males of Dai People by County</attrdef>
</attr>
<attr>
<attrlabl>A106057</attrlabl>
<attrdef>Total Females of Dai People by County</attrdef>
</attr>
<attr>
<attrlabl>A106058</attrlabl>
<attrdef>Total Population of Li People by County</attrdef>
</attr>
<attr>
<attrlabl>A106059</attrlabl>
<attrdef>Total Males of Li People by County</attrdef>
</attr>
<attr>
<attrlabl>A106060</attrlabl>
<attrdef>Total Females of Li People by County</attrdef>
</attr>
<attr>
<attrlabl>A106061</attrlabl>
<attrdef>Total Population of Lisu People by County</attrdef>
</attr>
<attr>
<attrlabl>A106062</attrlabl>
<attrdef>Total Males of Lisu People by County</attrdef>
</attr>
<attr>
<attrlabl>A106063</attrlabl>
<attrdef>Total Females of Lisu People by County</attrdef>
</attr>
<attr>
<attrlabl>A106064</attrlabl>
<attrdef>Total Population of Va People by County</attrdef>
</attr>
<attr>
<attrlabl>A106065</attrlabl>
<attrdef>Total Males of Va People by County</attrdef>
</attr>
<attr>
<attrlabl>A106066</attrlabl>
<attrdef>Total Females of Va People by County</attrdef>
</attr>
<attr>
<attrlabl>A106067</attrlabl>
<attrdef>Total Population of She People by County</attrdef>
</attr>
<attr>
<attrlabl>A106068</attrlabl>
<attrdef>Total Males of She People by County</attrdef>
</attr>
<attr>
<attrlabl>A106069</attrlabl>
<attrdef>Total Females of She People by County</attrdef>
</attr>
<attr>
<attrlabl>A106070</attrlabl>
<attrdef>Total Population of Gaoshan People by County</attrdef>
</attr>
<attr>
<attrlabl>A106071</attrlabl>
<attrdef>Total Males of Gaoshan People by County</attrdef>
</attr>
<attr>
<attrlabl>A106072</attrlabl>
<attrdef>Total Females of Gaoshan People by County</attrdef>
</attr>
<attr>
<attrlabl>A106073</attrlabl>
<attrdef>Total Population of Lahu People by County</attrdef>
</attr>
<attr>
<attrlabl>A106074</attrlabl>
<attrdef>Total Males of Lahu People by County</attrdef>
</attr>
<attr>
<attrlabl>A106075</attrlabl>
<attrdef>Total Females of Lahu People by County</attrdef>
</attr>
<attr>
<attrlabl>A106076</attrlabl>
<attrdef>Total Population of Shui People by County</attrdef>
</attr>
<attr>
<attrlabl>A106077</attrlabl>
<attrdef>Total Males of Shui People by County</attrdef>
</attr>
<attr>
<attrlabl>A106078</attrlabl>
<attrdef>Total Females of Shui People by County</attrdef>
</attr>
<attr>
<attrlabl>A106079</attrlabl>
<attrdef>Total Population of Dongxiang People by County</attrdef>
</attr>
<attr>
<attrlabl>A106080</attrlabl>
<attrdef>Total Males of Dongxiang People by County</attrdef>
</attr>
<attr>
<attrlabl>A106081</attrlabl>
<attrdef>Total Females of Dongxiang People by County</attrdef>
</attr>
<attr>
<attrlabl>A106082</attrlabl>
<attrdef>Total Population of Naxi People by County</attrdef>
</attr>
<attr>
<attrlabl>A106083</attrlabl>
<attrdef>Total Males of Naxi People by County</attrdef>
</attr>
<attr>
<attrlabl>A106084</attrlabl>
<attrdef>Total Females of Naxi People by County</attrdef>
</attr>
<attr>
<attrlabl>A106085</attrlabl>
<attrdef>Total Population of Jingpo People by County</attrdef>
</attr>
<attr>
<attrlabl>A106086</attrlabl>
<attrdef>Total Males of Jingpo People by County</attrdef>
</attr>
<attr>
<attrlabl>A106087</attrlabl>
<attrdef>Total Females of Jingpo People by County</attrdef>
</attr>
<attr>
<attrlabl>A106088</attrlabl>
<attrdef>Total Population of Kirgiz People by County</attrdef>
</attr>
<attr>
<attrlabl>A106089</attrlabl>
<attrdef>Total Males of Kirgiz People by County</attrdef>
</attr>
<attr>
<attrlabl>A106090</attrlabl>
<attrdef>Total Females of Kirgiz People by County</attrdef>
</attr>
<attr>
<attrlabl>A106091</attrlabl>
<attrdef>Total Population of Tu People by County</attrdef>
</attr>
<attr>
<attrlabl>A106092</attrlabl>
<attrdef>Total Males of Tu People by County</attrdef>
</attr>
<attr>
<attrlabl>A106093</attrlabl>
<attrdef>Total Females of Tu People by County</attrdef>
</attr>
<attr>
<attrlabl>A106094</attrlabl>
<attrdef>Total Population of Daur People by County</attrdef>
</attr>
<attr>
<attrlabl>A106095</attrlabl>
<attrdef>Total Males of Daur People by County</attrdef>
</attr>
<attr>
<attrlabl>A106096</attrlabl>
<attrdef>Total Females of Daur People by County</attrdef>
</attr>
<attr>
<attrlabl>A106097</attrlabl>
<attrdef>Total Population of Mulam People by County</attrdef>
</attr>
<attr>
<attrlabl>A106098</attrlabl>
<attrdef>Total Males of Mulam People by County</attrdef>
</attr>
<attr>
<attrlabl>A106099</attrlabl>
<attrdef>Total Females of Mulam People by County</attrdef>
</attr>
<attr>
<attrlabl>A106100</attrlabl>
<attrdef>Total Population of Qiang People by County</attrdef>
</attr>
<attr>
<attrlabl>A106101</attrlabl>
<attrdef>Total Males of Qiang People by County</attrdef>
</attr>
<attr>
<attrlabl>A106102</attrlabl>
<attrdef>Total Females of Qiang People by County</attrdef>
</attr>
<attr>
<attrlabl>A106103</attrlabl>
<attrdef>Total Population of Blang People by County</attrdef>
</attr>
<attr>
<attrlabl>A106104</attrlabl>
<attrdef>Total Males of Blang People by County</attrdef>
</attr>
<attr>
<attrlabl>A106105</attrlabl>
<attrdef>Total Females of Blang People by County</attrdef>
</attr>
<attr>
<attrlabl>A106106</attrlabl>
<attrdef>Total Population of Salar People by County</attrdef>
</attr>
<attr>
<attrlabl>A106107</attrlabl>
<attrdef>Total Males of Salar People by County</attrdef>
</attr>
<attr>
<attrlabl>A106108</attrlabl>
<attrdef>Total Females of Salar People by County</attrdef>
</attr>
<attr>
<attrlabl>A106109</attrlabl>
<attrdef>Total Population of Maonan People by County</attrdef>
</attr>
<attr>
<attrlabl>A106110</attrlabl>
<attrdef>Total Males of Maonan People by County</attrdef>
</attr>
<attr>
<attrlabl>A106111</attrlabl>
<attrdef>Total Females of Maonan People by County</attrdef>
</attr>
<attr>
<attrlabl>A106112</attrlabl>
<attrdef>Total Population of Gelao People by County</attrdef>
</attr>
<attr>
<attrlabl>A106113</attrlabl>
<attrdef>Total Males of Gelao People by County</attrdef>
</attr>
<attr>
<attrlabl>A106114</attrlabl>
<attrdef>Total Females of Gelao People by County</attrdef>
</attr>
<attr>
<attrlabl>A106115</attrlabl>
<attrdef>Total Population of Xibe People by County</attrdef>
</attr>
<attr>
<attrlabl>A106116</attrlabl>
<attrdef>Total Males of Xibe People by County</attrdef>
</attr>
<attr>
<attrlabl>A106117</attrlabl>
<attrdef>Total Females of Xibe People by County</attrdef>
</attr>
<attr>
<attrlabl>A106118</attrlabl>
<attrdef>Total Population of Achang People by County</attrdef>
</attr>
<attr>
<attrlabl>A106119</attrlabl>
<attrdef>Total Males of Achang People by County</attrdef>
</attr>
<attr>
<attrlabl>A106120</attrlabl>
<attrdef>Total Females of Achang People by County</attrdef>
</attr>
<attr>
<attrlabl>A106121</attrlabl>
<attrdef>Total Population of Pumi People by County</attrdef>
</attr>
<attr>
<attrlabl>A106122</attrlabl>
<attrdef>Total Males of Pumi People by County</attrdef>
</attr>
<attr>
<attrlabl>A106123</attrlabl>
<attrdef>Total Females of Pumi People by County</attrdef>
</attr>
<attr>
<attrlabl>A106124</attrlabl>
<attrdef>Total Population of Tajik by County</attrdef>
</attr>
<attr>
<attrlabl>A106125</attrlabl>
<attrdef>Total Males of Tajik by County</attrdef>
</attr>
<attr>
<attrlabl>A106126</attrlabl>
<attrdef>Total Females of Tajik by County</attrdef>
</attr>
<attr>
<attrlabl>A106127</attrlabl>
<attrdef>Total Population of Nu People by County</attrdef>
</attr>
<attr>
<attrlabl>A106128</attrlabl>
<attrdef>Total Males of Nu People by County</attrdef>
</attr>
<attr>
<attrlabl>A106129</attrlabl>
<attrdef>Total Females of Nu People by County</attrdef>
</attr>
<attr>
<attrlabl>A106130</attrlabl>
<attrdef>Total Population of Ozbek People by County</attrdef>
</attr>
<attr>
<attrlabl>A106131</attrlabl>
<attrdef>Total Males of Ozbek People by County</attrdef>
</attr>
<attr>
<attrlabl>A106132</attrlabl>
<attrdef>Total Females of Ozbek People by County</attrdef>
</attr>
<attr>
<attrlabl>A106133</attrlabl>
<attrdef>Total Population of Russian People by County</attrdef>
</attr>
<attr>
<attrlabl>A106134</attrlabl>
<attrdef>Total Males of Russian People by County</attrdef>
</attr>
<attr>
<attrlabl>A106135</attrlabl>
<attrdef>Total Females of Russian People by County</attrdef>
</attr>
<attr>
<attrlabl>A106136</attrlabl>
<attrdef>Total Population of Ewenki People by County</attrdef>
</attr>
<attr>
<attrlabl>A106137</attrlabl>
<attrdef>Total Males of Ewenki People by County</attrdef>
</attr>
<attr>
<attrlabl>A106138</attrlabl>
<attrdef>Total Females of Ewenki People by County</attrdef>
</attr>
<attr>
<attrlabl>A106139</attrlabl>
<attrdef>Total Population of De'ang People by County</attrdef>
</attr>
<attr>
<attrlabl>A106140</attrlabl>
<attrdef>Total Males of De'ang People by County</attrdef>
</attr>
<attr>
<attrlabl>A106141</attrlabl>
<attrdef>Total Females of De'ang People by County</attrdef>
</attr>
<attr>
<attrlabl>A106142</attrlabl>
<attrdef>Total Population of Bonan People by County</attrdef>
</attr>
<attr>
<attrlabl>A106143</attrlabl>
<attrdef>Total Males of Bonan People by County</attrdef>
</attr>
<attr>
<attrlabl>A106144</attrlabl>
<attrdef>Total Females of Bonan People by County</attrdef>
</attr>
<attr>
<attrlabl>A106145</attrlabl>
<attrdef>Total Population of Yugur People by County</attrdef>
</attr>
<attr>
<attrlabl>A106146</attrlabl>
<attrdef>Total Males of Yugur People by County</attrdef>
</attr>
<attr>
<attrlabl>A106147</attrlabl>
<attrdef>Total Females of Yugur People by County</attrdef>
</attr>
<attr>
<attrlabl>A106148</attrlabl>
<attrdef>Total Population of Jing People by County</attrdef>
</attr>
<attr>
<attrlabl>A106149</attrlabl>
<attrdef>Total Males of Jing People by County</attrdef>
</attr>
<attr>
<attrlabl>A106150</attrlabl>
<attrdef>Total Females of Jing People by County</attrdef>
</attr>
<attr>
<attrlabl>A106151</attrlabl>
<attrdef>Total Population of Tatar by County</attrdef>
</attr>
<attr>
<attrlabl>A106152</attrlabl>
<attrdef>Total Males of Tatar by County</attrdef>
</attr>
<attr>
<attrlabl>A106153</attrlabl>
<attrdef>Total Females of Tatar by County</attrdef>
</attr>
<attr>
<attrlabl>A106154</attrlabl>
<attrdef>Total Population of Drung People by County</attrdef>
</attr>
<attr>
<attrlabl>A106155</attrlabl>
<attrdef>Total Males of Drung People by County</attrdef>
</attr>
<attr>
<attrlabl>A106156</attrlabl>
<attrdef>Total Females of Drung People by County</attrdef>
</attr>
<attr>
<attrlabl>A106157</attrlabl>
<attrdef>Total Population of Oroqen People by County</attrdef>
</attr>
<attr>
<attrlabl>A106158</attrlabl>
<attrdef>Total Males of Oroqen People by County</attrdef>
</attr>
<attr>
<attrlabl>A106159</attrlabl>
<attrdef>Total Females of Oroqen People by County</attrdef>
</attr>
<attr>
<attrlabl>A106160</attrlabl>
<attrdef>Total Population of Hezhen People by County</attrdef>
</attr>
<attr>
<attrlabl>A106161</attrlabl>
<attrdef>Total Males of Hezhen People by County</attrdef>
</attr>
<attr>
<attrlabl>A106162</attrlabl>
<attrdef>Total Females of Hezhen People by County</attrdef>
</attr>
<attr>
<attrlabl>A106163</attrlabl>
<attrdef>Total Population of Moinba People by County</attrdef>
</attr>
<attr>
<attrlabl>A106164</attrlabl>
<attrdef>Total Males of Moinba People by County</attrdef>
</attr>
<attr>
<attrlabl>A106165</attrlabl>
<attrdef>Total Females of Moinba People by County</attrdef>
</attr>
<attr>
<attrlabl>A106166</attrlabl>
<attrdef>Total Population of Lhoba People by County</attrdef>
</attr>
<attr>
<attrlabl>A106167</attrlabl>
<attrdef>Total Males of Lhoba People by County</attrdef>
</attr>
<attr>
<attrlabl>A106168</attrlabl>
<attrdef>Total Females of Lhoba People by County</attrdef>
</attr>
<attr>
<attrlabl>A106169</attrlabl>
<attrdef>Total Population of Jino People by County</attrdef>
</attr>
<attr>
<attrlabl>A106170</attrlabl>
<attrdef>Total Males of Jino People by County</attrdef>
</attr>
<attr>
<attrlabl>A106171</attrlabl>
<attrdef>Total Females of Jino People by County</attrdef>
</attr>
<attr>
<attrlabl>A106172</attrlabl>
<attrdef>Total Population of Unidentified Peoples by County</attrdef>
</attr>
<attr>
<attrlabl>A106173</attrlabl>
<attrdef>Total Males of Unidentified Peoples by County</attrdef>
</attr>
<attr>
<attrlabl>A106174</attrlabl>
<attrdef>Total Females of Unidentified Peoples by County</attrdef>
</attr>
<attr>
<attrlabl>A106175</attrlabl>
<attrdef>Total Population of Chinese Foreigners by County</attrdef>
</attr>
<attr>
<attrlabl>A106176</attrlabl>
<attrdef>Total Males of Chinese Foreigners by County</attrdef>
</attr>
<attr>
<attrlabl>A106177</attrlabl>
<attrdef>Total Females of Chinese Foreigners by County</attrdef>
</attr>
<attr>
<attrlabl>A107001</attrlabl>
<attrdef>Total Population by County</attrdef>
</attr>
<attr>
<attrlabl>A107002</attrlabl>
<attrdef>Total Males by County</attrdef>
</attr>
<attr>
<attrlabl>A107003</attrlabl>
<attrdef>Total Females by County</attrdef>
</attr>
<attr>
<attrlabl>A107004</attrlabl>
<attrdef>Total Population at 0 Age by County</attrdef>
</attr>
<attr>
<attrlabl>A107005</attrlabl>
<attrdef>Total Males at 0 Age by County</attrdef>
</attr>
<attr>
<attrlabl>A107006</attrlabl>
<attrdef>Total Females at 0 Age by County</attrdef>
</attr>
<attr>
<attrlabl>A107007</attrlabl>
<attrdef>Total Population at 1-4 Age by County</attrdef>
</attr>
<attr>
<attrlabl>A107008</attrlabl>
<attrdef>Total Males at 1-4 Age by County</attrdef>
</attr>
<attr>
<attrlabl>A107009</attrlabl>
<attrdef>Total Females at 1-4 Age by County</attrdef>
</attr>
<attr>
<attrlabl>A107010</attrlabl>
<attrdef>Total Population at 5-9 Age by County</attrdef>
</attr>
<attr>
<attrlabl>A107011</attrlabl>
<attrdef>Total Males at 5-9 Age by County</attrdef>
</attr>
<attr>
<attrlabl>A107012</attrlabl>
<attrdef>Total Females at 5-9 Age by County</attrdef>
</attr>
<attr>
<attrlabl>A107013</attrlabl>
<attrdef>Total Population at 10-14 Age by County</attrdef>
</attr>
<attr>
<attrlabl>A107014</attrlabl>
<attrdef>Total Males at 10-14 Age by County</attrdef>
</attr>
<attr>
<attrlabl>A107015</attrlabl>
<attrdef>Total Females at 10-14 Age by County</attrdef>
</attr>
<attr>
<attrlabl>A107016</attrlabl>
<attrdef>Total Population at 15-19 Age by County</attrdef>
</attr>
<attr>
<attrlabl>A107017</attrlabl>
<attrdef>Total Males at 15-19 Age by County</attrdef>
</attr>
<attr>
<attrlabl>A107018</attrlabl>
<attrdef>Total Females at 15-19 Age by County</attrdef>
</attr>
<attr>
<attrlabl>A107019</attrlabl>
<attrdef>Total Population at 20-24 Age by County</attrdef>
</attr>
<attr>
<attrlabl>A107020</attrlabl>
<attrdef>Total Males at 20-24 Age by County</attrdef>
</attr>
<attr>
<attrlabl>A107021</attrlabl>
<attrdef>Total Females at 20-24 Age by County</attrdef>
</attr>
<attr>
<attrlabl>A107022</attrlabl>
<attrdef>Total Population at 25-29 Age by County</attrdef>
</attr>
<attr>
<attrlabl>A107023</attrlabl>
<attrdef>Total Males at 25-29 Age by County</attrdef>
</attr>
<attr>
<attrlabl>A107024</attrlabl>
<attrdef>Total Females at 25-29 Age by County</attrdef>
</attr>
<attr>
<attrlabl>A107025</attrlabl>
<attrdef>Total Population at 30-34 Age by County</attrdef>
</attr>
<attr>
<attrlabl>A107026</attrlabl>
<attrdef>Total Males at 30-34 Age by County</attrdef>
</attr>
<attr>
<attrlabl>A107027</attrlabl>
<attrdef>Total Females at 30-34 Age by County</attrdef>
</attr>
<attr>
<attrlabl>A107028</attrlabl>
<attrdef>Total Population at 35-39 Age by County</attrdef>
</attr>
<attr>
<attrlabl>A107029</attrlabl>
<attrdef>Total Males at 35-39 Age by County</attrdef>
</attr>
<attr>
<attrlabl>A107030</attrlabl>
<attrdef>Total Females at 35-39 Age by County</attrdef>
</attr>
<attr>
<attrlabl>A107031</attrlabl>
<attrdef>Total Population at 40-44 Age by County</attrdef>
</attr>
<attr>
<attrlabl>A107032</attrlabl>
<attrdef>Total Males at 40-44 Age by County</attrdef>
</attr>
<attr>
<attrlabl>A107033</attrlabl>
<attrdef>Total Females at 40-44 Age by County</attrdef>
</attr>
<attr>
<attrlabl>A107034</attrlabl>
<attrdef>Total Population at 45-49 Age by County</attrdef>
</attr>
<attr>
<attrlabl>A107035</attrlabl>
<attrdef>Total Males at 45-49 Age by County</attrdef>
</attr>
<attr>
<attrlabl>A107036</attrlabl>
<attrdef>Total Females at 45-49 Age by County</attrdef>
</attr>
<attr>
<attrlabl>A107037</attrlabl>
<attrdef>Total Population at 50-54 Age by County</attrdef>
</attr>
<attr>
<attrlabl>A107038</attrlabl>
<attrdef>Total Males at 50-54 Age by County</attrdef>
</attr>
<attr>
<attrlabl>A107039</attrlabl>
<attrdef>Total Females at 50-54 Age by County</attrdef>
</attr>
<attr>
<attrlabl>A107040</attrlabl>
<attrdef>Total Population at 55-59 Age by County</attrdef>
</attr>
<attr>
<attrlabl>A107041</attrlabl>
<attrdef>Total Males at 55-59 Age by County</attrdef>
</attr>
<attr>
<attrlabl>A107042</attrlabl>
<attrdef>Total Females at 55-59 Age by County</attrdef>
</attr>
<attr>
<attrlabl>A107043</attrlabl>
<attrdef>Total Population at 60-64 Age by County</attrdef>
</attr>
<attr>
<attrlabl>A107044</attrlabl>
<attrdef>Total Males at 60-64 Age by County</attrdef>
</attr>
<attr>
<attrlabl>A107045</attrlabl>
<attrdef>Total Females at 60-64 Age by County</attrdef>
</attr>
<attr>
<attrlabl>A107046</attrlabl>
<attrdef>Total Population at 65-69 Age by County</attrdef>
</attr>
<attr>
<attrlabl>A107047</attrlabl>
<attrdef>Total Males at 65-69 Age by County</attrdef>
</attr>
<attr>
<attrlabl>A107048</attrlabl>
<attrdef>Total Females at 65-69 Age by County</attrdef>
</attr>
<attr>
<attrlabl>A107049</attrlabl>
<attrdef>Total Population at 70-74 Age by County</attrdef>
</attr>
<attr>
<attrlabl>A107050</attrlabl>
<attrdef>Total Males at 70-74 Age by County</attrdef>
</attr>
<attr>
<attrlabl>A107051</attrlabl>
<attrdef>Total Females at 70-74 Age by County</attrdef>
</attr>
<attr>
<attrlabl>A107052</attrlabl>
<attrdef>Total Population at 75-79 Age by County</attrdef>
</attr>
<attr>
<attrlabl>A107053</attrlabl>
<attrdef>Total Males at 75-79 Age by County</attrdef>
</attr>
<attr>
<attrlabl>A107054</attrlabl>
<attrdef>Total Females at 75-79 Age by County</attrdef>
</attr>
<attr>
<attrlabl>A107055</attrlabl>
<attrdef>Total Population at 80-84 Age by County</attrdef>
</attr>
<attr>
<attrlabl>A107056</attrlabl>
<attrdef>Total Males at 80-84 Age by County</attrdef>
</attr>
<attr>
<attrlabl>A107057</attrlabl>
<attrdef>Total Females at 80-84 Age by County</attrdef>
</attr>
<attr>
<attrlabl>A107058</attrlabl>
<attrdef>Total Population at 85-89 Age by County</attrdef>
</attr>
<attr>
<attrlabl>A107059</attrlabl>
<attrdef>Total Males at 85-89 Age by County</attrdef>
</attr>
<attr>
<attrlabl>A107060</attrlabl>
<attrdef>Total Females at 85-89 Age by County</attrdef>
</attr>
<attr>
<attrlabl>A107061</attrlabl>
<attrdef>Total Population at 90-94 Age by County</attrdef>
</attr>
<attr>
<attrlabl>A107062</attrlabl>
<attrdef>Total Males at 90-94 Age by County</attrdef>
</attr>
<attr>
<attrlabl>A107063</attrlabl>
<attrdef>Total Females at 90-94 Age by County</attrdef>
</attr>
<attr>
<attrlabl>A107064</attrlabl>
<attrdef>Total Population at 95-99 Age by County</attrdef>
</attr>
<attr>
<attrlabl>A107065</attrlabl>
<attrdef>Total Males at 95-99 Age by County</attrdef>
</attr>
<attr>
<attrlabl>A107066</attrlabl>
<attrdef>Total Females at 95-99 Age by County</attrdef>
</attr>
<attr>
<attrlabl>A107067</attrlabl>
<attrdef>Total Population at 100 Age and Over by County</attrdef>
</attr>
<attr>
<attrlabl>A107068</attrlabl>
<attrdef>Total Males at 100 Age and Over by County</attrdef>
</attr>
<attr>
<attrlabl>A107069</attrlabl>
<attrdef>Total Females at 100 Age and Over by County</attrdef>
</attr>
<attr>
<attrlabl>A108001</attrlabl>
<attrdef>Total P aged 6+</attrdef>
</attr>
<attr>
<attrlabl>A108002</attrlabl>
<attrdef>Total M aged 6+</attrdef>
</attr>
<attr>
<attrlabl>A108003</attrlabl>
<attrdef>Total F aged 6+</attrdef>
</attr>
<attr>
<attrlabl>A108004</attrlabl>
<attrdef>P No Schooling</attrdef>
</attr>
<attr>
<attrlabl>A108005</attrlabl>
<attrdef>M No Schooling</attrdef>
</attr>
<attr>
<attrlabl>A108006</attrlabl>
<attrdef>F No Schooling</attrdef>
</attr>
<attr>
<attrlabl>A108007</attrlabl>
<attrdef>P Eliminate Illiteracy</attrdef>
</attr>
<attr>
<attrlabl>A108008</attrlabl>
<attrdef>M Eliminate Illiteracy</attrdef>
</attr>
<attr>
<attrlabl>A108009</attrlabl>
<attrdef>F Eliminate Illiteracy</attrdef>
</attr>
<attr>
<attrlabl>A108010</attrlabl>
<attrdef>P Primary School</attrdef>
</attr>
<attr>
<attrlabl>A108011</attrlabl>
<attrdef>M Primary School</attrdef>
</attr>
<attr>
<attrlabl>A108012</attrlabl>
<attrdef>F Primary School</attrdef>
</attr>
<attr>
<attrlabl>A108013</attrlabl>
<attrdef>P Junior Middle School</attrdef>
</attr>
<attr>
<attrlabl>A108014</attrlabl>
<attrdef>M Junior Middle School</attrdef>
</attr>
<attr>
<attrlabl>A108015</attrlabl>
<attrdef>F Junior Middle School</attrdef>
</attr>
<attr>
<attrlabl>A108016</attrlabl>
<attrdef>P Senior Middle School</attrdef>
</attr>
<attr>
<attrlabl>A108017</attrlabl>
<attrdef>M Senior Middle School</attrdef>
</attr>
<attr>
<attrlabl>A108018</attrlabl>
<attrdef>F Senior Middle School</attrdef>
</attr>
<attr>
<attrlabl>A108019</attrlabl>
<attrdef>P Specialized Secondary School</attrdef>
</attr>
<attr>
<attrlabl>A108020</attrlabl>
<attrdef>M Specialized Secondary School</attrdef>
</attr>
<attr>
<attrlabl>A108021</attrlabl>
<attrdef>F Specialized Secondary School</attrdef>
</attr>
<attr>
<attrlabl>A108022</attrlabl>
<attrdef>P Junior College</attrdef>
</attr>
<attr>
<attrlabl>A108023</attrlabl>
<attrdef>M Junior College</attrdef>
</attr>
<attr>
<attrlabl>A108024</attrlabl>
<attrdef>F Junior College</attrdef>
</attr>
<attr>
<attrlabl>A108025</attrlabl>
<attrdef>P University</attrdef>
</attr>
<attr>
<attrlabl>A108026</attrlabl>
<attrdef>M University</attrdef>
</attr>
<attr>
<attrlabl>A108027</attrlabl>
<attrdef>F University</attrdef>
</attr>
<attr>
<attrlabl>A108028</attrlabl>
<attrdef>P Graduate Student</attrdef>
</attr>
<attr>
<attrlabl>A108029</attrlabl>
<attrdef>M Graduate Student</attrdef>
</attr>
<attr>
<attrlabl>A108030</attrlabl>
<attrdef>F Graduate Student</attrdef>
</attr>
<attr>
<attrlabl>A109001</attrlabl>
<attrdef>Total P 15+</attrdef>
</attr>
<attr>
<attrlabl>A109002</attrlabl>
<attrdef>Total M 15+</attrdef>
</attr>
<attr>
<attrlabl>A109003</attrlabl>
<attrdef>Total F 15+</attrdef>
</attr>
<attr>
<attrlabl>A109004</attrlabl>
<attrdef>P Illiterate</attrdef>
</attr>
<attr>
<attrlabl>A109005</attrlabl>
<attrdef>M Illiterate</attrdef>
</attr>
<attr>
<attrlabl>A109006</attrlabl>
<attrdef>F Illiterate</attrdef>
</attr>
<attr>
<attrlabl>A109007</attrlabl>
<attrdef>P to Total P 15+(%)</attrdef>
</attr>
<attr>
<attrlabl>A109008</attrlabl>
<attrdef>M to Total P 15+(%)</attrdef>
</attr>
<attr>
<attrlabl>A109009</attrlabl>
<attrdef>F to Total P 15+(%)</attrdef>
</attr>
<attr>
<attrlabl>A110001</attrlabl>
<attrdef>Total no. of H</attrdef>
</attr>
<attr>
<attrlabl>A110002</attrlabl>
<attrdef>Total percent of H</attrdef>
</attr>
<attr>
<attrlabl>A110003</attrlabl>
<attrdef>Total no. of H for One Person</attrdef>
</attr>
<attr>
<attrlabl>A110004</attrlabl>
<attrdef>Percent of no. of H for One Person</attrdef>
</attr>
<attr>
<attrlabl>A110005</attrlabl>
<attrdef>Total no. of H for Two Persons</attrdef>
</attr>
<attr>
<attrlabl>A110006</attrlabl>
<attrdef>Percent of no. of H for Two Person</attrdef>
</attr>
<attr>
<attrlabl>A110007</attrlabl>
<attrdef>Total no. of H for Three Persons</attrdef>
</attr>
<attr>
<attrlabl>A110008</attrlabl>
<attrdef>Percent of no. of H for Three Persons</attrdef>
</attr>
<attr>
<attrlabl>A110009</attrlabl>
<attrdef>Total no. of H for Four Persons</attrdef>
</attr>
<attr>
<attrlabl>A110010</attrlabl>
<attrdef>Percent of no. of H for Four Persons</attrdef>
</attr>
<attr>
<attrlabl>A110011</attrlabl>
<attrdef>Total no. of H for Five Persons</attrdef>
</attr>
<attr>
<attrlabl>A110012</attrlabl>
<attrdef>Percent of no. of H for Five Persons</attrdef>
</attr>
<attr>
<attrlabl>A110013</attrlabl>
<attrdef>Total no. of H for Six Persons</attrdef>
</attr>
<attr>
<attrlabl>A110014</attrlabl>
<attrdef>Percent of no. of H for Six Persons</attrdef>
</attr>
<attr>
<attrlabl>A110015</attrlabl>
<attrdef>Total no. of H for Seven Persons</attrdef>
</attr>
<attr>
<attrlabl>A110016</attrlabl>
<attrdef>Percent of no. of H for Seven Persons</attrdef>
</attr>
<attr>
<attrlabl>A110017</attrlabl>
<attrdef>Total no. of H for Eight Persons</attrdef>
</attr>
<attr>
<attrlabl>A110018</attrlabl>
<attrdef>Percent of no. of H for Eight Persons</attrdef>
</attr>
<attr>
<attrlabl>A110019</attrlabl>
<attrdef>Total no. of H for Nine Persons</attrdef>
</attr>
<attr>
<attrlabl>A110020</attrlabl>
<attrdef>Percent of no. of H for Nine Persons</attrdef>
</attr>
<attr>
<attrlabl>A110021</attrlabl>
<attrdef>Total no. of H for Ten Persons and Over</attrdef>
</attr>
<attr>
<attrlabl>A110022</attrlabl>
<attrdef>Percent of no. of H for Ten Persons and Over</attrdef>
</attr>
<attr>
<attrlabl>A111001</attrlabl>
<attrdef>Total no. of Households</attrdef>
</attr>
<attr>
<attrlabl>A111002</attrlabl>
<attrdef>% in Total no.of Households</attrdef>
</attr>
<attr>
<attrlabl>A111003</attrlabl>
<attrdef>One Generation</attrdef>
</attr>
<attr>
<attrlabl>A111004</attrlabl>
<attrdef>% in Total no.of Households</attrdef>
</attr>
<attr>
<attrlabl>A111005</attrlabl>
<attrdef>Two Generations</attrdef>
</attr>
<attr>
<attrlabl>A111006</attrlabl>
<attrdef>% in Total no. of Households</attrdef>
</attr>
<attr>
<attrlabl>A111007</attrlabl>
<attrdef>Three Generations</attrdef>
</attr>
<attr>
<attrlabl>A111008</attrlabl>
<attrdef>% in Total no. of Households</attrdef>
</attr>
<attr>
<attrlabl>A111009</attrlabl>
<attrdef>Four Generations</attrdef>
</attr>
<attr>
<attrlabl>A111010</attrlabl>
<attrdef>% in Total no. of Households</attrdef>
</attr>
<attr>
<attrlabl>A111011</attrlabl>
<attrdef>Five and Over Generations</attrdef>
</attr>
<attr>
<attrlabl>A111012</attrlabl>
<attrdef>% in Total no. of Households</attrdef>
</attr>
<attr>
<attrlabl>A112001</attrlabl>
<attrdef>All births</attrdef>
</attr>
<attr>
<attrlabl>A112002</attrlabl>
<attrdef>M births</attrdef>
</attr>
<attr>
<attrlabl>A112003</attrlabl>
<attrdef>F births</attrdef>
</attr>
<attr>
<attrlabl>A112004</attrlabl>
<attrdef>All births November of 1999</attrdef>
</attr>
<attr>
<attrlabl>A112005</attrlabl>
<attrdef>M births November of 1999</attrdef>
</attr>
<attr>
<attrlabl>A112006</attrlabl>
<attrdef>F births November of 1999</attrdef>
</attr>
<attr>
<attrlabl>A112007</attrlabl>
<attrdef>All births December of 1999</attrdef>
</attr>
<attr>
<attrlabl>A112008</attrlabl>
<attrdef>M births December of 1999</attrdef>
</attr>
<attr>
<attrlabl>A112009</attrlabl>
<attrdef>F births December of 1999</attrdef>
</attr>
<attr>
<attrlabl>A112010</attrlabl>
<attrdef>All births January of 2000</attrdef>
</attr>
<attr>
<attrlabl>A112011</attrlabl>
<attrdef>M births January of 2000</attrdef>
</attr>
<attr>
<attrlabl>A112012</attrlabl>
<attrdef>F births January of 2000</attrdef>
</attr>
<attr>
<attrlabl>A112013</attrlabl>
<attrdef>All births February of 2000</attrdef>
</attr>
<attr>
<attrlabl>A112014</attrlabl>
<attrdef>M births February of 2000</attrdef>
</attr>
<attr>
<attrlabl>A112015</attrlabl>
<attrdef>F births February of 2000</attrdef>
</attr>
<attr>
<attrlabl>A112016</attrlabl>
<attrdef>All births March of 2000</attrdef>
</attr>
<attr>
<attrlabl>A112017</attrlabl>
<attrdef>M births March of 2000</attrdef>
</attr>
<attr>
<attrlabl>A112018</attrlabl>
<attrdef>F births March of 2000</attrdef>
</attr>
<attr>
<attrlabl>A112019</attrlabl>
<attrdef>All births April of 2000</attrdef>
</attr>
<attr>
<attrlabl>A112020</attrlabl>
<attrdef>M births April of 2000</attrdef>
</attr>
<attr>
<attrlabl>A112021</attrlabl>
<attrdef>F births April of 2000</attrdef>
</attr>
<attr>
<attrlabl>A112022</attrlabl>
<attrdef>All births May of 2000</attrdef>
</attr>
<attr>
<attrlabl>A112023</attrlabl>
<attrdef>M births May of 2000</attrdef>
</attr>
<attr>
<attrlabl>A112024</attrlabl>
<attrdef>F births May of 2000</attrdef>
</attr>
<attr>
<attrlabl>A112025</attrlabl>
<attrdef>All births June of 2000</attrdef>
</attr>
<attr>
<attrlabl>A112026</attrlabl>
<attrdef>M births June of 2000</attrdef>
</attr>
<attr>
<attrlabl>A112027</attrlabl>
<attrdef>F births June of 2000</attrdef>
</attr>
<attr>
<attrlabl>A112028</attrlabl>
<attrdef>All births July of 2000</attrdef>
</attr>
<attr>
<attrlabl>A112029</attrlabl>
<attrdef>M births July of 2000</attrdef>
</attr>
<attr>
<attrlabl>A112030</attrlabl>
<attrdef>F births July of 2000</attrdef>
</attr>
<attr>
<attrlabl>A112031</attrlabl>
<attrdef>All births August of 2000</attrdef>
</attr>
<attr>
<attrlabl>A112032</attrlabl>
<attrdef>M births August of 2000</attrdef>
</attr>
<attr>
<attrlabl>A112033</attrlabl>
<attrdef>F births August of 2000</attrdef>
</attr>
<attr>
<attrlabl>A112034</attrlabl>
<attrdef>All births September of 2000</attrdef>
</attr>
<attr>
<attrlabl>A112035</attrlabl>
<attrdef>M births September of 2000</attrdef>
</attr>
<attr>
<attrlabl>A112036</attrlabl>
<attrdef>F births September of 2000</attrdef>
</attr>
<attr>
<attrlabl>A112037</attrlabl>
<attrdef>All births October of 2000</attrdef>
</attr>
<attr>
<attrlabl>A112038</attrlabl>
<attrdef>M births October of 2000</attrdef>
</attr>
<attr>
<attrlabl>A112039</attrlabl>
<attrdef>F births October of 2000</attrdef>
</attr>
<attr>
<attrlabl>A113001</attrlabl>
<attrdef>All deaths</attrdef>
</attr>
<attr>
<attrlabl>A113002</attrlabl>
<attrdef>M deaths</attrdef>
</attr>
<attr>
<attrlabl>A113003</attrlabl>
<attrdef>F deaths</attrdef>
</attr>
<attr>
<attrlabl>A113004</attrlabl>
<attrdef>All deaths November of 1999</attrdef>
</attr>
<attr>
<attrlabl>A113005</attrlabl>
<attrdef>M deaths November of 1999</attrdef>
</attr>
<attr>
<attrlabl>A113006</attrlabl>
<attrdef>F deaths November of 1999</attrdef>
</attr>
<attr>
<attrlabl>A113007</attrlabl>
<attrdef>All deaths December of 1999</attrdef>
</attr>
<attr>
<attrlabl>A113008</attrlabl>
<attrdef>M deaths December of 1999</attrdef>
</attr>
<attr>
<attrlabl>A113009</attrlabl>
<attrdef>F deaths December of 1999</attrdef>
</attr>
<attr>
<attrlabl>A113010</attrlabl>
<attrdef>All deaths January of 2000</attrdef>
</attr>
<attr>
<attrlabl>A113011</attrlabl>
<attrdef>M deaths January of 2000</attrdef>
</attr>
<attr>
<attrlabl>A113012</attrlabl>
<attrdef>F deaths January of 2000</attrdef>
</attr>
<attr>
<attrlabl>A113013</attrlabl>
<attrdef>All deaths February of 2000</attrdef>
</attr>
<attr>
<attrlabl>A113014</attrlabl>
<attrdef>M deaths February of 2000</attrdef>
</attr>
<attr>
<attrlabl>A113015</attrlabl>
<attrdef>F deaths February of 2000</attrdef>
</attr>
<attr>
<attrlabl>A113016</attrlabl>
<attrdef>All deaths March of 2000</attrdef>
</attr>
<attr>
<attrlabl>A113017</attrlabl>
<attrdef>M deaths March of 2000</attrdef>
</attr>
<attr>
<attrlabl>A113018</attrlabl>
<attrdef>F deaths March of 2000</attrdef>
</attr>
<attr>
<attrlabl>A113019</attrlabl>
<attrdef>All deaths April of 2000</attrdef>
</attr>
<attr>
<attrlabl>A113020</attrlabl>
<attrdef>M deaths April of 2000</attrdef>
</attr>
<attr>
<attrlabl>A113021</attrlabl>
<attrdef>F deaths April of 2000</attrdef>
</attr>
<attr>
<attrlabl>A113022</attrlabl>
<attrdef>All deaths May of 2000</attrdef>
</attr>
<attr>
<attrlabl>A113023</attrlabl>
<attrdef>M deaths May of 2000</attrdef>
</attr>
<attr>
<attrlabl>A113024</attrlabl>
<attrdef>F deaths May of 2000</attrdef>
</attr>
<attr>
<attrlabl>A113025</attrlabl>
<attrdef>All deaths June of 2000</attrdef>
</attr>
<attr>
<attrlabl>A113026</attrlabl>
<attrdef>M deaths June of 2000</attrdef>
</attr>
<attr>
<attrlabl>A113027</attrlabl>
<attrdef>F deaths June of 2000</attrdef>
</attr>
<attr>
<attrlabl>A113028</attrlabl>
<attrdef>All deaths July of 2000</attrdef>
</attr>
<attr>
<attrlabl>A113029</attrlabl>
<attrdef>M deaths July of 2000</attrdef>
</attr>
<attr>
<attrlabl>A113030</attrlabl>
<attrdef>F deaths July of 2000</attrdef>
</attr>
<attr>
<attrlabl>A113031</attrlabl>
<attrdef>All deaths August of 2000</attrdef>
</attr>
<attr>
<attrlabl>A113032</attrlabl>
<attrdef>M deaths August of 2000</attrdef>
</attr>
<attr>
<attrlabl>A113033</attrlabl>
<attrdef>F deaths August of 2000</attrdef>
</attr>
<attr>
<attrlabl>A113034</attrlabl>
<attrdef>All deaths September of 2000</attrdef>
</attr>
<attr>
<attrlabl>A113035</attrlabl>
<attrdef>M deaths September of 2000</attrdef>
</attr>
<attr>
<attrlabl>A113036</attrlabl>
<attrdef>F deaths September of 2000</attrdef>
</attr>
<attr>
<attrlabl>A113037</attrlabl>
<attrdef>All deaths October of 2000</attrdef>
</attr>
<attr>
<attrlabl>A113038</attrlabl>
<attrdef>M deaths October of 2000</attrdef>
</attr>
<attr>
<attrlabl>A113039</attrlabl>
<attrdef>F deaths October of 2000</attrdef>
</attr>
<attr>
<attrlabl>A114001</attrlabl>
<attrdef>Number of Family Households (Households)</attrdef>
</attr>
<attr>
<attrlabl>A114002</attrlabl>
<attrdef>Persons of Family Households (Person)</attrdef>
</attr>
<attr>
<attrlabl>A114003</attrlabl>
<attrdef>Average Rooms of Household (room/household)</attrdef>
</attr>
<attr>
<attrlabl>A114004</attrlabl>
<attrdef>Average Floor Space of Building (sq.m/person)</attrdef>
</attr>
<attr>
<attrlabl>A302001</attrlabl>
<attrdef>Total P from Index of age composition by region (I)</attrdef>
</attr>
<attr>
<attrlabl>A302002</attrlabl>
<attrdef>P 0-14</attrdef>
</attr>
<attr>
<attrlabl>A302003</attrlabl>
<attrdef>P 15-64</attrdef>
</attr>
<attr>
<attrlabl>A302004</attrlabl>
<attrdef>P 65+</attrdef>
</attr>
<attr>
<attrlabl>A302005</attrlabl>
<attrdef>Total P to Total P(%)</attrdef>
</attr>
<attr>
<attrlabl>A302006</attrlabl>
<attrdef>P 0-14 to Total P(%)</attrdef>
</attr>
<attr>
<attrlabl>A302007</attrlabl>
<attrdef>P 15-64 to Total P(%)</attrdef>
</attr>
<attr>
<attrlabl>A302008</attrlabl>
<attrdef>P 65+ to Total P(%)</attrdef>
</attr>
<attr>
<attrlabl>A302009</attrlabl>
<attrdef>Total Dependency Ratio</attrdef>
</attr>
<attr>
<attrlabl>A302010</attrlabl>
<attrdef>Dependency Ratio of Children</attrdef>
</attr>
<attr>
<attrlabl>A302011</attrlabl>
<attrdef>Dependency Ratio of The Aged</attrdef>
</attr>
<attr>
<attrlabl>A303001</attrlabl>
<attrdef>Total P from Index of age composition by region (II)</attrdef>
</attr>
<attr>
<attrlabl>A303002</attrlabl>
<attrdef>P 0-14</attrdef>
</attr>
<attr>
<attrlabl>A303003</attrlabl>
<attrdef>P 15-64</attrdef>
</attr>
<attr>
<attrlabl>A303004</attrlabl>
<attrdef>P 65+</attrdef>
</attr>
<attr>
<attrlabl>A303005</attrlabl>
<attrdef>Total P to Total P(%)</attrdef>
</attr>
<attr>
<attrlabl>A303006</attrlabl>
<attrdef>P 0-14 to Total P(%)</attrdef>
</attr>
<attr>
<attrlabl>A303007</attrlabl>
<attrdef>P 15-64 to Total P(%)</attrdef>
</attr>
<attr>
<attrlabl>A303008</attrlabl>
<attrdef>P 65+ to Total P(%)</attrdef>
</attr>
<attr>
<attrlabl>A303009</attrlabl>
<attrdef>Total Dependency Ratio</attrdef>
</attr>
<attr>
<attrlabl>A303010</attrlabl>
<attrdef>Dependency Ratio of Children</attrdef>
</attr>
<attr>
<attrlabl>A303011</attrlabl>
<attrdef>Dependency Ratio of The Aged</attrdef>
</attr>
<attr>
<attrlabl>A502001</attrlabl>
<attrdef>Total family households with only one member by age and sex and by region</attrdef>
</attr>
<attr>
<attrlabl>A502002</attrlabl>
<attrdef>Male family households</attrdef>
</attr>
<attr>
<attrlabl>A502003</attrlabl>
<attrdef>Female family households</attrdef>
</attr>
<attr>
<attrlabl>A502004</attrlabl>
<attrdef>Total family households between 14 and under</attrdef>
</attr>
<attr>
<attrlabl>A502005</attrlabl>
<attrdef>Male family households between 14 and under</attrdef>
</attr>
<attr>
<attrlabl>A502006</attrlabl>
<attrdef>Female family households between 14 and under</attrdef>
</attr>
<attr>
<attrlabl>A502007</attrlabl>
<attrdef>Total family households between 15 and 19</attrdef>
</attr>
<attr>
<attrlabl>A502008</attrlabl>
<attrdef>Male family households between 15 and 19</attrdef>
</attr>
<attr>
<attrlabl>A502009</attrlabl>
<attrdef>Female family households between 15 and 19</attrdef>
</attr>
<attr>
<attrlabl>A502010</attrlabl>
<attrdef>Total family households between 20 and 24</attrdef>
</attr>
<attr>
<attrlabl>A502011</attrlabl>
<attrdef>Male family households between 20 and 24</attrdef>
</attr>
<attr>
<attrlabl>A502012</attrlabl>
<attrdef>Female family households between 20 and 24</attrdef>
</attr>
<attr>
<attrlabl>A502013</attrlabl>
<attrdef>Total family households between 25 and 29</attrdef>
</attr>
<attr>
<attrlabl>A502014</attrlabl>
<attrdef>Male family households between 25 and 29</attrdef>
</attr>
<attr>
<attrlabl>A502015</attrlabl>
<attrdef>Female family households between 25 and 29</attrdef>
</attr>
<attr>
<attrlabl>A502016</attrlabl>
<attrdef>Total family households between 30 and 34</attrdef>
</attr>
<attr>
<attrlabl>A502017</attrlabl>
<attrdef>Male family households between 30 and 34</attrdef>
</attr>
<attr>
<attrlabl>A502018</attrlabl>
<attrdef>Female family households between 30 and 34</attrdef>
</attr>
<attr>
<attrlabl>A502019</attrlabl>
<attrdef>Total family households between 35 and 39</attrdef>
</attr>
<attr>
<attrlabl>A502020</attrlabl>
<attrdef>Male family households between 35 and 39</attrdef>
</attr>
<attr>
<attrlabl>A502021</attrlabl>
<attrdef>Female family households between 35 and 39</attrdef>
</attr>
<attr>
<attrlabl>A502022</attrlabl>
<attrdef>Total family households between 40 and 44</attrdef>
</attr>
<attr>
<attrlabl>A502023</attrlabl>
<attrdef>Male family households between 40 and 44</attrdef>
</attr>
<attr>
<attrlabl>A502024</attrlabl>
<attrdef>Female family households between 40 and 44</attrdef>
</attr>
<attr>
<attrlabl>A502025</attrlabl>
<attrdef>Total family households between 45 and 49</attrdef>
</attr>
<attr>
<attrlabl>A502026</attrlabl>
<attrdef>Male family households between 45 and 49</attrdef>
</attr>
<attr>
<attrlabl>A502027</attrlabl>
<attrdef>Female family households between 45 and 49</attrdef>
</attr>
<attr>
<attrlabl>A502028</attrlabl>
<attrdef>Total family households between 50 and 54</attrdef>
</attr>
<attr>
<attrlabl>A502029</attrlabl>
<attrdef>Male family households between 50 and 54</attrdef>
</attr>
<attr>
<attrlabl>A502030</attrlabl>
<attrdef>Female family households between 50 and 54</attrdef>
</attr>
<attr>
<attrlabl>A502031</attrlabl>
<attrdef>Total family households between 55 and 59</attrdef>
</attr>
<attr>
<attrlabl>A502032</attrlabl>
<attrdef>Male family households between 55 and 59</attrdef>
</attr>
<attr>
<attrlabl>A502033</attrlabl>
<attrdef>Female family households between 55 and 59</attrdef>
</attr>
<attr>
<attrlabl>A502034</attrlabl>
<attrdef>Total family households between 60 and 64</attrdef>
</attr>
<attr>
<attrlabl>A502035</attrlabl>
<attrdef>Male family households between 60 and 64</attrdef>
</attr>
<attr>
<attrlabl>A502036</attrlabl>
<attrdef>Female family households between 60 and 64</attrdef>
</attr>
<attr>
<attrlabl>A502037</attrlabl>
<attrdef>Total family households between 65and over</attrdef>
</attr>
<attr>
<attrlabl>A502038</attrlabl>
<attrdef>Male family households between 65 and over</attrdef>
</attr>
<attr>
<attrlabl>A502039</attrlabl>
<attrdef>Female family households between 65 and over</attrdef>
</attr>
<attr>
<attrlabl>A503001</attrlabl>
<attrdef>Number of Family Households with one or more than one nationalities by region</attrdef>
</attr>
<attr>
<attrlabl>A503002</attrlabl>
<attrdef>Number of Family Households with one nationality</attrdef>
</attr>
<attr>
<attrlabl>A503003</attrlabl>
<attrdef>Percentage of Total Households for one Nationality</attrdef>
</attr>
<attr>
<attrlabl>A503004</attrlabl>
<attrdef>Households of Two Nationalities</attrdef>
</attr>
<attr>
<attrlabl>A503005</attrlabl>
<attrdef>Percentage of Total Households for Two Nationalities</attrdef>
</attr>
<attr>
<attrlabl>A503006</attrlabl>
<attrdef>Households of Three Nationalities</attrdef>
</attr>
<attr>
<attrlabl>A503007</attrlabl>
<attrdef>Percentage of Total Households for Three Nationalities</attrdef>
</attr>
<attr>
<attrlabl>A503008</attrlabl>
<attrdef>Households of Four Nationalities and over</attrdef>
</attr>
<attr>
<attrlabl>A503009</attrlabl>
<attrdef>Percentage of Total Households for Four Nationalities</attrdef>
</attr>
<attr>
<attrlabl>A504001</attrlabl>
<attrdef>Total Family Households with persons aged 0-19</attrdef>
</attr>
<attr>
<attrlabl>A504002</attrlabl>
<attrdef>Family Households with persons of 0-4 years olds</attrdef>
</attr>
<attr>
<attrlabl>A504003</attrlabl>
<attrdef>Family Households with persons of 5-9 years olds</attrdef>
</attr>
<attr>
<attrlabl>A504004</attrlabl>
<attrdef>Family Households with persons of 10-14 years olds</attrdef>
</attr>
<attr>
<attrlabl>A504005</attrlabl>
<attrdef>Family Households with persons of 15-19 years olds</attrdef>
</attr>
<attr>
<attrlabl>A505001</attrlabl>
<attrdef>Family households with persons aged 60+</attrdef>
</attr>
<attr>
<attrlabl>A505002</attrlabl>
<attrdef>Family households with One Persons of 60+</attrdef>
</attr>
<attr>
<attrlabl>A505003</attrlabl>
<attrdef>Family with one old person only</attrdef>
</attr>
<attr>
<attrlabl>A505004</attrlabl>
<attrdef>Family with one old person and other persons under age of adult</attrdef>
</attr>
<attr>
<attrlabl>A505005</attrlabl>
<attrdef>Family with One Persons of 60+(other)</attrdef>
</attr>
<attr>
<attrlabl>A505006</attrlabl>
<attrdef>Family households with Two Persons of 60+</attrdef>
</attr>
<attr>
<attrlabl>A505007</attrlabl>
<attrdef>Family with only one old couple</attrdef>
</attr>
<attr>
<attrlabl>A505008</attrlabl>
<attrdef>Family with one old couple and other persons under age of adult</attrdef>
</attr>
<attr>
<attrlabl>A505009</attrlabl>
<attrdef>Family households with Two Persons of 60+ (other)</attrdef>
</attr>
<attr>
<attrlabl>A505010</attrlabl>
<attrdef>Family households with Persons of 60+ (other)</attrdef>
</attr>
<attr>
<attrlabl>A506001</attrlabl>
<attrdef>Family households with persons aged 65+</attrdef>
</attr>
<attr>
<attrlabl>A506002</attrlabl>
<attrdef>Family households with One Persons of 65+</attrdef>
</attr>
<attr>
<attrlabl>A506003</attrlabl>
<attrdef>Family with one old person only</attrdef>
</attr>
<attr>
<attrlabl>A506004</attrlabl>
<attrdef>Family with one old person and other persons under age of adult</attrdef>
</attr>
<attr>
<attrlabl>A506005</attrlabl>
<attrdef>Family with One Persons of 65+(other)</attrdef>
</attr>
<attr>
<attrlabl>A506006</attrlabl>
<attrdef>Family households with Two Persons of 65+</attrdef>
</attr>
<attr>
<attrlabl>A506007</attrlabl>
<attrdef>Family with only one old couple</attrdef>
</attr>
<attr>
<attrlabl>A506008</attrlabl>
<attrdef>Family with one old couple and other persons under age of adult</attrdef>
</attr>
<attr>
<attrlabl>A506009</attrlabl>
<attrdef>Family households with Two Persons of 65+ (other)</attrdef>
</attr>
<attr>
<attrlabl>A506010</attrlabl>
<attrdef>Family households with Persons of 65+ (other)</attrdef>
</attr>
<attr>
<attrlabl>A601001</attrlabl>
<attrdef>Total deaths P, all ages and both sexes</attrdef>
</attr>
<attr>
<attrlabl>A601002</attrlabl>
<attrdef>Total deaths M, all ages</attrdef>
</attr>
<attr>
<attrlabl>A601003</attrlabl>
<attrdef>Total deaths F, all ages</attrdef>
</attr>
<attr>
<attrlabl>A601004</attrlabl>
<attrdef>deaths P 0</attrdef>
</attr>
<attr>
<attrlabl>A601005</attrlabl>
<attrdef>deaths M 0</attrdef>
</attr>
<attr>
<attrlabl>A601006</attrlabl>
<attrdef>deaths F 0</attrdef>
</attr>
<attr>
<attrlabl>A601007</attrlabl>
<attrdef>deaths P 1-4</attrdef>
</attr>
<attr>
<attrlabl>A601008</attrlabl>
<attrdef>deaths M 1-4</attrdef>
</attr>
<attr>
<attrlabl>A601009</attrlabl>
<attrdef>deaths F 1-4</attrdef>
</attr>
<attr>
<attrlabl>A601010</attrlabl>
<attrdef>deaths P 5-9</attrdef>
</attr>
<attr>
<attrlabl>A601011</attrlabl>
<attrdef>deaths M 5-9</attrdef>
</attr>
<attr>
<attrlabl>A601012</attrlabl>
<attrdef>deaths F 5-9</attrdef>
</attr>
<attr>
<attrlabl>A601013</attrlabl>
<attrdef>deaths P 10-14</attrdef>
</attr>
<attr>
<attrlabl>A601014</attrlabl>
<attrdef>deaths M 10-14</attrdef>
</attr>
<attr>
<attrlabl>A601015</attrlabl>
<attrdef>deaths F 10-14</attrdef>
</attr>
<attr>
<attrlabl>A601016</attrlabl>
<attrdef>deaths P 15-19</attrdef>
</attr>
<attr>
<attrlabl>A601017</attrlabl>
<attrdef>deaths M 15-19</attrdef>
</attr>
<attr>
<attrlabl>A601018</attrlabl>
<attrdef>deaths F 15-19</attrdef>
</attr>
<attr>
<attrlabl>A601019</attrlabl>
<attrdef>deaths P 20-24</attrdef>
</attr>
<attr>
<attrlabl>A601020</attrlabl>
<attrdef>deaths M 20-24</attrdef>
</attr>
<attr>
<attrlabl>A601021</attrlabl>
<attrdef>deaths F 20-24</attrdef>
</attr>
<attr>
<attrlabl>A601022</attrlabl>
<attrdef>deaths P 25-29</attrdef>
</attr>
<attr>
<attrlabl>A601023</attrlabl>
<attrdef>deaths M 25-29</attrdef>
</attr>
<attr>
<attrlabl>A601024</attrlabl>
<attrdef>deaths F 25-29</attrdef>
</attr>
<attr>
<attrlabl>A601025</attrlabl>
<attrdef>deaths P 30-34</attrdef>
</attr>
<attr>
<attrlabl>A601026</attrlabl>
<attrdef>deaths M 30-34</attrdef>
</attr>
<attr>
<attrlabl>A601027</attrlabl>
<attrdef>deaths F 30-34</attrdef>
</attr>
<attr>
<attrlabl>A601028</attrlabl>
<attrdef>deaths P 35-39</attrdef>
</attr>
<attr>
<attrlabl>A601029</attrlabl>
<attrdef>deaths M 35-39</attrdef>
</attr>
<attr>
<attrlabl>A601030</attrlabl>
<attrdef>deaths F 35-39</attrdef>
</attr>
<attr>
<attrlabl>A601031</attrlabl>
<attrdef>deaths P 40-44</attrdef>
</attr>
<attr>
<attrlabl>A601032</attrlabl>
<attrdef>deaths M 40-44</attrdef>
</attr>
<attr>
<attrlabl>A601033</attrlabl>
<attrdef>deaths F 40-44</attrdef>
</attr>
<attr>
<attrlabl>A601034</attrlabl>
<attrdef>deaths P 45-49</attrdef>
</attr>
<attr>
<attrlabl>A601035</attrlabl>
<attrdef>deaths M 45-49</attrdef>
</attr>
<attr>
<attrlabl>A601036</attrlabl>
<attrdef>deaths F 45-49</attrdef>
</attr>
<attr>
<attrlabl>A601037</attrlabl>
<attrdef>deaths P 50-54</attrdef>
</attr>
<attr>
<attrlabl>A601038</attrlabl>
<attrdef>deaths M 50-54</attrdef>
</attr>
<attr>
<attrlabl>A601039</attrlabl>
<attrdef>deaths F 50-54</attrdef>
</attr>
<attr>
<attrlabl>A601040</attrlabl>
<attrdef>deaths P 55-59</attrdef>
</attr>
<attr>
<attrlabl>A601041</attrlabl>
<attrdef>deaths M 55-59</attrdef>
</attr>
<attr>
<attrlabl>A601042</attrlabl>
<attrdef>deaths F 55-59</attrdef>
</attr>
<attr>
<attrlabl>A601043</attrlabl>
<attrdef>deaths P 60-64</attrdef>
</attr>
<attr>
<attrlabl>A601044</attrlabl>
<attrdef>deaths M 60-64</attrdef>
</attr>
<attr>
<attrlabl>A601045</attrlabl>
<attrdef>deaths F 60-64</attrdef>
</attr>
<attr>
<attrlabl>A601046</attrlabl>
<attrdef>deaths P 65-69</attrdef>
</attr>
<attr>
<attrlabl>A601047</attrlabl>
<attrdef>deaths M 65-69</attrdef>
</attr>
<attr>
<attrlabl>A601048</attrlabl>
<attrdef>deaths F 65-6</attrdef>
</attr>
<attr>
<attrlabl>A601049</attrlabl>
<attrdef>deaths P 70-74</attrdef>
</attr>
<attr>
<attrlabl>A601050</attrlabl>
<attrdef>deaths M 70-74</attrdef>
</attr>
<attr>
<attrlabl>A601051</attrlabl>
<attrdef>deaths F 70-74</attrdef>
</attr>
<attr>
<attrlabl>A601052</attrlabl>
<attrdef>deaths P 75-79</attrdef>
</attr>
<attr>
<attrlabl>A601053</attrlabl>
<attrdef>deaths M 75-79</attrdef>
</attr>
<attr>
<attrlabl>A601054</attrlabl>
<attrdef>deaths F 75-79</attrdef>
</attr>
<attr>
<attrlabl>A601055</attrlabl>
<attrdef>deaths P 80-84</attrdef>
</attr>
<attr>
<attrlabl>A601056</attrlabl>
<attrdef>deaths M 80-84</attrdef>
</attr>
<attr>
<attrlabl>A601057</attrlabl>
<attrdef>deaths F 80-84</attrdef>
</attr>
<attr>
<attrlabl>A601058</attrlabl>
<attrdef>deaths P 85-89</attrdef>
</attr>
<attr>
<attrlabl>A601059</attrlabl>
<attrdef>deaths M 85-89</attrdef>
</attr>
<attr>
<attrlabl>A601060</attrlabl>
<attrdef>deaths F 85-89</attrdef>
</attr>
<attr>
<attrlabl>A601061</attrlabl>
<attrdef>deaths P 90-94</attrdef>
</attr>
<attr>
<attrlabl>A601062</attrlabl>
<attrdef>deaths M 90-94</attrdef>
</attr>
<attr>
<attrlabl>A601063</attrlabl>
<attrdef>deaths F 90-94</attrdef>
</attr>
<attr>
<attrlabl>A601064</attrlabl>
<attrdef>deaths P 95-99</attrdef>
</attr>
<attr>
<attrlabl>A601065</attrlabl>
<attrdef>deaths M 95-99</attrdef>
</attr>
<attr>
<attrlabl>A601066</attrlabl>
<attrdef>deaths F 95-99</attrdef>
</attr>
<attr>
<attrlabl>A601067</attrlabl>
<attrdef>deaths P 100 and Over</attrdef>
</attr>
<attr>
<attrlabl>A601068</attrlabl>
<attrdef>deaths M 100 and Over</attrdef>
</attr>
<attr>
<attrlabl>A601069</attrlabl>
<attrdef>deaths F 100 and Over</attrdef>
</attr>
<attr>
<attrlabl>A602001</attrlabl>
<attrdef>Total Deaths P aged 6+</attrdef>
</attr>
<attr>
<attrlabl>A602002</attrlabl>
<attrdef>Total Deaths M aged 6+</attrdef>
</attr>
<attr>
<attrlabl>A602003</attrlabl>
<attrdef>Total Deaths F aged 6+</attrdef>
</attr>
<attr>
<attrlabl>A602004</attrlabl>
<attrdef>Deaths P No Schooling</attrdef>
</attr>
<attr>
<attrlabl>A602005</attrlabl>
<attrdef>Deaths M No Schooling</attrdef>
</attr>
<attr>
<attrlabl>A602006</attrlabl>
<attrdef>Deaths F No Schooling</attrdef>
</attr>
<attr>
<attrlabl>A602007</attrlabl>
<attrdef>Deaths P Eliminate Illiteracy</attrdef>
</attr>
<attr>
<attrlabl>A602008</attrlabl>
<attrdef>Deaths M Eliminate Illiteracy</attrdef>
</attr>
<attr>
<attrlabl>A602009</attrlabl>
<attrdef>Deaths F Eliminate Illiteracy</attrdef>
</attr>
<attr>
<attrlabl>A602010</attrlabl>
<attrdef>Deaths P Primary School</attrdef>
</attr>
<attr>
<attrlabl>A602011</attrlabl>
<attrdef>Deaths M Primary School</attrdef>
</attr>
<attr>
<attrlabl>A602012</attrlabl>
<attrdef>Deaths F Primary School</attrdef>
</attr>
<attr>
<attrlabl>A602013</attrlabl>
<attrdef>Deaths P Junior Middle School</attrdef>
</attr>
<attr>
<attrlabl>A602014</attrlabl>
<attrdef>Deaths M Junior Middle School</attrdef>
</attr>
<attr>
<attrlabl>A602015</attrlabl>
<attrdef>Deaths F Junior Middle School</attrdef>
</attr>
<attr>
<attrlabl>A602016</attrlabl>
<attrdef>Deaths P Senior Middle School</attrdef>
</attr>
<attr>
<attrlabl>A602017</attrlabl>
<attrdef>Deaths M Senior Middle School</attrdef>
</attr>
<attr>
<attrlabl>A602018</attrlabl>
<attrdef>Deaths F Senior Middle School</attrdef>
</attr>
<attr>
<attrlabl>A602019</attrlabl>
<attrdef>Deaths P Specialized Secondary School</attrdef>
</attr>
<attr>
<attrlabl>A602020</attrlabl>
<attrdef>Deaths M Specialized Secondary School</attrdef>
</attr>
<attr>
<attrlabl>A602021</attrlabl>
<attrdef>Deaths F Specialized Secondary School</attrdef>
</attr>
<attr>
<attrlabl>A602022</attrlabl>
<attrdef>Deaths P Junior College</attrdef>
</attr>
<attr>
<attrlabl>A602023</attrlabl>
<attrdef>Deaths M Junior College</attrdef>
</attr>
<attr>
<attrlabl>A602024</attrlabl>
<attrdef>Deaths F Junior College</attrdef>
</attr>
<attr>
<attrlabl>A602025</attrlabl>
<attrdef>Deaths P University</attrdef>
</attr>
<attr>
<attrlabl>A602026</attrlabl>
<attrdef>Deaths M University</attrdef>
</attr>
<attr>
<attrlabl>A602027</attrlabl>
<attrdef>Deaths F University</attrdef>
</attr>
<attr>
<attrlabl>A602028</attrlabl>
<attrdef>Deaths P Graduate Student</attrdef>
</attr>
<attr>
<attrlabl>A602029</attrlabl>
<attrdef>Deaths M Graduate Student</attrdef>
</attr>
<attr>
<attrlabl>A602030</attrlabl>
<attrdef>Deaths F Graduate Student</attrdef>
</attr>
<attr>
<attrlabl>A603001</attrlabl>
<attrdef>Deaths P 15+</attrdef>
</attr>
<attr>
<attrlabl>A603002</attrlabl>
<attrdef>Deaths M 15+</attrdef>
</attr>
<attr>
<attrlabl>A603003</attrlabl>
<attrdef>Deaths F 15+</attrdef>
</attr>
<attr>
<attrlabl>A603004</attrlabl>
<attrdef>Deaths P 15+ Never Married</attrdef>
</attr>
<attr>
<attrlabl>A603005</attrlabl>
<attrdef>Deaths M 15+ Never Married</attrdef>
</attr>
<attr>
<attrlabl>A603006</attrlabl>
<attrdef>Deaths F 15+ Never Married</attrdef>
</attr>
<attr>
<attrlabl>A603007</attrlabl>
<attrdef>Deaths P 15+ First Married</attrdef>
</attr>
<attr>
<attrlabl>A603008</attrlabl>
<attrdef>Deaths M 15+ First Married</attrdef>
</attr>
<attr>
<attrlabl>A603009</attrlabl>
<attrdef>Deaths F 15+ First Married</attrdef>
</attr>
<attr>
<attrlabl>A603010</attrlabl>
<attrdef>Deaths P 15+ Re-married</attrdef>
</attr>
<attr>
<attrlabl>A603011</attrlabl>
<attrdef>Deaths M 15+ Re-married</attrdef>
</attr>
<attr>
<attrlabl>A603012</attrlabl>
<attrdef>Deaths F 15+ Re-married</attrdef>
</attr>
<attr>
<attrlabl>A603013</attrlabl>
<attrdef>Deaths P 15+ Divorced</attrdef>
</attr>
<attr>
<attrlabl>A603014</attrlabl>
<attrdef>Deaths M 15+ Divorced</attrdef>
</attr>
<attr>
<attrlabl>A603015</attrlabl>
<attrdef>Deaths F 15+ Divorced</attrdef>
</attr>
<attr>
<attrlabl>A603016</attrlabl>
<attrdef>Deaths P 15+ Widowed</attrdef>
</attr>
<attr>
<attrlabl>A603017</attrlabl>
<attrdef>Deaths M 15+ Widowed</attrdef>
</attr>
<attr>
<attrlabl>A603018</attrlabl>
<attrdef>Deaths F 15+ Widowed</attrdef>
</attr>
<attr>
<attrlabl>A701001</attrlabl>
<attrdef>Total P , all Household Registration Places</attrdef>
</attr>
<attr>
<attrlabl>A701002</attrlabl>
<attrdef>P Other Townships of This County/City</attrdef>
</attr>
<attr>
<attrlabl>A701003</attrlabl>
<attrdef>P Other Towns of This County/City</attrdef>
</attr>
<attr>
<attrlabl>A701004</attrlabl>
<attrdef>P Other Sub-districts of This County/City</attrdef>
</attr>
<attr>
<attrlabl>A701005</attrlabl>
<attrdef>P Other Townships of This City</attrdef>
</attr>
<attr>
<attrlabl>A701006</attrlabl>
<attrdef>P Other Towns of This City</attrdef>
</attr>
<attr>
<attrlabl>A701007</attrlabl>
<attrdef>P Other Sub-districts of This City</attrdef>
</attr>
<attr>
<attrlabl>A701008</attrlabl>
<attrdef>P Other Counties or Cities of This Province</attrdef>
</attr>
<attr>
<attrlabl>A701009</attrlabl>
<attrdef>P Other Provinces</attrdef>
</attr>
<attr>
<attrlabl>A702001</attrlabl>
<attrdef>Total P, all places</attrdef>
</attr>
<attr>
<attrlabl>A702002</attrlabl>
<attrdef>P Beijing</attrdef>
</attr>
<attr>
<attrlabl>A702003</attrlabl>
<attrdef>P Tianjin</attrdef>
</attr>
<attr>
<attrlabl>A702004</attrlabl>
<attrdef>P Hebei</attrdef>
</attr>
<attr>
<attrlabl>A702005</attrlabl>
<attrdef>P Shanxi</attrdef>
</attr>
<attr>
<attrlabl>A702006</attrlabl>
<attrdef>P Inner Mongolia</attrdef>
</attr>
<attr>
<attrlabl>A702007</attrlabl>
<attrdef>P Liaoning</attrdef>
</attr>
<attr>
<attrlabl>A702008</attrlabl>
<attrdef>P Jilin</attrdef>
</attr>
<attr>
<attrlabl>A702009</attrlabl>
<attrdef>P Heilongjiang</attrdef>
</attr>
<attr>
<attrlabl>A702010</attrlabl>
<attrdef>P Shanghai</attrdef>
</attr>
<attr>
<attrlabl>A702011</attrlabl>
<attrdef>P Jiangsu</attrdef>
</attr>
<attr>
<attrlabl>A702012</attrlabl>
<attrdef>P Zhejiang</attrdef>
</attr>
<attr>
<attrlabl>A702013</attrlabl>
<attrdef>P Anhui</attrdef>
</attr>
<attr>
<attrlabl>A702014</attrlabl>
<attrdef>P Fujian</attrdef>
</attr>
<attr>
<attrlabl>A702015</attrlabl>
<attrdef>P Jiangxi</attrdef>
</attr>
<attr>
<attrlabl>A702016</attrlabl>
<attrdef>P Shandong</attrdef>
</attr>
<attr>
<attrlabl>A702017</attrlabl>
<attrdef>P Henai</attrdef>
</attr>
<attr>
<attrlabl>A702018</attrlabl>
<attrdef>P Hubei</attrdef>
</attr>
<attr>
<attrlabl>A702019</attrlabl>
<attrdef>P Hunan</attrdef>
</attr>
<attr>
<attrlabl>A702020</attrlabl>
<attrdef>P Guangdong</attrdef>
</attr>
<attr>
<attrlabl>A702021</attrlabl>
<attrdef>P Guangxi</attrdef>
</attr>
<attr>
<attrlabl>A702022</attrlabl>
<attrdef>P Hainan</attrdef>
</attr>
<attr>
<attrlabl>A702023</attrlabl>
<attrdef>P Chongqing</attrdef>
</attr>
<attr>
<attrlabl>A702024</attrlabl>
<attrdef>P Sichuan</attrdef>
</attr>
<attr>
<attrlabl>A702025</attrlabl>
<attrdef>P Guizhou</attrdef>
</attr>
<attr>
<attrlabl>A702026</attrlabl>
<attrdef>P Yunnan</attrdef>
</attr>
<attr>
<attrlabl>A702027</attrlabl>
<attrdef>P Tibet</attrdef>
</attr>
<attr>
<attrlabl>A702028</attrlabl>
<attrdef>P Shaanxi</attrdef>
</attr>
<attr>
<attrlabl>A702029</attrlabl>
<attrdef>P Gansu</attrdef>
</attr>
<attr>
<attrlabl>A702030</attrlabl>
<attrdef>P Qinghai</attrdef>
</attr>
<attr>
<attrlabl>A702031</attrlabl>
<attrdef>P Ningxia</attrdef>
</attr>
<attr>
<attrlabl>A702032</attrlabl>
<attrdef>P Xinjiang</attrdef>
</attr>
<attr>
<attrlabl>A801001</attrlabl>
<attrdef>Total H</attrdef>
</attr>
<attr>
<attrlabl>A801002</attrlabl>
<attrdef>H 0 room</attrdef>
</attr>
<attr>
<attrlabl>A801003</attrlabl>
<attrdef>H One Room</attrdef>
</attr>
<attr>
<attrlabl>A801004</attrlabl>
<attrdef>H Two Rooms</attrdef>
</attr>
<attr>
<attrlabl>A801005</attrlabl>
<attrdef>H Three Rooms</attrdef>
</attr>
<attr>
<attrlabl>A801006</attrlabl>
<attrdef>H Four Rooms</attrdef>
</attr>
<attr>
<attrlabl>A801007</attrlabl>
<attrdef>H Five Rooms</attrdef>
</attr>
<attr>
<attrlabl>A801008</attrlabl>
<attrdef>H Six Rooms</attrdef>
</attr>
<attr>
<attrlabl>A801009</attrlabl>
<attrdef>H Seven Rooms</attrdef>
</attr>
<attr>
<attrlabl>A801010</attrlabl>
<attrdef>H Eight Rooms</attrdef>
</attr>
<attr>
<attrlabl>A801011</attrlabl>
<attrdef>H Nine Rooms</attrdef>
</attr>
<attr>
<attrlabl>A801012</attrlabl>
<attrdef>H Ten Rooms and Over</attrdef>
</attr>
<attr>
<attrlabl>A801013</attrlabl>
<attrdef>H Average Rooms</attrdef>
</attr>
<attr>
<attrlabl>A802001</attrlabl>
<attrdef>Total H</attrdef>
</attr>
<attr>
<attrlabl>A802002</attrlabl>
<attrdef>H Under 8 Per capita living space(Sq.m)</attrdef>
</attr>
<attr>
<attrlabl>A802003</attrlabl>
<attrdef>H 9-12 Per capita living space(Sq.m)</attrdef>
</attr>
<attr>
<attrlabl>A802004</attrlabl>
<attrdef>H 13-16 Per capita living space(Sq.m)</attrdef>
</attr>
<attr>
<attrlabl>A802005</attrlabl>
<attrdef>H 17-19 Per capita living space(Sq.m)</attrdef>
</attr>
<attr>
<attrlabl>A802006</attrlabl>
<attrdef>H 20-29 Per capita living space(Sq.m)</attrdef>
</attr>
<attr>
<attrlabl>A802007</attrlabl>
<attrdef>H 30-39 Per capita living space(Sq.m)</attrdef>
</attr>
<attr>
<attrlabl>A802008</attrlabl>
<attrdef>H 40-49 Per capita living space(Sq.m)</attrdef>
</attr>
<attr>
<attrlabl>A802009</attrlabl>
<attrdef>H Over 50 Per capita living space(Sq.m)</attrdef>
</attr>
<attr>
<attrlabl>A803001</attrlabl>
<attrdef>Total households</attrdef>
</attr>
<attr>
<attrlabl>A803002</attrlabl>
<attrdef>Number of households for One Generation with Zero Room</attrdef>
</attr>
<attr>
<attrlabl>A803003</attrlabl>
<attrdef>Number of households for One Generation with One Room</attrdef>
</attr>
<attr>
<attrlabl>A803004</attrlabl>
<attrdef>Number of households for One Generation with Two Rooms</attrdef>
</attr>
<attr>
<attrlabl>A803005</attrlabl>
<attrdef>Number of households for One Generation with Three Rooms</attrdef>
</attr>
<attr>
<attrlabl>A803006</attrlabl>
<attrdef>Number of households for One Generation with Four Rooms</attrdef>
</attr>
<attr>
<attrlabl>A803007</attrlabl>
<attrdef>Number of households for One Generation with Five Rooms and Over</attrdef>
</attr>
<attr>
<attrlabl>A803008</attrlabl>
<attrdef>Number of households for Two Generations with Zero Room</attrdef>
</attr>
<attr>
<attrlabl>A803009</attrlabl>
<attrdef>Number of households for Two Generations with One Room</attrdef>
</attr>
<attr>
<attrlabl>A803010</attrlabl>
<attrdef>Number of households for Two Generations with Two Rooms</attrdef>
</attr>
<attr>
<attrlabl>A803011</attrlabl>
<attrdef>Number of households for Two Generations with Three Rooms</attrdef>
</attr>
<attr>
<attrlabl>A803012</attrlabl>
<attrdef>Number of households for Two Generations with Four Rooms</attrdef>
</attr>
<attr>
<attrlabl>A803013</attrlabl>
<attrdef>Number of households for Two Generations with Five Rooms and Over</attrdef>
</attr>
<attr>
<attrlabl>A803014</attrlabl>
<attrdef>Number of households for Three Generations with Zero Room</attrdef>
</attr>
<attr>
<attrlabl>A803015</attrlabl>
<attrdef>Number of households for Three Generations with One Room</attrdef>
</attr>
<attr>
<attrlabl>A803016</attrlabl>
<attrdef>Number of households for Three Generations with Two Rooms</attrdef>
</attr>
<attr>
<attrlabl>A803017</attrlabl>
<attrdef>Number of households for Three Generations with Three Rooms</attrdef>
</attr>
<attr>
<attrlabl>A803018</attrlabl>
<attrdef>Number of households for Three Generations with Four Rooms</attrdef>
</attr>
<attr>
<attrlabl>A803019</attrlabl>
<attrdef>Number of households for Three Generations with Five Rooms and Over</attrdef>
</attr>
<attr>
<attrlabl>A803020</attrlabl>
<attrdef>Number of households for Four Generations with Zero Room</attrdef>
</attr>
<attr>
<attrlabl>A803021</attrlabl>
<attrdef>Number of households for Four Generations with One Room</attrdef>
</attr>
<attr>
<attrlabl>A803022</attrlabl>
<attrdef>Number of households for Four Generations with Two Rooms</attrdef>
</attr>
<attr>
<attrlabl>A803023</attrlabl>
<attrdef>Number of households for Four Generations with Three Rooms</attrdef>
</attr>
<attr>
<attrlabl>A803024</attrlabl>
<attrdef>Number of households for Four Generations with Four Rooms</attrdef>
</attr>
<attr>
<attrlabl>A803025</attrlabl>
<attrdef>Number of households for Four Generations with Five Rooms and Over</attrdef>
</attr>
<attr>
<attrlabl>A803026</attrlabl>
<attrdef>Number of households for Five Generations with Zero Room</attrdef>
</attr>
<attr>
<attrlabl>A803027</attrlabl>
<attrdef>Number of households for Five Generations with One Room</attrdef>
</attr>
<attr>
<attrlabl>A803028</attrlabl>
<attrdef>Number of households for Five Generations with Two Rooms</attrdef>
</attr>
<attr>
<attrlabl>A803029</attrlabl>
<attrdef>Number of households for Five Generations with Three Rooms</attrdef>
</attr>
<attr>
<attrlabl>A803030</attrlabl>
<attrdef>Number of households for Five Generations with Four Rooms</attrdef>
</attr>
<attr>
<attrlabl>A803031</attrlabl>
<attrdef>Number of households for Five Generations with Five Rooms and Over</attrdef>
</attr>
</detailed>
</eainfo>
<distinfo>
<distrib>
<cntinfo>
<cntorgp>
<cntorg>China Data Center - University of Michigan</cntorg>
</cntorgp>
<cntaddr>
<addrtype>mailing and physical address</addrtype>
<address>1007 E Huron St</address>
<city>Ann Arbor</city>
<state>MI</state>
<postal>48104</postal>
</cntaddr>
<cntvoice>(734) 647-9610</cntvoice>
<cntfax>(734) 763-0335</cntfax>
<cntemail>chinadata@umich.edu</cntemail>
</cntinfo>
</distrib>
<resdesc>cdc_census2000county_chinaa</resdesc>
<stdorder>
<digform>
<digtinfo>
<formname>Shapefile</formname>
</digtinfo>
</digform>
</stdorder>
</distinfo>
<metainfo>
<metd>20090127</metd>
<metc>
<cntinfo>
<cntorgp>
<cntorg>Digital Social Science Center (DSSC), Columbia University Libraries</cntorg>
<cntper>GIS/Metadata Librarian</cntper>
</cntorgp>
<cntaddr>
<addrtype>mailing and physical address</addrtype>
<address>420 W. 118th St., 215 IAB, MC 3301</address>
<city>New York</city>
<state>NY</state>
<postal>10027</postal>
<country>USA</country>
</cntaddr>
<cntvoice>(212)854-6012</cntvoice>
<cntemail>dssc.data@columbia.edu</cntemail>
</cntinfo>
</metc>
<metstdn>FGDC Content Standards for Digital Geospatial Metadata</metstdn>
<metstdv>FGDC-STD-001-1998</metstdv>
<mettc>local time</mettc>
</metainfo>
</metadata>
