<?xml version="1.0" encoding="ISO-8859-1"?><metadata>
<idinfo>
<citation>
<citeinfo>
<origin>University of Michigan. China Data Center.</origin>
<origin>Beijing Hua tong ren shi chang xin xi you xian ze ren gong si</origin>
<pubdate>2005</pubdate>
<title>Ningxia Township Locations With 2000 Population Census Data From 9.95% Long Form Data (table L1-L6)</title>
<geoform>vector digital data</geoform>
<pubinfo>
<pubplace>Beijing</pubplace>
<publish>All China Marketing Research Co.</publish>
</pubinfo>
</citeinfo>
</citation>
<descript>
<abstract>REMOTE DOWNLOAD NOT AVAILABLE - please contact data@library.columbia.edu for access. Ningxia Township Locations With 2000 Population Census Data From 9.95% Long Form Data (table L1-L6)  is a point theme representing townships in Ningxia Province in China.  Attribute information includes a variety of variables from the long form data from the 2000 Chinese census.  

This layer is one (Part A) of two layers covering the entire Long Form data; this layer covers Long Form tables L1-1 to L6-9: L1-1: Family households, population and sex ratio by region; L1-2: Employed population by sex and industries; L1-3: Employed population by sex and occupation; L1-4: Non-working population by sex and type; L1-5 : Employment and Unemployment by Sex; L1-6: Population aged 15 and over by sex and marital status; L1-7: Births by sex and birth order; L1-8: Number of Women (15-50) with Living Births; L1-9 Number of Women (15-50) with Surviving Births.  L4-1: Employed population by sex and two digits classification of industry and by region.  L4-2: Employed population by sex and two digits classification of occupation; L6-1: Age-specific fertility rate and total fertility rate of women aged 15-50 by region; L6-9: Number of children ever born and surviving to women aged 15-50 by region.

This data layer is part of the China 2000 Township Census data set produced by the All China Marketing Research Co. and distributed by the University of Michigan, China Data Center.</abstract>
<purpose>The data set was developed for display and analysis using GIS.</purpose>
<supplinf>Notes on China 2000 Population Census Data:
In order to guide you to use the data correctly, provide you some explanations as follows: 
(l) Census time: 0:00AM of November 1, 2000 as the reference time for the census. 
(2) The 2000 population census covered all persons who hold the nationality of, and have permanent residing place in the People's Republic of China. During the census, each person was enumerated in his/her permanent residing place. 
The following persons should be enumerated in their permanent residing place: a) Those who reside in the townships, towns and street communities and have their permanent household registration there. b) Those who have resided in the townships, towns and street communities for more than 6 months but the places of their permanent household registration are elsewhere. c) Those who have resided in the townships, towns and street communities for less than 6 months but have been away from the place of their permanent household registration for more than 6 months. d) Those who live in the townships, towns and street communities during the population census while the places of their household registration have not yet settled. e) Those who used to live in the townships, towns and street communities but are working or studying abroad during the census and have no Permanent household registration for the time being. 
(3) Two types of questionnaires (long form and short form) were used for the 2000 population census. The short form contains items that reflect the basic situation of the population, while the long form include all short form items plus other items such as migration, education, economic activities, marriage and family, fertility , housing , etc. . According to the Statute for the Fifth National Population Census and the Procedures for the Selection of Samples for the Long Forms, households selected by a random sampling program completed the long forms, and the rest of the households completed the short forms. 
(4) The data table consists of three parts. The first part (variables A1-A97 and A154-A156) contains data aggregated from all households data (i. e. common items in both long and short forms) that reflects the basic situation of population. The second part (variables A98-A153 and A157-A169) contains data aggregated from the long forms from the 9.5% sample data, which present various detailed compositions of the population. The third part (variables B1-31) contains socioeconomic variables reported by the National Bureau of Statistics in annual statistics. Please note that there might be some difference between the county population aggregated from the 2000 population Census data and the one reported by government, which is derived from household registration and sample survey data. 
(5) Results in this publication are based on the processing of data directly from enumeration without any adjustment. It is therefore worthwhile to notice the following: 
    a. Data in the publication do not include population not enumerated in the census.  
    b. Data in the publication do not include the 2.5 million servicemen of the People's Liberation Army.  
    c. Total population as shown in this publication is 1,242.61 million, or 23.22 million less than the population figure of 1,265.83 million (including 2.5 million servicemen) released earlier by the National Bureau of Statistics ,which was based on the advance tabulation.  
    d. The post-enumeration sample survey indicates an undercount of 1.81% in the census enumeration.  
    e. The sampling ratio for the long forms = total population in the long forms/total population calculated by computer processing = 9.50%.  
    f. The sampling ratio for various compositions of the population may not be the same as household is used as the ultimate sampling unit. 
Users should pay attention to the above-mentioned factors when using information in the publication, and in particular, is estimating the population from the sample results. 
(5) Regulation on the Classification of Urban/Rural Residence for Statistical Purpose (Provisional) prepared by the National Bureau of Statistics is used in urban/rural classification of the population in this census.</supplinf>
</descript>
<timeperd>
<timeinfo>
<sngdate>
<caldate>2000</caldate>
</sngdate>
</timeinfo>
<current>ground condition</current>
</timeperd>
<status>
<progress>Complete</progress>
<update>Unknown</update>
</status>
<spdom>
<bounding>
<westbc>
104.530373</westbc>
<eastbc>
104.530373</eastbc>
<northbc>
39.273424</northbc>
<southbc>
35.339402</southbc>
</bounding>
</spdom>
<keywords>
<theme>
<themekt>ISO 19115 Topic Categories..</themekt>
<themekey>society</themekey>
<themekey>economy</themekey>
<themekey>Demography</themekey>
<themekey>Population Statistics</themekey>
<themekey>Vital statistics</themekey>
<themekey>Industrial statistics</themekey>
<themekey>Family</themekey>
<themekey>Households</themekey>
<themekey>Occupations</themekey>
<themekey>Employment</themekey>
<themekey>Unemployment, Sex Statistics</themekey>
<themekey>Marital status Statistics</themekey>
<themekey>Childbirth Statistics</themekey>
<themekey>Counties</themekey>
<themekey>Administrative and political divisions</themekey>
<themekey>Fertility</themekey>
<themekey>Childbirth Statistics</themekey>
</theme>
<theme>
<themekt>Library of Congress Subject Headings</themekt>
<themekey>Cities and towns --China --Population --Statistics --Databases.</themekey>
<themekey>Cities and towns --China --Population --Statistics --Maps.</themekey>
<themekey>Cities and towns --Census, 2000 --China --Databases.</themekey>
<themekey>Cities and towns --Census, 2000 --China --Maps.</themekey>
<themekey>China --Population --Statistics --Databases.</themekey>
<themekey>China --Population --Statistics --Maps.</themekey>
<themekey>China --Census, 2000 --Databases.</themekey>
<themekey>China --Census, 2000 --Maps.</themekey>
</theme>
<theme>
<themekt>None</themekt>
<themekey>Census</themekey>
</theme>
<place>
<placekt>Library of Congress Subject Headings</placekt>
<placekey>China</placekey>
<placekey>Ningxia Huizu Zizhiqu (China)</placekey>
</place>
<temporal>
<tempkt>None</tempkt>
<tempkey>2000</tempkey>
</temporal>
</keywords>
<accconst>For current Columbia affiliates only.</accconst>
<useconst>For educational, non-commercial use only.</useconst>
<ptcontac>
<cntinfo>
<cntorgp>
<cntorg>China Data Center - University of Michigan</cntorg>
</cntorgp>
<cntaddr>
<addrtype>mailing and physical address</addrtype>
<address>1007 E Huron St</address>
<city>Ann Arbor</city>
<state>MI</state>
<postal>48104</postal>
</cntaddr>
<cntvoice>(734) 647-9610</cntvoice>
<cntfax>(734) 763-0335</cntfax>
<cntemail>chinadata@umich.edu</cntemail>
</cntinfo>
</ptcontac>
<browse>
<browsen>http://www.columbia.edu/acis/eds/gis/pix/cat/Ningxiatownshipl1.jpg</browsen>
<browsed>Thumbnail Image</browsed>
<browset>JPEG</browset>
</browse>
<native>Microsoft Windows XP Version 5.1 (Build 2600) Service Pack 3; ESRI ArcCatalog 9.3.1.1850</native>
</idinfo>
<dataqual>
<posacc>
<horizpa>
<horizpar>The 2000 China township maps are developed for matching 2000 China population Census data, which should only be used as references for research or education instead of used as official maps. The distributor is not responsible for the accuracy of the those maps if the maps are used for business or other purposes.</horizpar>
</horizpa>
</posacc>
<lineage>
<procstep>
<procdesc>The 2000 China township GIS maps were developed for the 5th population Census data, which covered all 31 municipalities, provinces and autonomous regions of China, except for Taiwan, Hong Kong and Macao, with more than 50,000 townships (Xiang, Zhen and Jiedao). The 2000 China township maps provide geographical reference for the 5th population census data in spatial data analysis. It will help users to understand the spatial distribution of population and regional difference in China.  

The population data came from the 5th China Population Census surveyed in 2000. The GIS data is based on the national digital map (1:1 million) developed by the National Geographic Information Center of China (NGCC), including rives, roads, residential area and administrative boundaries. Other sources "The China Atlas of Standard Place Names", the newly published provincial atlas, the digital city atlas, the street atlas of major cities, the zip code atlas, and the directory of all enterprises and administrative units of China.  

The primary work for the 2000 China township maps is to find the geographic location of each township on the 1:1 million digital map of China. The procedures include:  

1) Verifying the location of townships on the administrative maps based on 2000 population Census tables, and making the correction to those township names which don't match those names in the Census tables.  

2) For those townships of cities at prefecture level and above, we found the location of those townships on the city maps based on their addresses in the directory of all China basic units and zip code.  

3) For some virtual townships, which don't have central locations, we try to find the mostly related locations on the map.  

4) The administrative boundaries of urban districts of prefecture cities are based on the geographic locations of their townships and related boundary maps. 

5) The geographic reference degree data is extracted from the maps with the locations of the townships, compatible with 2000 population Census data.  

6) The digital township map (1: 1 million) is converted from the geographic degree data.</procdesc>
</procstep>
</lineage>
</dataqual>
<spdoinfo>
<direct>Vector</direct>
<ptvctinf>
<sdtsterm>
<sdtstype>Entity point</sdtstype>
<ptvctcnt>335</ptvctcnt>
</sdtsterm>
</ptvctinf>
</spdoinfo>
<spref>
<horizsys>
<geograph>
<geogunit>Decimal degrees</geogunit>
</geograph>
<geodetic>
<horizdn>D_Krasovsky_1940</horizdn>
<ellips>Krasovsky_1940</ellips>
<semiaxis>6378245</semiaxis>
<denflat>298.3</denflat>
</geodetic>
</horizsys>
</spref>
<eainfo>
<detailed>
<enttyp>
<enttypl>
Chinal1</enttypl>
<enttypd>County</enttypd>
</enttyp>
<attr>
<attrlabl>FID</attrlabl>
<attrdef>Internal feature number.</attrdef>
<attrdefs>ESRI</attrdefs>
<attrdomv>
<udom>Sequential unique whole numbers that are automatically generated.</udom>
</attrdomv>
</attr>
<attr>
<attrlabl>Shape</attrlabl>
<attrdef>Feature geometry.</attrdef>
<attrdefs>ESRI</attrdefs>
<attrdomv>
<udom>Coordinates defining the features.</udom>
</attrdomv>
</attr>
<attr>
<attrlabl>GBCITY</attrlabl>
<attrdef>Four digit GB (Guo Biao -- National Standard) code of City</attrdef>
</attr>
<attr>
<attrlabl>CNAME1</attrlabl>
</attr>
<attr>
<attrlabl>ENAME1</attrlabl>
</attr>
<attr>
<attrlabl>GBPROV</attrlabl>
<attrdef>Two digit GB (Guo Biao -- National Standard) code of Province</attrdef>
</attr>
<attr>
<attrlabl>CNAME2</attrlabl>
</attr>
<attr>
<attrlabl>ENAME2</attrlabl>
</attr>
<attr>
<attrlabl>GBCNTY</attrlabl>
<attrdef>Six digit GB (Guo Biao -- National Standard) code of County</attrdef>
</attr>
<attr>
<attrlabl>CNAME3</attrlabl>
</attr>
<attr>
<attrlabl>ENAME3</attrlabl>
</attr>
<attr>
<attrlabl>GBTOWN</attrlabl>
</attr>
<attr>
<attrlabl>CNAME</attrlabl>
<attrdef>Chinese name of County</attrdef>
</attr>
<attr>
<attrlabl>ENAME</attrlabl>
<attrdef>English name of County</attrdef>
</attr>
<attr>
<attrlabl>L101001</attrlabl>
<attrdef>Total H (Households)</attrdef>
</attr>
<attr>
<attrlabl>L101002</attrlabl>
<attrdef>Total Family H</attrdef>
</attr>
<attr>
<attrlabl>L101003</attrlabl>
<attrdef>Total Collective H</attrdef>
</attr>
<attr>
<attrlabl>L101004</attrlabl>
<attrdef>Total P (Population)</attrdef>
</attr>
<attr>
<attrlabl>L101005</attrlabl>
<attrdef>Total M (Male)</attrdef>
</attr>
<attr>
<attrlabl>L101006</attrlabl>
<attrdef>Total F (Female</attrdef>
</attr>
<attr>
<attrlabl>L101007</attrlabl>
<attrdef>Total P Sex Ratio</attrdef>
</attr>
<attr>
<attrlabl>L101008</attrlabl>
<attrdef>P Family Households</attrdef>
</attr>
<attr>
<attrlabl>L101009</attrlabl>
<attrdef>M Family Households</attrdef>
</attr>
<attr>
<attrlabl>L101010</attrlabl>
<attrdef>F Family Households</attrdef>
</attr>
<attr>
<attrlabl>L101011</attrlabl>
<attrdef>P Sex Ratio Family Households</attrdef>
</attr>
<attr>
<attrlabl>L101012</attrlabl>
<attrdef>P Collective Households</attrdef>
</attr>
<attr>
<attrlabl>L101013</attrlabl>
<attrdef>M Collective Households</attrdef>
</attr>
<attr>
<attrlabl>L101014</attrlabl>
<attrdef>F Collective Households</attrdef>
</attr>
<attr>
<attrlabl>L101015</attrlabl>
<attrdef>P Sex Ratio Collective Households</attrdef>
</attr>
<attr>
<attrlabl>L101016</attrlabl>
<attrdef>P Average Family</attrdef>
</attr>
<attr>
<attrlabl>L102001</attrlabl>
<attrdef>Total employed population by sex and industries</attrdef>
</attr>
<attr>
<attrlabl>L102002</attrlabl>
<attrdef>Employed male population</attrdef>
</attr>
<attr>
<attrlabl>L102003</attrlabl>
<attrdef>Employed female population</attrdef>
</attr>
<attr>
<attrlabl>L102004</attrlabl>
<attrdef>Total P for Farming, Forestry, Animal Husbandry and Fishery</attrdef>
</attr>
<attr>
<attrlabl>L102005</attrlabl>
<attrdef>Male P for Farming,Forestry,Animal Husbandry and Fishery</attrdef>
</attr>
<attr>
<attrlabl>L102006</attrlabl>
<attrdef>Female P for Farming,Forestry,Animal Husbandry and Fishery</attrdef>
</attr>
<attr>
<attrlabl>L102007</attrlabl>
<attrdef>Total P for Mining and Quarrying</attrdef>
</attr>
<attr>
<attrlabl>L102008</attrlabl>
<attrdef>Male P for Mining and Quarrying</attrdef>
</attr>
<attr>
<attrlabl>L102009</attrlabl>
<attrdef>Female P for Mining and Quarrying</attrdef>
</attr>
<attr>
<attrlabl>L102010</attrlabl>
<attrdef>Total P for Manufacturing</attrdef>
</attr>
<attr>
<attrlabl>L102011</attrlabl>
<attrdef>Male P for Manufacturing</attrdef>
</attr>
<attr>
<attrlabl>L102012</attrlabl>
<attrdef>Female P for Manufacturing</attrdef>
</attr>
<attr>
<attrlabl>L102013</attrlabl>
<attrdef>Total P for Electric Power,Gas and Water Production and Supply</attrdef>
</attr>
<attr>
<attrlabl>L102014</attrlabl>
<attrdef>Male P for Electric Power,Gas and Water Production and Supply</attrdef>
</attr>
<attr>
<attrlabl>L102015</attrlabl>
<attrdef>Female P for Electric Power,Gas and Water Production and Supply</attrdef>
</attr>
<attr>
<attrlabl>L102016</attrlabl>
<attrdef>Total P for Construction</attrdef>
</attr>
<attr>
<attrlabl>L102017</attrlabl>
<attrdef>Male P for Construction</attrdef>
</attr>
<attr>
<attrlabl>L102018</attrlabl>
<attrdef>Female P for Construction</attrdef>
</attr>
<attr>
<attrlabl>L102019</attrlabl>
<attrdef>Total P for Geological Prospecting and Water Conservancy</attrdef>
</attr>
<attr>
<attrlabl>L102020</attrlabl>
<attrdef>Male P for Geological Prospecting and Water Conservancy</attrdef>
</attr>
<attr>
<attrlabl>L102021</attrlabl>
<attrdef>Female P for Geological Prospecting and Water Conservancy</attrdef>
</attr>
<attr>
<attrlabl>L102022</attrlabl>
<attrdef>Total P for Transportation,Storage,Postal and Telecommunications Services</attrdef>
</attr>
<attr>
<attrlabl>L102023</attrlabl>
<attrdef>Male P for Transportation,Storage,Postal and Telecommunications Services</attrdef>
</attr>
<attr>
<attrlabl>L102024</attrlabl>
<attrdef>Female P for Transportation,Storage,Postal and Telecommunications Services</attrdef>
</attr>
<attr>
<attrlabl>L102025</attrlabl>
<attrdef>Total P for Wholesale and Retail Trade,Catering Services</attrdef>
</attr>
<attr>
<attrlabl>L102026</attrlabl>
<attrdef>Male P for Wholesale and Retail Trade,Catering Services</attrdef>
</attr>
<attr>
<attrlabl>L102027</attrlabl>
<attrdef>Female P for Wholesale and Retail Trade,Catering Service</attrdef>
</attr>
<attr>
<attrlabl>L102028</attrlabl>
<attrdef>Total P for Banking and Insurance</attrdef>
</attr>
<attr>
<attrlabl>L102029</attrlabl>
<attrdef>Male P for Banking and Insurance</attrdef>
</attr>
<attr>
<attrlabl>L102030</attrlabl>
<attrdef>Female P for Banking and Insurance</attrdef>
</attr>
<attr>
<attrlabl>L102031</attrlabl>
<attrdef>Total P for Real Estate Management</attrdef>
</attr>
<attr>
<attrlabl>L102032</attrlabl>
<attrdef>Male P for Real Estate Management</attrdef>
</attr>
<attr>
<attrlabl>L102033</attrlabl>
<attrdef>Female P for Real Estate Management</attrdef>
</attr>
<attr>
<attrlabl>L102034</attrlabl>
<attrdef>Total P for Social Services</attrdef>
</attr>
<attr>
<attrlabl>L102035</attrlabl>
<attrdef>Male P for Social Services</attrdef>
</attr>
<attr>
<attrlabl>L102036</attrlabl>
<attrdef>Female P for Social Services</attrdef>
</attr>
<attr>
<attrlabl>L102037</attrlabl>
<attrdef>Total P for Health Care, Sport and Social Welfare</attrdef>
</attr>
<attr>
<attrlabl>L102038</attrlabl>
<attrdef>Male P for Health Care, Sport and Social Welfare</attrdef>
</attr>
<attr>
<attrlabl>L102039</attrlabl>
<attrdef>Female P for Health Care, Sport and Social Welfare</attrdef>
</attr>
<attr>
<attrlabl>L102040</attrlabl>
<attrdef>Total P for Education, Culture and Arts,Radio,Film and Television</attrdef>
</attr>
<attr>
<attrlabl>L102041</attrlabl>
<attrdef>Male P for Education, Culture and Arts,Radio,Film and Television</attrdef>
</attr>
<attr>
<attrlabl>L102042</attrlabl>
<attrdef>Female P for Education, Culture and Arts,Radio,Film and Television</attrdef>
</attr>
<attr>
<attrlabl>L102043</attrlabl>
<attrdef>Total P for Scientific Research and Polytechnic Services</attrdef>
</attr>
<attr>
<attrlabl>L102044</attrlabl>
<attrdef>Male P for Scientific Research and Polytechnic Services</attrdef>
</attr>
<attr>
<attrlabl>L102045</attrlabl>
<attrdef>Female P for Scientific Research and Polytechnic Services</attrdef>
</attr>
<attr>
<attrlabl>L102046</attrlabl>
<attrdef>Total P for Government Agencies, Party Agencies and Social Organization</attrdef>
</attr>
<attr>
<attrlabl>L102047</attrlabl>
<attrdef>Male P for Government Agencies, Party Agencies and Social Organizations</attrdef>
</attr>
<attr>
<attrlabl>L102048</attrlabl>
<attrdef>Female P for Government Agencies, Party Agencies and Social Organizations</attrdef>
</attr>
<attr>
<attrlabl>L102049</attrlabl>
<attrdef>Total P for Other Sectors</attrdef>
</attr>
<attr>
<attrlabl>L102050</attrlabl>
<attrdef>Male P for Other Sectors</attrdef>
</attr>
<attr>
<attrlabl>L102051</attrlabl>
<attrdef>Female P for Other Sectors</attrdef>
</attr>
<attr>
<attrlabl>L103001</attrlabl>
<attrdef>Total Employed population by sex and occupation</attrdef>
</attr>
<attr>
<attrlabl>L103002</attrlabl>
<attrdef>Employed male population</attrdef>
</attr>
<attr>
<attrlabl>L103003</attrlabl>
<attrdef>Employed female population</attrdef>
</attr>
<attr>
<attrlabl>L103004</attrlabl>
<attrdef>Total P for Government Agencies</attrdef>
</attr>
<attr>
<attrlabl>L103005</attrlabl>
<attrdef>Male P for Government Agencies</attrdef>
</attr>
<attr>
<attrlabl>L103006</attrlabl>
<attrdef>Female P for Government Agencies</attrdef>
</attr>
<attr>
<attrlabl>L103007</attrlabl>
<attrdef>Total P for Professional/Technical</attrdef>
</attr>
<attr>
<attrlabl>L103008</attrlabl>
<attrdef>Male P for Professional/Technical</attrdef>
</attr>
<attr>
<attrlabl>L103009</attrlabl>
<attrdef>Female P for Professional/Technical</attrdef>
</attr>
<attr>
<attrlabl>L103010</attrlabl>
<attrdef>Total P for Clerical &amp; Related Workers</attrdef>
</attr>
<attr>
<attrlabl>L103011</attrlabl>
<attrdef>Male P for Clerical &amp; Related Workers</attrdef>
</attr>
<attr>
<attrlabl>L103012</attrlabl>
<attrdef>Female P for Clerical &amp; Related Workers</attrdef>
</attr>
<attr>
<attrlabl>L103013</attrlabl>
<attrdef>Total P for Sales and Services</attrdef>
</attr>
<attr>
<attrlabl>L103014</attrlabl>
<attrdef>Male P for Sales and Services</attrdef>
</attr>
<attr>
<attrlabl>L103015</attrlabl>
<attrdef>Female P for Sales and Services</attrdef>
</attr>
<attr>
<attrlabl>L103016</attrlabl>
<attrdef>Total P for Farming, Forestry, Husbandry, Fishery and Water Conservancy</attrdef>
</attr>
<attr>
<attrlabl>L103017</attrlabl>
<attrdef>Male P for Farming, Forestry, Husbandry, Fishery and Water Conservancy</attrdef>
</attr>
<attr>
<attrlabl>L103018</attrlabl>
<attrdef>Female P for Farming, Forestry, Husbandry, Fishery and Water Conservancy</attrdef>
</attr>
<attr>
<attrlabl>L103019</attrlabl>
<attrdef>Total P for Production &amp; Transportation Facility</attrdef>
</attr>
<attr>
<attrlabl>L103020</attrlabl>
<attrdef>Male P for Production &amp; Transportation Facility</attrdef>
</attr>
<attr>
<attrlabl>L103021</attrlabl>
<attrdef>Female P for Production &amp; Transportation Facility</attrdef>
</attr>
<attr>
<attrlabl>L103022</attrlabl>
<attrdef>Total P for Others</attrdef>
</attr>
<attr>
<attrlabl>L103023</attrlabl>
<attrdef>Male P for Others</attrdef>
</attr>
<attr>
<attrlabl>L103024</attrlabl>
<attrdef>Female P for Others</attrdef>
</attr>
<attr>
<attrlabl>L104001</attrlabl>
<attrdef>Total unemployed population</attrdef>
</attr>
<attr>
<attrlabl>L104002</attrlabl>
<attrdef>Male unemployed population</attrdef>
</attr>
<attr>
<attrlabl>L104003</attrlabl>
<attrdef>Female unemployed population</attrdef>
</attr>
<attr>
<attrlabl>L104004</attrlabl>
<attrdef>Total P for Current Students</attrdef>
</attr>
<attr>
<attrlabl>L104005</attrlabl>
<attrdef>Male P for Current Students</attrdef>
</attr>
<attr>
<attrlabl>L104006</attrlabl>
<attrdef>Female P for Current Students</attrdef>
</attr>
<attr>
<attrlabl>L104007</attrlabl>
<attrdef>Total P for Housework</attrdef>
</attr>
<attr>
<attrlabl>L104008</attrlabl>
<attrdef>Male P for Housework</attrdef>
</attr>
<attr>
<attrlabl>L104009</attrlabl>
<attrdef>Female P for Housework</attrdef>
</attr>
<attr>
<attrlabl>L104010</attrlabl>
<attrdef>Total Retired Population</attrdef>
</attr>
<attr>
<attrlabl>L104011</attrlabl>
<attrdef>Retired Male Population</attrdef>
</attr>
<attr>
<attrlabl>L104012</attrlabl>
<attrdef>Retired Female Population</attrdef>
</attr>
<attr>
<attrlabl>L104013</attrlabl>
<attrdef>Total P Lost the Ability to Work</attrdef>
</attr>
<attr>
<attrlabl>L104014</attrlabl>
<attrdef>Male P Lost the Ability to Work</attrdef>
</attr>
<attr>
<attrlabl>L104015</attrlabl>
<attrdef>Female P Lost the Ability to Work</attrdef>
</attr>
<attr>
<attrlabl>L104016</attrlabl>
<attrdef>Total P, Have Never Worked and Looking for A Job</attrdef>
</attr>
<attr>
<attrlabl>L104017</attrlabl>
<attrdef>Male P,Have Never Worked and Looking for A Job</attrdef>
</attr>
<attr>
<attrlabl>L104018</attrlabl>
<attrdef>Female P, Have Never Worked and Looking for A Jo</attrdef>
</attr>
<attr>
<attrlabl>L104019</attrlabl>
<attrdef>Total P, Lose Job and Looking for A Job</attrdef>
</attr>
<attr>
<attrlabl>L104020</attrlabl>
<attrdef>Male P, Lose Job and Looking for A Job</attrdef>
</attr>
<attr>
<attrlabl>L104021</attrlabl>
<attrdef>Female P, Lose Job and Looking for A Job</attrdef>
</attr>
<attr>
<attrlabl>L104022</attrlabl>
<attrdef>Total P (Other)</attrdef>
</attr>
<attr>
<attrlabl>L104023</attrlabl>
<attrdef>Male P (Other)</attrdef>
</attr>
<attr>
<attrlabl>L104024</attrlabl>
<attrdef>Female P (Other)</attrdef>
</attr>
<attr>
<attrlabl>L105001</attrlabl>
<attrdef>Total P at 15 and over</attrdef>
</attr>
<attr>
<attrlabl>L105002</attrlabl>
<attrdef>Total male P at 15 and over</attrdef>
</attr>
<attr>
<attrlabl>L105003</attrlabl>
<attrdef>Total female P at 16 and over</attrdef>
</attr>
<attr>
<attrlabl>L105004</attrlabl>
<attrdef>Total P of Employment</attrdef>
</attr>
<attr>
<attrlabl>L105005</attrlabl>
<attrdef>Total male P of Employment</attrdef>
</attr>
<attr>
<attrlabl>L105006</attrlabl>
<attrdef>Total female P of Employment</attrdef>
</attr>
<attr>
<attrlabl>L105007</attrlabl>
<attrdef>Total P of Unemployment</attrdef>
</attr>
<attr>
<attrlabl>L105008</attrlabl>
<attrdef>Total male P of Unemployment</attrdef>
</attr>
<attr>
<attrlabl>L105009</attrlabl>
<attrdef>Total female P of Unemployment</attrdef>
</attr>
<attr>
<attrlabl>L105010</attrlabl>
<attrdef>Total Unemployment Rate</attrdef>
</attr>
<attr>
<attrlabl>L105011</attrlabl>
<attrdef>Total male Unemployment Rate</attrdef>
</attr>
<attr>
<attrlabl>L105012</attrlabl>
<attrdef>Total female Unemployment Rate</attrdef>
</attr>
<attr>
<attrlabl>L106001</attrlabl>
<attrdef>Total Population aged 15+</attrdef>
</attr>
<attr>
<attrlabl>L106002</attrlabl>
<attrdef>Total Male Population aged 15+</attrdef>
</attr>
<attr>
<attrlabl>L106003</attrlabl>
<attrdef>Total Female Population aged 15+</attrdef>
</attr>
<attr>
<attrlabl>L106004</attrlabl>
<attrdef>Total Population, Never Married</attrdef>
</attr>
<attr>
<attrlabl>L106005</attrlabl>
<attrdef>Total Male Population, Never Married</attrdef>
</attr>
<attr>
<attrlabl>L106006</attrlabl>
<attrdef>Total Female Population, Never Married</attrdef>
</attr>
<attr>
<attrlabl>L106007</attrlabl>
<attrdef>Total Population, First Married</attrdef>
</attr>
<attr>
<attrlabl>L106008</attrlabl>
<attrdef>Total Male Population, First Married</attrdef>
</attr>
<attr>
<attrlabl>L106009</attrlabl>
<attrdef>Total Female Population, First Married</attrdef>
</attr>
<attr>
<attrlabl>L106010</attrlabl>
<attrdef>Total Population, Re-married</attrdef>
</attr>
<attr>
<attrlabl>L106011</attrlabl>
<attrdef>Total Male Population, Re-married</attrdef>
</attr>
<attr>
<attrlabl>L106012</attrlabl>
<attrdef>Total Female Population, Re-married</attrdef>
</attr>
<attr>
<attrlabl>L106013</attrlabl>
<attrdef>Total Population, Divorced</attrdef>
</attr>
<attr>
<attrlabl>L106014</attrlabl>
<attrdef>Total Male Population, Divorced</attrdef>
</attr>
<attr>
<attrlabl>L106015</attrlabl>
<attrdef>Total Female Population, Divorced</attrdef>
</attr>
<attr>
<attrlabl>L106016</attrlabl>
<attrdef>Total Population, Widowed</attrdef>
</attr>
<attr>
<attrlabl>L106017</attrlabl>
<attrdef>Total Male Population, Widowed</attrdef>
</attr>
<attr>
<attrlabl>L106018</attrlabl>
<attrdef>Total Female Population, Widowed</attrdef>
</attr>
<attr>
<attrlabl>L107001</attrlabl>
<attrdef>Total Number of Birth</attrdef>
</attr>
<attr>
<attrlabl>L107002</attrlabl>
<attrdef>Number of Male Birth</attrdef>
</attr>
<attr>
<attrlabl>L107003</attrlabl>
<attrdef>Number of Female Birth</attrdef>
</attr>
<attr>
<attrlabl>L107004</attrlabl>
<attrdef>Sex Ratio</attrdef>
</attr>
<attr>
<attrlabl>L107005</attrlabl>
<attrdef>Total Number of 1st Birth</attrdef>
</attr>
<attr>
<attrlabl>L107006</attrlabl>
<attrdef>Male Number of 1st Birth</attrdef>
</attr>
<attr>
<attrlabl>L107007</attrlabl>
<attrdef>Female Number of 1st Birth</attrdef>
</attr>
<attr>
<attrlabl>L107008</attrlabl>
<attrdef>Sex Ratio</attrdef>
</attr>
<attr>
<attrlabl>L107009</attrlabl>
<attrdef>Total Number of 2nd Birth</attrdef>
</attr>
<attr>
<attrlabl>L107010</attrlabl>
<attrdef>Male Number of 2nd Birth</attrdef>
</attr>
<attr>
<attrlabl>L107011</attrlabl>
<attrdef>Female Number of 2nd Birth</attrdef>
</attr>
<attr>
<attrlabl>L107012</attrlabl>
<attrdef>Sex Ratio</attrdef>
</attr>
<attr>
<attrlabl>L107013</attrlabl>
<attrdef>Total Number of 3rd Birth</attrdef>
</attr>
<attr>
<attrlabl>L107014</attrlabl>
<attrdef>Male Number of 3rd Birth</attrdef>
</attr>
<attr>
<attrlabl>L107015</attrlabl>
<attrdef>Female Number of 3rd Birth</attrdef>
</attr>
<attr>
<attrlabl>L107016</attrlabl>
<attrdef>Sex Ratio</attrdef>
</attr>
<attr>
<attrlabl>L107017</attrlabl>
<attrdef>Total Number of 4th Birth</attrdef>
</attr>
<attr>
<attrlabl>L107018</attrlabl>
<attrdef>Male Number of 4th Birth</attrdef>
</attr>
<attr>
<attrlabl>L107019</attrlabl>
<attrdef>Female Number of 4th Birth</attrdef>
</attr>
<attr>
<attrlabl>L107020</attrlabl>
<attrdef>Sex Ratio</attrdef>
</attr>
<attr>
<attrlabl>L107021</attrlabl>
<attrdef>Total Number of 5th Birth</attrdef>
</attr>
<attr>
<attrlabl>L107022</attrlabl>
<attrdef>Male Number of 5th Birth</attrdef>
</attr>
<attr>
<attrlabl>L107023</attrlabl>
<attrdef>Female Number of 5th Birth</attrdef>
</attr>
<attr>
<attrlabl>L107024</attrlabl>
<attrdef>Sex Ratio</attrdef>
</attr>
<attr>
<attrlabl>L108001</attrlabl>
<attrdef>Number of Women (15-50) with Living Births</attrdef>
</attr>
<attr>
<attrlabl>L108002</attrlabl>
<attrdef>0 Living Births</attrdef>
</attr>
<attr>
<attrlabl>L108003</attrlabl>
<attrdef>1 Living Births</attrdef>
</attr>
<attr>
<attrlabl>L108004</attrlabl>
<attrdef>2 Living Births</attrdef>
</attr>
<attr>
<attrlabl>L108005</attrlabl>
<attrdef>3 Living Births</attrdef>
</attr>
<attr>
<attrlabl>L108006</attrlabl>
<attrdef>4 Living Births</attrdef>
</attr>
<attr>
<attrlabl>L108007</attrlabl>
<attrdef>5 and over Living Births</attrdef>
</attr>
<attr>
<attrlabl>L108008</attrlabl>
<attrdef>Average Number of Living Births Per Women</attrdef>
</attr>
<attr>
<attrlabl>L109001</attrlabl>
<attrdef>Number of Women (15-50) with Surviving Births</attrdef>
</attr>
<attr>
<attrlabl>L109002</attrlabl>
<attrdef>0 Surviving Births</attrdef>
</attr>
<attr>
<attrlabl>L109003</attrlabl>
<attrdef>1 Surviving Births</attrdef>
</attr>
<attr>
<attrlabl>L109004</attrlabl>
<attrdef>2 Surviving Births</attrdef>
</attr>
<attr>
<attrlabl>L109005</attrlabl>
<attrdef>3 Surviving Births</attrdef>
</attr>
<attr>
<attrlabl>L109006</attrlabl>
<attrdef>4 Surviving Births</attrdef>
</attr>
<attr>
<attrlabl>L109007</attrlabl>
<attrdef>5 and over Surviving Births</attrdef>
</attr>
<attr>
<attrlabl>L109008</attrlabl>
<attrdef>Average Number of Surviving Births Per Women</attrdef>
</attr>
<attr>
<attrlabl>L401001</attrlabl>
<attrdef>Total employed P</attrdef>
</attr>
<attr>
<attrlabl>L401002</attrlabl>
<attrdef>Total employed M</attrdef>
</attr>
<attr>
<attrlabl>L401003</attrlabl>
<attrdef>Total employed F</attrdef>
</attr>
<attr>
<attrlabl>L401004</attrlabl>
<attrdef>P Farming,Forestry,Animal Husbandry and Fishery</attrdef>
</attr>
<attr>
<attrlabl>L401005</attrlabl>
<attrdef>M Farming,Forestry,Animal Husbandry and Fishery</attrdef>
</attr>
<attr>
<attrlabl>L401006</attrlabl>
<attrdef>F Farming,Forestry,Animal Husbandry and Fishery</attrdef>
</attr>
<attr>
<attrlabl>L401007</attrlabl>
<attrdef>P Farming</attrdef>
</attr>
<attr>
<attrlabl>L401008</attrlabl>
<attrdef>M Farming</attrdef>
</attr>
<attr>
<attrlabl>L401009</attrlabl>
<attrdef>F Farming</attrdef>
</attr>
<attr>
<attrlabl>L401010</attrlabl>
<attrdef>P Forestry</attrdef>
</attr>
<attr>
<attrlabl>L401011</attrlabl>
<attrdef>M Forestry</attrdef>
</attr>
<attr>
<attrlabl>L401012</attrlabl>
<attrdef>F Forestry</attrdef>
</attr>
<attr>
<attrlabl>L401013</attrlabl>
<attrdef>P Animal Husbandry</attrdef>
</attr>
<attr>
<attrlabl>L401014</attrlabl>
<attrdef>M Animal Husbandry</attrdef>
</attr>
<attr>
<attrlabl>L401015</attrlabl>
<attrdef>F Animal Husbandry</attrdef>
</attr>
<attr>
<attrlabl>L401016</attrlabl>
<attrdef>P Fishery</attrdef>
</attr>
<attr>
<attrlabl>L401017</attrlabl>
<attrdef>M Fishery</attrdef>
</attr>
<attr>
<attrlabl>L401018</attrlabl>
<attrdef>F Fishery</attrdef>
</attr>
<attr>
<attrlabl>L401019</attrlabl>
<attrdef>P Agricultural Services</attrdef>
</attr>
<attr>
<attrlabl>L401020</attrlabl>
<attrdef>M Agricultural Services</attrdef>
</attr>
<attr>
<attrlabl>L401021</attrlabl>
<attrdef>F Agricultural Services</attrdef>
</attr>
<attr>
<attrlabl>L401022</attrlabl>
<attrdef>P Mining and Quarrying</attrdef>
</attr>
<attr>
<attrlabl>L401023</attrlabl>
<attrdef>M Mining and Quarrying</attrdef>
</attr>
<attr>
<attrlabl>L401024</attrlabl>
<attrdef>F Mining and Quarrying</attrdef>
</attr>
<attr>
<attrlabl>L401025</attrlabl>
<attrdef>P Coal Mining and Dressing</attrdef>
</attr>
<attr>
<attrlabl>L401026</attrlabl>
<attrdef>M Coal Mining and Dressing</attrdef>
</attr>
<attr>
<attrlabl>L401027</attrlabl>
<attrdef>F Coal Mining and Dressing</attrdef>
</attr>
<attr>
<attrlabl>L401028</attrlabl>
<attrdef>P Extraction of petroleum and Natural Gas</attrdef>
</attr>
<attr>
<attrlabl>L401029</attrlabl>
<attrdef>M Extraction of petroleum and Natural Gas</attrdef>
</attr>
<attr>
<attrlabl>L401030</attrlabl>
<attrdef>F Extraction of petroleum and Natural Gas</attrdef>
</attr>
<attr>
<attrlabl>L401031</attrlabl>
<attrdef>P Mining and Dressing of Ferrous Metals</attrdef>
</attr>
<attr>
<attrlabl>L401032</attrlabl>
<attrdef>M Mining and Dressing of Ferrous Metals</attrdef>
</attr>
<attr>
<attrlabl>L401033</attrlabl>
<attrdef>F Mining and Dressing of Ferrous Metals</attrdef>
</attr>
<attr>
<attrlabl>L401034</attrlabl>
<attrdef>P Mining and Dressing of Nonferrous Metals</attrdef>
</attr>
<attr>
<attrlabl>L401035</attrlabl>
<attrdef>M Mining and Dressing of Nonferrous Metals</attrdef>
</attr>
<attr>
<attrlabl>L401036</attrlabl>
<attrdef>F Mining and Dressing of Nonferrous Metals</attrdef>
</attr>
<attr>
<attrlabl>L401037</attrlabl>
<attrdef>P Mining and Dressing of Nonmetal Minerals</attrdef>
</attr>
<attr>
<attrlabl>L401038</attrlabl>
<attrdef>M Mining and Dressing of Nonmetal Minerals</attrdef>
</attr>
<attr>
<attrlabl>L401039</attrlabl>
<attrdef>F Mining and Dressing of Nonmetal Minerals</attrdef>
</attr>
<attr>
<attrlabl>L401040</attrlabl>
<attrdef>P Mining and Dressing of Other Minerals</attrdef>
</attr>
<attr>
<attrlabl>L401041</attrlabl>
<attrdef>M Mining and Dressing of Other Minerals</attrdef>
</attr>
<attr>
<attrlabl>L401042</attrlabl>
<attrdef>F Mining and Dressing of Other Minerals</attrdef>
</attr>
<attr>
<attrlabl>L401043</attrlabl>
<attrdef>P Logging and Transport of Wood and Bamboo</attrdef>
</attr>
<attr>
<attrlabl>L401044</attrlabl>
<attrdef>M Logging and Transport of Wood and Bamboo</attrdef>
</attr>
<attr>
<attrlabl>L401045</attrlabl>
<attrdef>F Logging and Transport of Wood and Bamboo</attrdef>
</attr>
<attr>
<attrlabl>L401046</attrlabl>
<attrdef>P Manufacturing</attrdef>
</attr>
<attr>
<attrlabl>L401047</attrlabl>
<attrdef>M Manufacturing</attrdef>
</attr>
<attr>
<attrlabl>L401048</attrlabl>
<attrdef>F Manufacturing</attrdef>
</attr>
<attr>
<attrlabl>L401049</attrlabl>
<attrdef>P Food Processing</attrdef>
</attr>
<attr>
<attrlabl>L401050</attrlabl>
<attrdef>M Food Processing</attrdef>
</attr>
<attr>
<attrlabl>L401051</attrlabl>
<attrdef>F Food Processing</attrdef>
</attr>
<attr>
<attrlabl>L401052</attrlabl>
<attrdef>F Food Processing</attrdef>
</attr>
<attr>
<attrlabl>L401053</attrlabl>
<attrdef>M Food Production</attrdef>
</attr>
<attr>
<attrlabl>L401054</attrlabl>
<attrdef>F Food Production</attrdef>
</attr>
<attr>
<attrlabl>L401055</attrlabl>
<attrdef>P Beverages</attrdef>
</attr>
<attr>
<attrlabl>L401056</attrlabl>
<attrdef>M Beverages</attrdef>
</attr>
<attr>
<attrlabl>L401057</attrlabl>
<attrdef>F Beverages</attrdef>
</attr>
<attr>
<attrlabl>L401058</attrlabl>
<attrdef>P Tobacco</attrdef>
</attr>
<attr>
<attrlabl>L401059</attrlabl>
<attrdef>M Tobacco</attrdef>
</attr>
<attr>
<attrlabl>L401060</attrlabl>
<attrdef>F Tobacco</attrdef>
</attr>
<attr>
<attrlabl>L401061</attrlabl>
<attrdef>P Textiles</attrdef>
</attr>
<attr>
<attrlabl>L401062</attrlabl>
<attrdef>M Textiles</attrdef>
</attr>
<attr>
<attrlabl>L401063</attrlabl>
<attrdef>F Textiles</attrdef>
</attr>
<attr>
<attrlabl>L401064</attrlabl>
<attrdef>P Garments and Other Fiber Products</attrdef>
</attr>
<attr>
<attrlabl>L401065</attrlabl>
<attrdef>M Garments and Other Fiber Products</attrdef>
</attr>
<attr>
<attrlabl>L401066</attrlabl>
<attrdef>F Garments and Other Fiber Products</attrdef>
</attr>
<attr>
<attrlabl>L401067</attrlabl>
<attrdef>P Leather, Furs, Down and Related Products</attrdef>
</attr>
<attr>
<attrlabl>L401068</attrlabl>
<attrdef>M Leather, Furs, Down and Related Products</attrdef>
</attr>
<attr>
<attrlabl>L401069</attrlabl>
<attrdef>F Leather, Furs, Down and Related Products</attrdef>
</attr>
<attr>
<attrlabl>L401070</attrlabl>
<attrdef>P Timber Processing, Bamboo, Cane, Palm Fiber and Straw Products</attrdef>
</attr>
<attr>
<attrlabl>L401071</attrlabl>
<attrdef>M Timber Processing, Bamboo, Cane, Palm Fiber and Straw Products</attrdef>
</attr>
<attr>
<attrlabl>L401072</attrlabl>
<attrdef>M Timber Processing, Bamboo, Cane, Palm Fiber and Straw Products</attrdef>
</attr>
<attr>
<attrlabl>L401073</attrlabl>
<attrdef>P Furniture Manufacturing</attrdef>
</attr>
<attr>
<attrlabl>L401074</attrlabl>
<attrdef>M Furniture Manufacturing</attrdef>
</attr>
<attr>
<attrlabl>L401075</attrlabl>
<attrdef>F Furniture Manufacturing</attrdef>
</attr>
<attr>
<attrlabl>L401076</attrlabl>
<attrdef>P Papermaking and Paper Products</attrdef>
</attr>
<attr>
<attrlabl>L401077</attrlabl>
<attrdef>M Papermaking and Paper Products</attrdef>
</attr>
<attr>
<attrlabl>L401078</attrlabl>
<attrdef>F Papermaking and Paper Products</attrdef>
</attr>
<attr>
<attrlabl>L401079</attrlabl>
<attrdef>P Printing and Record Medium Reproduction</attrdef>
</attr>
<attr>
<attrlabl>L401080</attrlabl>
<attrdef>M Printing and Record Medium Reproduction</attrdef>
</attr>
<attr>
<attrlabl>L401081</attrlabl>
<attrdef>F Printing and Record Medium Reproduction</attrdef>
</attr>
<attr>
<attrlabl>L401082</attrlabl>
<attrdef>P Cultural, Educational and Sports Goods</attrdef>
</attr>
<attr>
<attrlabl>L401083</attrlabl>
<attrdef>M Cultural, Educational and Sports Goods</attrdef>
</attr>
<attr>
<attrlabl>L401084</attrlabl>
<attrdef>F Cultural, Educational and Sports Goods</attrdef>
</attr>
<attr>
<attrlabl>L401085</attrlabl>
<attrdef>P Petroleum Processing and Coking</attrdef>
</attr>
<attr>
<attrlabl>L401086</attrlabl>
<attrdef>M Petroleum Processing and Coking</attrdef>
</attr>
<attr>
<attrlabl>L401087</attrlabl>
<attrdef>F Petroleum Processing and Coking</attrdef>
</attr>
<attr>
<attrlabl>L401088</attrlabl>
<attrdef>P Raw Chemical Materials and Chemical Products</attrdef>
</attr>
<attr>
<attrlabl>L401089</attrlabl>
<attrdef>M Raw Chemical Materials and Chemical Products</attrdef>
</attr>
<attr>
<attrlabl>L401090</attrlabl>
<attrdef>F Raw Chemical Materials and Chemical Products</attrdef>
</attr>
<attr>
<attrlabl>L401091</attrlabl>
<attrdef>P Medical and Pharmaceutical Products</attrdef>
</attr>
<attr>
<attrlabl>L401092</attrlabl>
<attrdef>M Medical and Pharmaceutical Products</attrdef>
</attr>
<attr>
<attrlabl>L401093</attrlabl>
<attrdef>F Medical and Pharmaceutical Products</attrdef>
</attr>
<attr>
<attrlabl>L401094</attrlabl>
<attrdef>P Chemical Fiber</attrdef>
</attr>
<attr>
<attrlabl>L401095</attrlabl>
<attrdef>M Chemical Fiber</attrdef>
</attr>
<attr>
<attrlabl>L401096</attrlabl>
<attrdef>F Chemical Fiber</attrdef>
</attr>
<attr>
<attrlabl>L401097</attrlabl>
<attrdef>P Rubber Products</attrdef>
</attr>
<attr>
<attrlabl>L401098</attrlabl>
<attrdef>M Rubber Products</attrdef>
</attr>
<attr>
<attrlabl>L401099</attrlabl>
<attrdef>F Rubber Products</attrdef>
</attr>
<attr>
<attrlabl>L401100</attrlabl>
<attrdef>P Plastic Products</attrdef>
</attr>
<attr>
<attrlabl>L401101</attrlabl>
<attrdef>M Plastic Products</attrdef>
</attr>
<attr>
<attrlabl>L401102</attrlabl>
<attrdef>F Plastic Products</attrdef>
</attr>
<attr>
<attrlabl>L401103</attrlabl>
<attrdef>P Nonmetal Mineral Products</attrdef>
</attr>
<attr>
<attrlabl>L401104</attrlabl>
<attrdef>M Nonmetal Mineral Products</attrdef>
</attr>
<attr>
<attrlabl>L401105</attrlabl>
<attrdef>F Nonmetal Mineral Products</attrdef>
</attr>
<attr>
<attrlabl>L401106</attrlabl>
<attrdef>P Smelting and Pressing of Ferrous Metals</attrdef>
</attr>
<attr>
<attrlabl>L401107</attrlabl>
<attrdef>M Smelting and Pressing of Ferrous Metals</attrdef>
</attr>
<attr>
<attrlabl>L401108</attrlabl>
<attrdef>F Smelting and Pressing of Ferrous Metals</attrdef>
</attr>
<attr>
<attrlabl>L401109</attrlabl>
<attrdef>P Smelting and Pressing of Nonferrous Metals</attrdef>
</attr>
<attr>
<attrlabl>L401110</attrlabl>
<attrdef>M Smelting and Pressing of Nonferrous Metals</attrdef>
</attr>
<attr>
<attrlabl>L401111</attrlabl>
<attrdef>F Smelting and Pressing of Nonferrous Metals</attrdef>
</attr>
<attr>
<attrlabl>L401112</attrlabl>
<attrdef>P Metal Products</attrdef>
</attr>
<attr>
<attrlabl>L401113</attrlabl>
<attrdef>M Metal Products</attrdef>
</attr>
<attr>
<attrlabl>L401114</attrlabl>
<attrdef>F Metal Products</attrdef>
</attr>
<attr>
<attrlabl>L401115</attrlabl>
<attrdef>P Ordinary Machinery</attrdef>
</attr>
<attr>
<attrlabl>L401116</attrlabl>
<attrdef>M Ordinary Machinery</attrdef>
</attr>
<attr>
<attrlabl>L401117</attrlabl>
<attrdef>F Ordinary Machinery</attrdef>
</attr>
<attr>
<attrlabl>L401118</attrlabl>
<attrdef>P Equipment for Special Purpose</attrdef>
</attr>
<attr>
<attrlabl>L401119</attrlabl>
<attrdef>M Equipment for Special Purposes</attrdef>
</attr>
<attr>
<attrlabl>L401120</attrlabl>
<attrdef>F Equipment for Special Purposes</attrdef>
</attr>
<attr>
<attrlabl>L401121</attrlabl>
<attrdef>P Transport Equipment</attrdef>
</attr>
<attr>
<attrlabl>L401122</attrlabl>
<attrdef>M Transport Equipment</attrdef>
</attr>
<attr>
<attrlabl>L401123</attrlabl>
<attrdef>F Transport Equipment</attrdef>
</attr>
<attr>
<attrlabl>L401124</attrlabl>
<attrdef>P Weapons and ammunitions</attrdef>
</attr>
<attr>
<attrlabl>L401125</attrlabl>
<attrdef>M Weapons and ammunitions</attrdef>
</attr>
<attr>
<attrlabl>L401126</attrlabl>
<attrdef>F Weapons and ammunitions</attrdef>
</attr>
<attr>
<attrlabl>L401127</attrlabl>
<attrdef>P Electric Equipment and Machinery</attrdef>
</attr>
<attr>
<attrlabl>L401128</attrlabl>
<attrdef>M Electric Equipment and Machinery</attrdef>
</attr>
<attr>
<attrlabl>L401129</attrlabl>
<attrdef>F Electric Equipment and Machinery</attrdef>
</attr>
<attr>
<attrlabl>L401130</attrlabl>
<attrdef>P Electronic and Telecommunications Equipment</attrdef>
</attr>
<attr>
<attrlabl>L401131</attrlabl>
<attrdef>M Electronic and Telecommunications Equipment</attrdef>
</attr>
<attr>
<attrlabl>L401132</attrlabl>
<attrdef>F Electronic and Telecommunications Equipment</attrdef>
</attr>
<attr>
<attrlabl>L401133</attrlabl>
<attrdef>P Instruments, Meters, Cultural and Office Machinery</attrdef>
</attr>
<attr>
<attrlabl>L401134</attrlabl>
<attrdef>M Instruments, Meters, Cultural and Office Machinery</attrdef>
</attr>
<attr>
<attrlabl>L401135</attrlabl>
<attrdef>F Instruments, Meters, Cultural and Office Machinery</attrdef>
</attr>
<attr>
<attrlabl>L401136</attrlabl>
<attrdef>P Other Manufacturing</attrdef>
</attr>
<attr>
<attrlabl>L401137</attrlabl>
<attrdef>M Other Manufacturing</attrdef>
</attr>
<attr>
<attrlabl>L401138</attrlabl>
<attrdef>F Other Manufacturing</attrdef>
</attr>
<attr>
<attrlabl>L401139</attrlabl>
<attrdef>P Production and Supply of Electric Power,Gas and Water</attrdef>
</attr>
<attr>
<attrlabl>L401140</attrlabl>
<attrdef>M Production and Supply of Electric Power,Gas and Water</attrdef>
</attr>
<attr>
<attrlabl>L401141</attrlabl>
<attrdef>F Production and Supply of Electric Power,Gas and Water</attrdef>
</attr>
<attr>
<attrlabl>L401142</attrlabl>
<attrdef>P Production and Supply of Electric Power, Steam and Hot Water</attrdef>
</attr>
<attr>
<attrlabl>L401143</attrlabl>
<attrdef>M Production and Supply of Electric Power, Steam and Hot Water</attrdef>
</attr>
<attr>
<attrlabl>L401144</attrlabl>
<attrdef>F Production and Supply of Electric Power, Steam and Hot Water</attrdef>
</attr>
<attr>
<attrlabl>L401145</attrlabl>
<attrdef>P Production and Supply of Gas</attrdef>
</attr>
<attr>
<attrlabl>L401146</attrlabl>
<attrdef>M Production and Supply of Gas</attrdef>
</attr>
<attr>
<attrlabl>L401147</attrlabl>
<attrdef>F Production and Supply of Gas</attrdef>
</attr>
<attr>
<attrlabl>L401148</attrlabl>
<attrdef>P Production and Supply of Tap Water</attrdef>
</attr>
<attr>
<attrlabl>L401149</attrlabl>
<attrdef>M Production and Supply of Tap Water</attrdef>
</attr>
<attr>
<attrlabl>L401150</attrlabl>
<attrdef>F Production and Supply of Tap Water</attrdef>
</attr>
<attr>
<attrlabl>L401151</attrlabl>
<attrdef>P Construction</attrdef>
</attr>
<attr>
<attrlabl>L401152</attrlabl>
<attrdef>M Construction</attrdef>
</attr>
<attr>
<attrlabl>L401153</attrlabl>
<attrdef>F Construction</attrdef>
</attr>
<attr>
<attrlabl>L401154</attrlabl>
<attrdef>P Civil Engineering Construction</attrdef>
</attr>
<attr>
<attrlabl>L401155</attrlabl>
<attrdef>M Civil Engineering Construction</attrdef>
</attr>
<attr>
<attrlabl>L401156</attrlabl>
<attrdef>F Civil Engineering Construction</attrdef>
</attr>
<attr>
<attrlabl>L401157</attrlabl>
<attrdef>P Installation of lines, Pipelines and Equipment</attrdef>
</attr>
<attr>
<attrlabl>L401158</attrlabl>
<attrdef>M Installation of lines, Pipelines and Equipment</attrdef>
</attr>
<attr>
<attrlabl>L401159</attrlabl>
<attrdef>F Installation of lines, Pipelines and Equipment</attrdef>
</attr>
<attr>
<attrlabl>L401160</attrlabl>
<attrdef>P Fitting and Decoration</attrdef>
</attr>
<attr>
<attrlabl>L401161</attrlabl>
<attrdef>M Fitting and Decoration</attrdef>
</attr>
<attr>
<attrlabl>L401162</attrlabl>
<attrdef>F Fitting and Decoration</attrdef>
</attr>
<attr>
<attrlabl>L401163</attrlabl>
<attrdef>P Geological Prospecting and Water Conservancy</attrdef>
</attr>
<attr>
<attrlabl>L401164</attrlabl>
<attrdef>M Geological Prospecting and Water Conservancy</attrdef>
</attr>
<attr>
<attrlabl>L401165</attrlabl>
<attrdef>F Geological Prospecting and Water Conservancy</attrdef>
</attr>
<attr>
<attrlabl>L401166</attrlabl>
<attrdef>P Geological Prospecting</attrdef>
</attr>
<attr>
<attrlabl>L401167</attrlabl>
<attrdef>M Geological Prospecting</attrdef>
</attr>
<attr>
<attrlabl>L401168</attrlabl>
<attrdef>F Geological Prospecting</attrdef>
</attr>
<attr>
<attrlabl>L401169</attrlabl>
<attrdef>P Water Conservancy</attrdef>
</attr>
<attr>
<attrlabl>L401170</attrlabl>
<attrdef>M Water Conservancy</attrdef>
</attr>
<attr>
<attrlabl>L401171</attrlabl>
<attrdef>F Water Conservancy</attrdef>
</attr>
<attr>
<attrlabl>L401172</attrlabl>
<attrdef>P Transport, Storage, Postal and Telecommunication Services</attrdef>
</attr>
<attr>
<attrlabl>L401173</attrlabl>
<attrdef>M Transport, Storage, Postal and Telecommunication Services</attrdef>
</attr>
<attr>
<attrlabl>L401174</attrlabl>
<attrdef>F Transport, Storage, Postal and Telecommunication Services</attrdef>
</attr>
<attr>
<attrlabl>L401175</attrlabl>
<attrdef>P Railway Transport</attrdef>
</attr>
<attr>
<attrlabl>L401176</attrlabl>
<attrdef>M Railway Transport</attrdef>
</attr>
<attr>
<attrlabl>L401177</attrlabl>
<attrdef>F Railway Transport</attrdef>
</attr>
<attr>
<attrlabl>L401178</attrlabl>
<attrdef>P Highway Transport</attrdef>
</attr>
<attr>
<attrlabl>L401179</attrlabl>
<attrdef>M Highway Transport</attrdef>
</attr>
<attr>
<attrlabl>L401180</attrlabl>
<attrdef>F Highway Transport</attrdef>
</attr>
<attr>
<attrlabl>L401181</attrlabl>
<attrdef>P Pipeline Transport</attrdef>
</attr>
<attr>
<attrlabl>L401182</attrlabl>
<attrdef>M Pipeline Transport</attrdef>
</attr>
<attr>
<attrlabl>L401183</attrlabl>
<attrdef>F Pipeline Transport</attrdef>
</attr>
<attr>
<attrlabl>L401184</attrlabl>
<attrdef>P Waterway Transport</attrdef>
</attr>
<attr>
<attrlabl>L401185</attrlabl>
<attrdef>M Waterway Transport</attrdef>
</attr>
<attr>
<attrlabl>L401186</attrlabl>
<attrdef>F Waterway Transport</attrdef>
</attr>
<attr>
<attrlabl>L401187</attrlabl>
<attrdef>P Air Transport</attrdef>
</attr>
<attr>
<attrlabl>L401188</attrlabl>
<attrdef>M Air Transport</attrdef>
</attr>
<attr>
<attrlabl>L401189</attrlabl>
<attrdef>F Air Transport</attrdef>
</attr>
<attr>
<attrlabl>L401190</attrlabl>
<attrdef>P Transport Subsidiary Services</attrdef>
</attr>
<attr>
<attrlabl>L401191</attrlabl>
<attrdef>M Transport Subsidiary Services</attrdef>
</attr>
<attr>
<attrlabl>L401192</attrlabl>
<attrdef>F Transport Subsidiary Services</attrdef>
</attr>
<attr>
<attrlabl>L401193</attrlabl>
<attrdef>P Other Transport</attrdef>
</attr>
<attr>
<attrlabl>L401194</attrlabl>
<attrdef>M Other Transport</attrdef>
</attr>
<attr>
<attrlabl>L401195</attrlabl>
<attrdef>F Other Transport</attrdef>
</attr>
<attr>
<attrlabl>L401196</attrlabl>
<attrdef>P Storage</attrdef>
</attr>
<attr>
<attrlabl>L401197</attrlabl>
<attrdef>M Storage</attrdef>
</attr>
<attr>
<attrlabl>L401198</attrlabl>
<attrdef>F Storage</attrdef>
</attr>
<attr>
<attrlabl>L401199</attrlabl>
<attrdef>P Postal and Telecommunications Services</attrdef>
</attr>
<attr>
<attrlabl>L401200</attrlabl>
<attrdef>M Postal and Telecommunications Services</attrdef>
</attr>
<attr>
<attrlabl>L401201</attrlabl>
<attrdef>F Postal and Telecommunications Services</attrdef>
</attr>
<attr>
<attrlabl>L401202</attrlabl>
<attrdef>P Wholesale &amp; Retail Trade and Catering Services</attrdef>
</attr>
<attr>
<attrlabl>L401203</attrlabl>
<attrdef>M Wholesale &amp; Retail Trade and Catering Services</attrdef>
</attr>
<attr>
<attrlabl>L401204</attrlabl>
<attrdef>F Wholesale &amp; Retail Trade and Catering Services</attrdef>
</attr>
<attr>
<attrlabl>L401205</attrlabl>
<attrdef>P Wholesale Trade of Food, Beverage, Tobacco and Household Articles</attrdef>
</attr>
<attr>
<attrlabl>L401206</attrlabl>
<attrdef>M Wholesale Trade of Food, Beverage, Tobacco and Household Articles</attrdef>
</attr>
<attr>
<attrlabl>L401207</attrlabl>
<attrdef>F Wholesale Trade of Food, Beverage, Tobacco and Household Articles</attrdef>
</attr>
<attr>
<attrlabl>L401208</attrlabl>
<attrdef>P Wholesale Trade of Energy, Materials and Electronic Equipment</attrdef>
</attr>
<attr>
<attrlabl>L401209</attrlabl>
<attrdef>M Wholesale Trade of Energy, Materials and Electronic Equipment</attrdef>
</attr>
<attr>
<attrlabl>L401210</attrlabl>
<attrdef>F Wholesale Trade of Energy, Materials and Electronic Equipment</attrdef>
</attr>
<attr>
<attrlabl>L401211</attrlabl>
<attrdef>P Other Wholesale Trade</attrdef>
</attr>
<attr>
<attrlabl>L401212</attrlabl>
<attrdef>M Other Wholesale Trade</attrdef>
</attr>
<attr>
<attrlabl>L401213</attrlabl>
<attrdef>F Other Wholesale Trade</attrdef>
</attr>
<attr>
<attrlabl>L401214</attrlabl>
<attrdef>P Retail Trade</attrdef>
</attr>
<attr>
<attrlabl>L401215</attrlabl>
<attrdef>M Retail Trade</attrdef>
</attr>
<attr>
<attrlabl>L401216</attrlabl>
<attrdef>F Retail Trade</attrdef>
</attr>
<attr>
<attrlabl>L401217</attrlabl>
<attrdef>P Commercial Brokerage and Agencies</attrdef>
</attr>
<attr>
<attrlabl>L401218</attrlabl>
<attrdef>M Commercial Brokerage and Agencies</attrdef>
</attr>
<attr>
<attrlabl>L401219</attrlabl>
<attrdef>F Commercial Brokerage and Agencies</attrdef>
</attr>
<attr>
<attrlabl>L401220</attrlabl>
<attrdef>P Catering Trade</attrdef>
</attr>
<attr>
<attrlabl>L401221</attrlabl>
<attrdef>M Catering Trade</attrdef>
</attr>
<attr>
<attrlabl>L401222</attrlabl>
<attrdef>F Catering Trade</attrdef>
</attr>
<attr>
<attrlabl>L401223</attrlabl>
<attrdef>P Finance and Insurance</attrdef>
</attr>
<attr>
<attrlabl>L401224</attrlabl>
<attrdef>M Finance and Insurance</attrdef>
</attr>
<attr>
<attrlabl>L401225</attrlabl>
<attrdef>F Finance and Insurance</attrdef>
</attr>
<attr>
<attrlabl>L401226</attrlabl>
<attrdef>P Finance</attrdef>
</attr>
<attr>
<attrlabl>L401227</attrlabl>
<attrdef>M Finance</attrdef>
</attr>
<attr>
<attrlabl>L401228</attrlabl>
<attrdef>F Finance</attrdef>
</attr>
<attr>
<attrlabl>L401229</attrlabl>
<attrdef>P Insurance</attrdef>
</attr>
<attr>
<attrlabl>L401230</attrlabl>
<attrdef>M Insurance</attrdef>
</attr>
<attr>
<attrlabl>L401231</attrlabl>
<attrdef>F Insurance</attrdef>
</attr>
<attr>
<attrlabl>L401232</attrlabl>
<attrdef>P Real Estate</attrdef>
</attr>
<attr>
<attrlabl>L401233</attrlabl>
<attrdef>M Real Estate</attrdef>
</attr>
<attr>
<attrlabl>L401234</attrlabl>
<attrdef>F Real Estate</attrdef>
</attr>
<attr>
<attrlabl>L401235</attrlabl>
<attrdef>P Real Estate Development and Operation</attrdef>
</attr>
<attr>
<attrlabl>L401236</attrlabl>
<attrdef>M Real Estate Development and Operation</attrdef>
</attr>
<attr>
<attrlabl>L401237</attrlabl>
<attrdef>F Real Estate Development and Operation</attrdef>
</attr>
<attr>
<attrlabl>L401238</attrlabl>
<attrdef>P Real Estate Management</attrdef>
</attr>
<attr>
<attrlabl>L401239</attrlabl>
<attrdef>M Real Estate Management</attrdef>
</attr>
<attr>
<attrlabl>L401240</attrlabl>
<attrdef>F Real Estate Management</attrdef>
</attr>
<attr>
<attrlabl>L401241</attrlabl>
<attrdef>P Real Estate Brokerage and Agencies</attrdef>
</attr>
<attr>
<attrlabl>L401242</attrlabl>
<attrdef>P Real Estate Brokerage and Agencies</attrdef>
</attr>
<attr>
<attrlabl>L401243</attrlabl>
<attrdef>F Real Estate Brokerage and Agencies</attrdef>
</attr>
<attr>
<attrlabl>L401244</attrlabl>
<attrdef>P Social Services</attrdef>
</attr>
<attr>
<attrlabl>L401245</attrlabl>
<attrdef>M Social Services</attrdef>
</attr>
<attr>
<attrlabl>L401246</attrlabl>
<attrdef>F Social Services</attrdef>
</attr>
<attr>
<attrlabl>L401247</attrlabl>
<attrdef>P Public Services</attrdef>
</attr>
<attr>
<attrlabl>L401248</attrlabl>
<attrdef>M Public Services</attrdef>
</attr>
<attr>
<attrlabl>L401249</attrlabl>
<attrdef>F Public Services</attrdef>
</attr>
<attr>
<attrlabl>L401250</attrlabl>
<attrdef>P Resident Services</attrdef>
</attr>
<attr>
<attrlabl>L401251</attrlabl>
<attrdef>M Resident Services</attrdef>
</attr>
<attr>
<attrlabl>L401252</attrlabl>
<attrdef>M Resident Services</attrdef>
</attr>
<attr>
<attrlabl>L401253</attrlabl>
<attrdef>P Hotels</attrdef>
</attr>
<attr>
<attrlabl>L401254</attrlabl>
<attrdef>M Hotels</attrdef>
</attr>
<attr>
<attrlabl>L401255</attrlabl>
<attrdef>F Hotels</attrdef>
</attr>
<attr>
<attrlabl>L401256</attrlabl>
<attrdef>P Leasing Services</attrdef>
</attr>
<attr>
<attrlabl>L401257</attrlabl>
<attrdef>M Leasing Services</attrdef>
</attr>
<attr>
<attrlabl>L401258</attrlabl>
<attrdef>F Leasing Services</attrdef>
</attr>
<attr>
<attrlabl>L401259</attrlabl>
<attrdef>P Tourism</attrdef>
</attr>
<attr>
<attrlabl>L401260</attrlabl>
<attrdef>M Tourism</attrdef>
</attr>
<attr>
<attrlabl>L401261</attrlabl>
<attrdef>F Tourism</attrdef>
</attr>
<attr>
<attrlabl>L401262</attrlabl>
<attrdef>P Recreational Services</attrdef>
</attr>
<attr>
<attrlabl>L401263</attrlabl>
<attrdef>M Recreational Services</attrdef>
</attr>
<attr>
<attrlabl>L401264</attrlabl>
<attrdef>F Recreational Services</attrdef>
</attr>
<attr>
<attrlabl>L401265</attrlabl>
<attrdef>P Information and Consultative Services</attrdef>
</attr>
<attr>
<attrlabl>L401266</attrlabl>
<attrdef>M Information and Consultative Services</attrdef>
</attr>
<attr>
<attrlabl>L401267</attrlabl>
<attrdef>F Information and Consultative Services</attrdef>
</attr>
<attr>
<attrlabl>L401268</attrlabl>
<attrdef>P Computer Application Services</attrdef>
</attr>
<attr>
<attrlabl>L401269</attrlabl>
<attrdef>M Computer Application Services</attrdef>
</attr>
<attr>
<attrlabl>L401270</attrlabl>
<attrdef>F Computer Application Services</attrdef>
</attr>
<attr>
<attrlabl>L401271</attrlabl>
<attrdef>P Other Social Services</attrdef>
</attr>
<attr>
<attrlabl>L401272</attrlabl>
<attrdef>M Other Social Services</attrdef>
</attr>
<attr>
<attrlabl>L401273</attrlabl>
<attrdef>F Other Social Services</attrdef>
</attr>
<attr>
<attrlabl>L401274</attrlabl>
<attrdef>P Health Care, Sports and Social Welfare</attrdef>
</attr>
<attr>
<attrlabl>L401275</attrlabl>
<attrdef>M Health Care, Sports and Social Welfare</attrdef>
</attr>
<attr>
<attrlabl>L401276</attrlabl>
<attrdef>F Health Care, Sports and Social Welfare</attrdef>
</attr>
<attr>
<attrlabl>L401277</attrlabl>
<attrdef>P Health Care</attrdef>
</attr>
<attr>
<attrlabl>L401278</attrlabl>
<attrdef>M Health Care</attrdef>
</attr>
<attr>
<attrlabl>L401279</attrlabl>
<attrdef>F Health Care</attrdef>
</attr>
<attr>
<attrlabl>L401280</attrlabl>
<attrdef>P Sports</attrdef>
</attr>
<attr>
<attrlabl>L401281</attrlabl>
<attrdef>M Sports</attrdef>
</attr>
<attr>
<attrlabl>L401282</attrlabl>
<attrdef>F Sports</attrdef>
</attr>
<attr>
<attrlabl>L401283</attrlabl>
<attrdef>P Social Welfare and Social Security</attrdef>
</attr>
<attr>
<attrlabl>L401284</attrlabl>
<attrdef>M Social Welfare and Social Security</attrdef>
</attr>
<attr>
<attrlabl>L401285</attrlabl>
<attrdef>F Social Welfare and Social Security</attrdef>
</attr>
<attr>
<attrlabl>L401286</attrlabl>
<attrdef>P Education, Culture and Arts, Radio, Film and Television</attrdef>
</attr>
<attr>
<attrlabl>L401287</attrlabl>
<attrdef>M Education, Culture and Arts, Radio, Film and Television</attrdef>
</attr>
<attr>
<attrlabl>L401288</attrlabl>
<attrdef>F Education, Culture and Arts, Radio, Film and Television</attrdef>
</attr>
<attr>
<attrlabl>L401289</attrlabl>
<attrdef>P Education</attrdef>
</attr>
<attr>
<attrlabl>L401290</attrlabl>
<attrdef>M Education</attrdef>
</attr>
<attr>
<attrlabl>L401291</attrlabl>
<attrdef>F Education</attrdef>
</attr>
<attr>
<attrlabl>L401292</attrlabl>
<attrdef>P Culture and Arts</attrdef>
</attr>
<attr>
<attrlabl>L401293</attrlabl>
<attrdef>M Culture and Arts</attrdef>
</attr>
<attr>
<attrlabl>L401294</attrlabl>
<attrdef>F Culture and Arts</attrdef>
</attr>
<attr>
<attrlabl>L401295</attrlabl>
<attrdef>P Radio, Film and Television</attrdef>
</attr>
<attr>
<attrlabl>L401296</attrlabl>
<attrdef>M Radio, Film and Television</attrdef>
</attr>
<attr>
<attrlabl>L401297</attrlabl>
<attrdef>F Radio, Film and Television</attrdef>
</attr>
<attr>
<attrlabl>L401298</attrlabl>
<attrdef>P Scientific Research and Polytechnic Services</attrdef>
</attr>
<attr>
<attrlabl>L401299</attrlabl>
<attrdef>M Scientific Research and Polytechnic Services</attrdef>
</attr>
<attr>
<attrlabl>L401300</attrlabl>
<attrdef>F Scientific Research and Polytechnic Services</attrdef>
</attr>
<attr>
<attrlabl>L401301</attrlabl>
<attrdef>P Scientific Research</attrdef>
</attr>
<attr>
<attrlabl>L401302</attrlabl>
<attrdef>M Scientific Research</attrdef>
</attr>
<attr>
<attrlabl>L401303</attrlabl>
<attrdef>F Scientific Research</attrdef>
</attr>
<attr>
<attrlabl>L401304</attrlabl>
<attrdef>P Polytechnic Services</attrdef>
</attr>
<attr>
<attrlabl>L401305</attrlabl>
<attrdef>M Polytechnic Services</attrdef>
</attr>
<attr>
<attrlabl>L401306</attrlabl>
<attrdef>F Polytechnic Services</attrdef>
</attr>
<attr>
<attrlabl>L401307</attrlabl>
<attrdef>P Governments Agencies, Party agencies and Social Organizations</attrdef>
</attr>
<attr>
<attrlabl>L401308</attrlabl>
<attrdef>M Governments Agencies, Party agencies and Social Organizations</attrdef>
</attr>
<attr>
<attrlabl>L401309</attrlabl>
<attrdef>F Governments Agencies, Party agencies and Social Organizations</attrdef>
</attr>
<attr>
<attrlabl>L401310</attrlabl>
<attrdef>P Governments</attrdef>
</attr>
<attr>
<attrlabl>L401311</attrlabl>
<attrdef>M Governments</attrdef>
</attr>
<attr>
<attrlabl>L401312</attrlabl>
<attrdef>F Governments</attrdef>
</attr>
<attr>
<attrlabl>L401313</attrlabl>
<attrdef>P Party</attrdef>
</attr>
<attr>
<attrlabl>L401314</attrlabl>
<attrdef>M Party</attrdef>
</attr>
<attr>
<attrlabl>L401315</attrlabl>
<attrdef>F Party</attrdef>
</attr>
<attr>
<attrlabl>L401316</attrlabl>
<attrdef>P Social Organizations</attrdef>
</attr>
<attr>
<attrlabl>L401317</attrlabl>
<attrdef>M Social Organizations</attrdef>
</attr>
<attr>
<attrlabl>L401318</attrlabl>
<attrdef>F Social Organizations</attrdef>
</attr>
<attr>
<attrlabl>L401319</attrlabl>
<attrdef>P Self-discipline organization of masses at the basic level</attrdef>
</attr>
<attr>
<attrlabl>L401320</attrlabl>
<attrdef>M Self-discipline organization of masses at the basic level</attrdef>
</attr>
<attr>
<attrlabl>L401321</attrlabl>
<attrdef>F Self-discipline organization of masses at the basic level</attrdef>
</attr>
<attr>
<attrlabl>L401322</attrlabl>
<attrdef>P Others</attrdef>
</attr>
<attr>
<attrlabl>L401323</attrlabl>
<attrdef>M Others</attrdef>
</attr>
<attr>
<attrlabl>L401324</attrlabl>
<attrdef>F Others</attrdef>
</attr>
<attr>
<attrlabl>L402001</attrlabl>
<attrdef>Total Employed population</attrdef>
</attr>
<attr>
<attrlabl>L402002</attrlabl>
<attrdef>Total Employed population:M</attrdef>
</attr>
<attr>
<attrlabl>L402003</attrlabl>
<attrdef>Total Employed population:F</attrdef>
</attr>
<attr>
<attrlabl>L402004</attrlabl>
<attrdef>Employed population of Administrator/Manager</attrdef>
</attr>
<attr>
<attrlabl>L402005</attrlabl>
<attrdef>Employed population of Administrator/Manager:M</attrdef>
</attr>
<attr>
<attrlabl>L402006</attrlabl>
<attrdef>Employed population of Administrator/Manager:F</attrdef>
</attr>
<attr>
<attrlabl>L402007</attrlabl>
<attrdef>Employed population of Responsible Persons of the Central Committee of The Communist Party of China and of Different Local Organizations</attrdef>
</attr>
<attr>
<attrlabl>L402008</attrlabl>
<attrdef>Employed population of Responsible Persons of the Central Committee of The Communist Party of China and of Different Local Organizations :M</attrdef>
</attr>
<attr>
<attrlabl>L402009</attrlabl>
<attrdef>Employed population of Responsible Persons of the Central Committee of The Communist Party of China and of Different Local Organizations:F</attrdef>
</attr>
<attr>
<attrlabl>L402010</attrlabl>
<attrdef>Employed population of Responsible Persons of Government Offices and Their Working Organizations</attrdef>
</attr>
<attr>
<attrlabl>L402011</attrlabl>
<attrdef>Employed population of Responsible Persons of Government Offices and Their Working Organizations:M</attrdef>
</attr>
<attr>
<attrlabl>L402012</attrlabl>
<attrdef>Employed population of Responsible Persons of Government Offices and Their Working Organizations: F</attrdef>
</attr>
<attr>
<attrlabl>L402013</attrlabl>
<attrdef>Employed population of Responsible Persons of the Working Organizations of Democratic Party and Public Organization</attrdef>
</attr>
<attr>
<attrlabl>L402014</attrlabl>
<attrdef>Employed population of Responsible Persons of the Working Organizations of Democratic Party and Public Organization:M</attrdef>
</attr>
<attr>
<attrlabl>L402015</attrlabl>
<attrdef>Employed population of Responsible Persons of the Working Organizations of Democratic Party and Public Organization:F</attrdef>
</attr>
<attr>
<attrlabl>L402016</attrlabl>
<attrdef>Employed population of Institution Unit Head</attrdef>
</attr>
<attr>
<attrlabl>L402017</attrlabl>
<attrdef>Employed population of Institution Unit Head:M</attrdef>
</attr>
<attr>
<attrlabl>L402018</attrlabl>
<attrdef>Employed population of Institution Unit Head:F</attrdef>
</attr>
<attr>
<attrlabl>L402019</attrlabl>
<attrdef>Employed population of Enterprise Director</attrdef>
</attr>
<attr>
<attrlabl>L402020</attrlabl>
<attrdef>Employed population of Enterprise Director:M</attrdef>
</attr>
<attr>
<attrlabl>L402021</attrlabl>
<attrdef>Employed population of Enterprise Director:F</attrdef>
</attr>
<attr>
<attrlabl>L402022</attrlabl>
<attrdef>Employed population of Professional/Technical</attrdef>
</attr>
<attr>
<attrlabl>L402023</attrlabl>
<attrdef>Employed population of Professional/Technical:M</attrdef>
</attr>
<attr>
<attrlabl>L402024</attrlabl>
<attrdef>Employed population of Professional/Technical:F</attrdef>
</attr>
<attr>
<attrlabl>L402025</attrlabl>
<attrdef>Employed population of Scientific Researchers</attrdef>
</attr>
<attr>
<attrlabl>L402026</attrlabl>
<attrdef>Employed population of Scientific Researchers:M</attrdef>
</attr>
<attr>
<attrlabl>L402027</attrlabl>
<attrdef>Employed population of Scientific Researchers:F</attrdef>
</attr>
<attr>
<attrlabl>L402028</attrlabl>
<attrdef>Employed population of Engineers and Technicians</attrdef>
</attr>
<attr>
<attrlabl>L402029</attrlabl>
<attrdef>Employed population of Engineers and Technicians :M</attrdef>
</attr>
<attr>
<attrlabl>L402030</attrlabl>
<attrdef>Employed population of Engineers and Technicians :F</attrdef>
</attr>
<attr>
<attrlabl>L402031</attrlabl>
<attrdef>Employed population of Agricultural Technical Staff</attrdef>
</attr>
<attr>
<attrlabl>L402032</attrlabl>
<attrdef>Employed population of Agricultural Technical Staff :M</attrdef>
</attr>
<attr>
<attrlabl>L402033</attrlabl>
<attrdef>Employed population of Agricultural Technical Staff :F</attrdef>
</attr>
<attr>
<attrlabl>L402034</attrlabl>
<attrdef>Employed population of the Air Plane and Ship Technical Staff</attrdef>
</attr>
<attr>
<attrlabl>L402035</attrlabl>
<attrdef>Employed population of the Air Plane and Ship Technical Staff :M</attrdef>
</attr>
<attr>
<attrlabl>L402036</attrlabl>
<attrdef>Employed population of the Air Plane and Ship Technical Staff :F</attrdef>
</attr>
<attr>
<attrlabl>L402037</attrlabl>
<attrdef>Employed population of Hygienic Professional and Technical Personnel</attrdef>
</attr>
<attr>
<attrlabl>L402038</attrlabl>
<attrdef>Employed population of Hygienic Professional and Technical Personnel:M</attrdef>
</attr>
<attr>
<attrlabl>L402039</attrlabl>
<attrdef>Employed population of Hygienic Professional and Technical Personnel:F</attrdef>
</attr>
<attr>
<attrlabl>L402040</attrlabl>
<attrdef>Employed population of Economic Business Personnel</attrdef>
</attr>
<attr>
<attrlabl>L402041</attrlabl>
<attrdef>Employed population of Economic Business Personnel:M</attrdef>
</attr>
<attr>
<attrlabl>L402042</attrlabl>
<attrdef>Employed population of Economic Business Personnel:F</attrdef>
</attr>
<attr>
<attrlabl>L402043</attrlabl>
<attrdef>Employed population of Financial Business Personnel</attrdef>
</attr>
<attr>
<attrlabl>L402044</attrlabl>
<attrdef>Employed population of Financial Business Personnel :M</attrdef>
</attr>
<attr>
<attrlabl>L402045</attrlabl>
<attrdef>employed population of Financial Business Personnel :F</attrdef>
</attr>
<attr>
<attrlabl>L402046</attrlabl>
<attrdef>Employed population of Professional Personnel of Law</attrdef>
</attr>
<attr>
<attrlabl>L402047</attrlabl>
<attrdef>Employed population of Professional Personnel of Law :M</attrdef>
</attr>
<attr>
<attrlabl>L402048</attrlabl>
<attrdef>Employed population of Professional Personnel of Law :F</attrdef>
</attr>
<attr>
<attrlabl>L402049</attrlabl>
<attrdef>Employed population of Teaching Personnel</attrdef>
</attr>
<attr>
<attrlabl>L402050</attrlabl>
<attrdef>Employed population of Teaching Personnel:M</attrdef>
</attr>
<attr>
<attrlabl>L402051</attrlabl>
<attrdef>Employed population of Teaching Personnel:F</attrdef>
</attr>
<attr>
<attrlabl>L402052</attrlabl>
<attrdef>Employed population of Literature and Art Staff Member</attrdef>
</attr>
<attr>
<attrlabl>L402053</attrlabl>
<attrdef>Employed population of Literature and Art Staff Member :M</attrdef>
</attr>
<attr>
<attrlabl>L402054</attrlabl>
<attrdef>Employed population of Literature and Art Staff Member :F</attrdef>
</attr>
<attr>
<attrlabl>L402055</attrlabl>
<attrdef>Employed population of Sports Staff Member</attrdef>
</attr>
<attr>
<attrlabl>L402056</attrlabl>
<attrdef>employed population of Sports Staff Member :M</attrdef>
</attr>
<attr>
<attrlabl>L402057</attrlabl>
<attrdef>Employed population of Sports Staff Member :F</attrdef>
</attr>
<attr>
<attrlabl>L402058</attrlabl>
<attrdef>Employed population of Journalism, Culture Staff Member</attrdef>
</attr>
<attr>
<attrlabl>L402059</attrlabl>
<attrdef>Employed population of Journalism, Culture Staff Member:M</attrdef>
</attr>
<attr>
<attrlabl>L402060</attrlabl>
<attrdef>Employed population of Journalism, Culture Staff Member:F</attrdef>
</attr>
<attr>
<attrlabl>L402061</attrlabl>
<attrdef>Employed population of Religion Job Person</attrdef>
</attr>
<attr>
<attrlabl>L402062</attrlabl>
<attrdef>Employed population of Religion Job Person :M</attrdef>
</attr>
<attr>
<attrlabl>L402063</attrlabl>
<attrdef>Employed population of Religion Job Person :F</attrdef>
</attr>
<attr>
<attrlabl>L402064</attrlabl>
<attrdef>Employed population of Other Professional and Technical Personnel</attrdef>
</attr>
<attr>
<attrlabl>L402065</attrlabl>
<attrdef>Employed population of Other Professional and Technical Personnels:M</attrdef>
</attr>
<attr>
<attrlabl>L402066</attrlabl>
<attrdef>Employed population of Other Professional and Technical Personnels:F</attrdef>
</attr>
<attr>
<attrlabl>L402067</attrlabl>
<attrdef>Employed population of Clerk and Related Workers</attrdef>
</attr>
<attr>
<attrlabl>L402068</attrlabl>
<attrdef>Employed population of Clerk and Related Workers:M</attrdef>
</attr>
<attr>
<attrlabl>L402069</attrlabl>
<attrdef>Employed population of Clerk and Related Workers:F</attrdef>
</attr>
<attr>
<attrlabl>L402070</attrlabl>
<attrdef>Employed population of Administration Official Personnel</attrdef>
</attr>
<attr>
<attrlabl>L402071</attrlabl>
<attrdef>Employed population of Administration Official Personnel:M</attrdef>
</attr>
<attr>
<attrlabl>L402072</attrlabl>
<attrdef>Employed population of Administration Official Personnel:F</attrdef>
</attr>
<attr>
<attrlabl>L402073</attrlabl>
<attrdef>Employed population of Security, Safeguard and Fire Fighter</attrdef>
</attr>
<attr>
<attrlabl>L402074</attrlabl>
<attrdef>Employed population of Security, Safeguard and Fire Fighter :M</attrdef>
</attr>
<attr>
<attrlabl>L402075</attrlabl>
<attrdef>Employed population of Security, Safeguard and Fire Fighter :F</attrdef>
</attr>
<attr>
<attrlabl>L402076</attrlabl>
<attrdef>Employed population of Postal Service and Telecommunications Business Personnel</attrdef>
</attr>
<attr>
<attrlabl>L402077</attrlabl>
<attrdef>Employed population of Postal Service and Telecommunications Business Personnel :M</attrdef>
</attr>
<attr>
<attrlabl>L402078</attrlabl>
<attrdef>Employed population of Postal Service and Telecommunications Business Personnel :F</attrdef>
</attr>
<attr>
<attrlabl>L402079</attrlabl>
<attrdef>Employed population of Other Clerk and Related Workers</attrdef>
</attr>
<attr>
<attrlabl>L402080</attrlabl>
<attrdef>Employed population of Other Clerk and Related Workers:M</attrdef>
</attr>
<attr>
<attrlabl>L402081</attrlabl>
<attrdef>Employed population of Other Clerk and Related Workers:F</attrdef>
</attr>
<attr>
<attrlabl>L402082</attrlabl>
<attrdef>Employed population of Commerce, Service Trade Personnel</attrdef>
</attr>
<attr>
<attrlabl>L402083</attrlabl>
<attrdef>Employed population of Commerce, Service Trade Personnel:M</attrdef>
</attr>
<attr>
<attrlabl>L402084</attrlabl>
<attrdef>Employed population of Commerce, Service Trade Personnel:F</attrdef>
</attr>
<attr>
<attrlabl>L402085</attrlabl>
<attrdef>Employed population of Purchase and Sales Personnel</attrdef>
</attr>
<attr>
<attrlabl>L402086</attrlabl>
<attrdef>Employed population of Purchase and Sales Personnel :M</attrdef>
</attr>
<attr>
<attrlabl>L402087</attrlabl>
<attrdef>Employed population of Purchase and Sales Personnel :F</attrdef>
</attr>
<attr>
<attrlabl>L402088</attrlabl>
<attrdef>Employed population of Store-house Personnel</attrdef>
</attr>
<attr>
<attrlabl>L402089</attrlabl>
<attrdef>Employed population of Store-house Personnel :M</attrdef>
</attr>
<attr>
<attrlabl>L402090</attrlabl>
<attrdef>Employed population of Store-house Personnel :F</attrdef>
</attr>
<attr>
<attrlabl>L402091</attrlabl>
<attrdef>Employed population of Catering and Beverage Attendants</attrdef>
</attr>
<attr>
<attrlabl>L402092</attrlabl>
<attrdef>Employed population of Catering and Beverage Attendants :M</attrdef>
</attr>
<attr>
<attrlabl>L402093</attrlabl>
<attrdef>Employed population of Catering and Beverage Attendants :F</attrdef>
</attr>
<attr>
<attrlabl>L402094</attrlabl>
<attrdef>Employed population of Drink, Travel and Keep Fit Public Place of Entertainment Attendants</attrdef>
</attr>
<attr>
<attrlabl>L402095</attrlabl>
<attrdef>Employed population of Drink, Travel and Keep Fit Public Place of Entertainment Attendants:M</attrdef>
</attr>
<attr>
<attrlabl>L402096</attrlabl>
<attrdef>Employed population of Drink, Travel and Keep Fit Public Place of Entertainment Attendants:F</attrdef>
</attr>
<attr>
<attrlabl>L402097</attrlabl>
<attrdef>Employed population of Transport Service Personnel</attrdef>
</attr>
<attr>
<attrlabl>L402098</attrlabl>
<attrdef>Employed population of Transport Service Personnel:M</attrdef>
</attr>
<attr>
<attrlabl>L402099</attrlabl>
<attrdef>Employed population of Transport Service Personnel:F</attrdef>
</attr>
<attr>
<attrlabl>L402100</attrlabl>
<attrdef>Employed population of Assistant Service Personnel of Medical and Health Work</attrdef>
</attr>
<attr>
<attrlabl>L402101</attrlabl>
<attrdef>Employed population of Assistant Service Personnel of Medical and Health Work :M</attrdef>
</attr>
<attr>
<attrlabl>L402102</attrlabl>
<attrdef>Employed population of Assistant Service Personnel of Medical and Health Work :F</attrdef>
</attr>
<attr>
<attrlabl>L402103</attrlabl>
<attrdef>Employed population of Community Service and Resident Life Service Personnel</attrdef>
</attr>
<attr>
<attrlabl>L402104</attrlabl>
<attrdef>Employed population of Community Service and Resident Life Service Personnel:M</attrdef>
</attr>
<attr>
<attrlabl>L402105</attrlabl>
<attrdef>Employed population of Community Service and Resident Life Service Personnel:F</attrdef>
</attr>
<attr>
<attrlabl>L402106</attrlabl>
<attrdef>Employed population of Other Commerce ,Service Trade Personnel</attrdef>
</attr>
<attr>
<attrlabl>L402107</attrlabl>
<attrdef>Employed population of Other Commerce ,Service Trade Personnel:M</attrdef>
</attr>
<attr>
<attrlabl>L402108</attrlabl>
<attrdef>Employed population of Other Commerce ,Service Trade Personnel:F</attrdef>
</attr>
<attr>
<attrlabl>L402109</attrlabl>
<attrdef>Employed population of Water Conservancy Personnel</attrdef>
</attr>
<attr>
<attrlabl>L402110</attrlabl>
<attrdef>Employed population of Water Conservancy Personnel:M</attrdef>
</attr>
<attr>
<attrlabl>L402111</attrlabl>
<attrdef>Employed population of Water Conservancy Personnel:F</attrdef>
</attr>
<attr>
<attrlabl>L402112</attrlabl>
<attrdef>Employed population of Crop Cultivation Production Personnel</attrdef>
</attr>
<attr>
<attrlabl>L402113</attrlabl>
<attrdef>Employed population of Crop Cultivation Production Personnel:M</attrdef>
</attr>
<attr>
<attrlabl>L402114</attrlabl>
<attrdef>Employed population of Crop Cultivation Production Personnel:F</attrdef>
</attr>
<attr>
<attrlabl>L402115</attrlabl>
<attrdef>Employed population of Forestry Production and Wild Animal and Plant Protection Personnel</attrdef>
</attr>
<attr>
<attrlabl>L402116</attrlabl>
<attrdef>Employed population of Forestry Production and Wild Animal and Plant Protection Personnel:M</attrdef>
</attr>
<attr>
<attrlabl>L402117</attrlabl>
<attrdef>Employed population of Forestry Production and Wild Animal and Plant Protection Personnel:F</attrdef>
</attr>
<attr>
<attrlabl>L402118</attrlabl>
<attrdef>Employed population of Animal Husbandry Production Personnel</attrdef>
</attr>
<attr>
<attrlabl>L402119</attrlabl>
<attrdef>Employed population of Animal Husbandry Production Personnel:M</attrdef>
</attr>
<attr>
<attrlabl>L402120</attrlabl>
<attrdef>Employed population of Animal Husbandry Production Personnel:F</attrdef>
</attr>
<attr>
<attrlabl>L402121</attrlabl>
<attrdef>Employed population of Fishery Production Personnel</attrdef>
</attr>
<attr>
<attrlabl>L402122</attrlabl>
<attrdef>Employed population of Fishery Production Personnel:M</attrdef>
</attr>
<attr>
<attrlabl>L402123</attrlabl>
<attrdef>Employed population of Fishery Production Personnel:F</attrdef>
</attr>
<attr>
<attrlabl>L402124</attrlabl>
<attrdef>Employed population of Water Conservancy Facilities Management and Maintenance Personnel</attrdef>
</attr>
<attr>
<attrlabl>L402125</attrlabl>
<attrdef>Employed population of Water Conservancy Facilities Management and Maintenance Personnel:M</attrdef>
</attr>
<attr>
<attrlabl>L402126</attrlabl>
<attrdef>Employed population of Water Conservancy Facilities Management and Maintenance Personnel:F</attrdef>
</attr>
<attr>
<attrlabl>L402127</attrlabl>
<attrdef>Employed population of Other Water Conservancy Production Personnel</attrdef>
</attr>
<attr>
<attrlabl>L402128</attrlabl>
<attrdef>Employed population of Other Water Conservancy Production Personnel:M</attrdef>
</attr>
<attr>
<attrlabl>L402129</attrlabl>
<attrdef>Employed population of Other Water Conservancy Production Personnel:F</attrdef>
</attr>
<attr>
<attrlabl>L402130</attrlabl>
<attrdef>Employed population of Production, Transport Equipment Operators and Related Personnel</attrdef>
</attr>
<attr>
<attrlabl>L402131</attrlabl>
<attrdef>Employed population of Production, Transport Equipment Operators and Related Personnel:M</attrdef>
</attr>
<attr>
<attrlabl>L402132</attrlabl>
<attrdef>Employed population of Production, Transport Equipment Operators and Related Personnel:F</attrdef>
</attr>
<attr>
<attrlabl>L402133</attrlabl>
<attrdef>Employed population of Survey and Mineral Exploitation Personnel</attrdef>
</attr>
<attr>
<attrlabl>L402134</attrlabl>
<attrdef>Employed population of Survey and Mineral Exploitation Personnel :M</attrdef>
</attr>
<attr>
<attrlabl>L402135</attrlabl>
<attrdef>Employed population of Survey and Mineral Exploitation Personnel :F</attrdef>
</attr>
<attr>
<attrlabl>L402136</attrlabl>
<attrdef>Employed population of Metal Smelt, Rolling Personnel</attrdef>
</attr>
<attr>
<attrlabl>L402137</attrlabl>
<attrdef>Employed population of Metal Smelt, Rolling Personnel: M</attrdef>
</attr>
<attr>
<attrlabl>L402138</attrlabl>
<attrdef>Employed population of Metal Smelt, Rolling Personnel:F</attrdef>
</attr>
<attr>
<attrlabl>L402139</attrlabl>
<attrdef>Employed population of Chemical Products Production Personnel</attrdef>
</attr>
<attr>
<attrlabl>L402140</attrlabl>
<attrdef>Employed population of Chemical Products Production Personnel :M</attrdef>
</attr>
<attr>
<attrlabl>L402141</attrlabl>
<attrdef>Employed population of Chemical Products Production Personnel :F</attrdef>
</attr>
<attr>
<attrlabl>L402142</attrlabl>
<attrdef>Employed population of Machine-building are Processed to Personnel</attrdef>
</attr>
<attr>
<attrlabl>L402143</attrlabl>
<attrdef>Employed population of Machine-building are Processed to Personnel :M</attrdef>
</attr>
<attr>
<attrlabl>L402144</attrlabl>
<attrdef>Employed population of Machine-building are Processed to Personnel :F</attrdef>
</attr>
<attr>
<attrlabl>L402145</attrlabl>
<attrdef>Employed population of Electronic Product Assembles Personnel</attrdef>
</attr>
<attr>
<attrlabl>L402146</attrlabl>
<attrdef>Employed population of Electronic Product Assembles Personnel :M</attrdef>
</attr>
<attr>
<attrlabl>L402147</attrlabl>
<attrdef>Employed population of Electronic Product Assembles Personnel :F</attrdef>
</attr>
<attr>
<attrlabl>L402148</attrlabl>
<attrdef>Employed population of Plant Equipment Repairing Personnel</attrdef>
</attr>
<attr>
<attrlabl>L402149</attrlabl>
<attrdef>Employed population of Plant Equipment Repairing Personnel :M</attrdef>
</attr>
<attr>
<attrlabl>L402150</attrlabl>
<attrdef>Employed population of Plant Equipment Repairing Personnel :F</attrdef>
</attr>
<attr>
<attrlabl>L402151</attrlabl>
<attrdef>Employed population of Rig Up of Electric Power, Running, Overhauling and Supply Power to Personnel</attrdef>
</attr>
<attr>
<attrlabl>L402152</attrlabl>
<attrdef>Employed population of Rig Up of Electric Power, Running, Overhauling and Supply Power to Personnel :M</attrdef>
</attr>
<attr>
<attrlabl>L402153</attrlabl>
<attrdef>Employed population of Rig Up of Electric Power, Running, Overhauling and Supply Power to Personnel :F</attrdef>
</attr>
<attr>
<attrlabl>L402154</attrlabl>
<attrdef>Employed population of Electronic Devices and Components, Device Fabrication, Assembling, Debugging and Maintenance Personal</attrdef>
</attr>
<attr>
<attrlabl>L402155</attrlabl>
<attrdef>Employed population of Electronic Devices and Components, Device Fabrication, Assembling, Debugging and Maintenance Personal:M</attrdef>
</attr>
<attr>
<attrlabl>L402156</attrlabl>
<attrdef>Employed population of Electronic Devices and Components, Device Fabrication, Assembling, Debugging and Maintenance Personal:F</attrdef>
</attr>
<attr>
<attrlabl>L402157</attrlabl>
<attrdef>Employed population of Rubber and Plastic Products Produce Personnel	Employed population of Rubber and Plastic Products Produce Personnel	Employed population of Rubber and Plastic Products Produce Personnel	Employed population of Rubber and Plastic Products Produce Personnel</attrdef>
</attr>
<attr>
<attrlabl>L402158</attrlabl>
<attrdef>Employed population of Rubber and Plastic Products Produce Personnel :M</attrdef>
</attr>
<attr>
<attrlabl>L402159</attrlabl>
<attrdef>Employed population of Rubber and Plastic Products Produce Personnel :F</attrdef>
</attr>
<attr>
<attrlabl>L402160</attrlabl>
<attrdef>Employed population of Textile,Knitting,Prints and Dye Personnel</attrdef>
</attr>
<attr>
<attrlabl>L402161</attrlabl>
<attrdef>Employed population of Textile,Knitting,Prints and Dye Personnel :M</attrdef>
</attr>
<attr>
<attrlabl>L402162</attrlabl>
<attrdef>Employed population of Textile,Knitting,Prints and Dye Personnel :F</attrdef>
</attr>
<attr>
<attrlabl>L402163</attrlabl>
<attrdef>Employed population of Cut Out, Sew and the Leather and Fur Products are Processed to Personnel</attrdef>
</attr>
<attr>
<attrlabl>L402164</attrlabl>
<attrdef>Employed population of Cut Out, Sew and the Leather and Fur Products are Processed to Personnel :M</attrdef>
</attr>
<attr>
<attrlabl>L402165</attrlabl>
<attrdef>Employed population of Cut Out, Sew and the Leather and Fur Products are Processed to Personnel :F</attrdef>
</attr>
<attr>
<attrlabl>L402166</attrlabl>
<attrdef>Employed population of Grain and Oil,Food,Beverage and Fodder is Produced and Processed to Personnel</attrdef>
</attr>
<attr>
<attrlabl>L402167</attrlabl>
<attrdef>Employed population of Grain and Oil,Food,Beverage and Fodder is Produced and Processed to Personnel:M</attrdef>
</attr>
<attr>
<attrlabl>L402168</attrlabl>
<attrdef>Employed population of Grain and Oil,Food,Beverage and Fodder is Produced and Processed to Personnel:F</attrdef>
</attr>
<attr>
<attrlabl>L402169</attrlabl>
<attrdef>Employed population of Tobacco and Goods are Processed to Personnel</attrdef>
</attr>
<attr>
<attrlabl>L402170</attrlabl>
<attrdef>Employed population of Tobacco and Goods are Processed to Personnel :M</attrdef>
</attr>
<attr>
<attrlabl>L402171</attrlabl>
<attrdef>Employed population of Tobacco and Goods are Processed to Personnel :F</attrdef>
</attr>
<attr>
<attrlabl>L402172</attrlabl>
<attrdef>Employed population of Medicines Production Personnel</attrdef>
</attr>
<attr>
<attrlabl>L402173</attrlabl>
<attrdef>Employed population of Medicines Production Personnel :M</attrdef>
</attr>
<attr>
<attrlabl>L402174</attrlabl>
<attrdef>Employed population of Medicines Production Personnel :F</attrdef>
</attr>
<attr>
<attrlabl>L402175</attrlabl>
<attrdef>Employed population of Production and Processing Personnel of Timber and Artificial Board and etc.</attrdef>
</attr>
<attr>
<attrlabl>L402176</attrlabl>
<attrdef>Employed population of Production and Processing Personnel of Timber and Artificial Board and etc.:M</attrdef>
</attr>
<attr>
<attrlabl>L402177</attrlabl>
<attrdef>Employed population of Production and Processing Personnel of Timber and Artificial Board and etc.:F</attrdef>
</attr>
<attr>
<attrlabl>L402178</attrlabl>
<attrdef>Employed population of Production and Processing Personnel of Construction Material</attrdef>
</attr>
<attr>
<attrlabl>L402179</attrlabl>
<attrdef>Employed population of Production and Processing Personnel of Construction Material:M</attrdef>
</attr>
<attr>
<attrlabl>L402180</attrlabl>
<attrdef>Employed population of Production and Processing Personnel of Construction Material:F</attrdef>
</attr>
<attr>
<attrlabl>L402181</attrlabl>
<attrdef>Employed population of Personnel of Glass, Pottery,Emanel &amp; their Products Production &amp; Processing</attrdef>
</attr>
<attr>
<attrlabl>L402182</attrlabl>
<attrdef>Employed population of Personnel of Glass, Pottery,Emanel &amp; their Products Production &amp; Processing:M</attrdef>
</attr>
<attr>
<attrlabl>L402183</attrlabl>
<attrdef>Employed population of Personnel of Glass, Pottery,Emanel &amp; their Products Production &amp; Processing:F</attrdef>
</attr>
<attr>
<attrlabl>L402184</attrlabl>
<attrdef>Employed population of Broadcast Movie &amp; TV Products Making, Broadcasting &amp; Historical Relics Protection Personnel</attrdef>
</attr>
<attr>
<attrlabl>L402185</attrlabl>
<attrdef>Employed population of Broadcast Movie &amp; TV Products Making, Broadcasting &amp; Historical Relics Protection Personnel:M</attrdef>
</attr>
<attr>
<attrlabl>L402186</attrlabl>
<attrdef>Employed population of Broadcast Movie &amp; TV Products Making, Broadcasting &amp; Historical Relics Protection Personnel:F</attrdef>
</attr>
<attr>
<attrlabl>L402187</attrlabl>
<attrdef>Employed population of Printing Personnel</attrdef>
</attr>
<attr>
<attrlabl>L402188</attrlabl>
<attrdef>Employed population of Printing Personnel:M</attrdef>
</attr>
<attr>
<attrlabl>L402189</attrlabl>
<attrdef>Employed population of Printing Personnel:F</attrdef>
</attr>
<attr>
<attrlabl>L402190</attrlabl>
<attrdef>Employed population of Arts &amp; Crafts Making Personnel</attrdef>
</attr>
<attr>
<attrlabl>L402191</attrlabl>
<attrdef>Employed population of Arts &amp; Crafts Making Personnel:M</attrdef>
</attr>
<attr>
<attrlabl>L402192</attrlabl>
<attrdef>Employed population of Arts &amp; Crafts Making Personnel:F</attrdef>
</attr>
<attr>
<attrlabl>L402193</attrlabl>
<attrdef>Employed population of Culture and Education, Sports Goods Making Personnel</attrdef>
</attr>
<attr>
<attrlabl>L402194</attrlabl>
<attrdef>Employed population of Culture and Education, Sports Goods Making Personnel:M</attrdef>
</attr>
<attr>
<attrlabl>L402195</attrlabl>
<attrdef>Employed population of Culture and Education, Sports Goods Making Personnel:F</attrdef>
</attr>
<attr>
<attrlabl>L402196</attrlabl>
<attrdef>Employed population of Project Constructors</attrdef>
</attr>
<attr>
<attrlabl>L402197</attrlabl>
<attrdef>Employed population of Project Constructors:M</attrdef>
</attr>
<attr>
<attrlabl>L402198</attrlabl>
<attrdef>Employed population of Project Constructors:F</attrdef>
</attr>
<attr>
<attrlabl>L402199</attrlabl>
<attrdef>Employed population of Transporting Equipment Attendant &amp; Relevant Personnel</attrdef>
</attr>
<attr>
<attrlabl>L402200</attrlabl>
<attrdef>Employed population of Transporting Equipment Attendant &amp; Relevant Personnel:M</attrdef>
</attr>
<attr>
<attrlabl>L402201</attrlabl>
<attrdef>Employed population of Transporting Equipment Attendant &amp; Relevant Personnel:F</attrdef>
</attr>
<attr>
<attrlabl>L402202</attrlabl>
<attrdef>Employed population of Personnel engaged in Environmental Monitoring and Wastes Processing</attrdef>
</attr>
<attr>
<attrlabl>L402203</attrlabl>
<attrdef>Employed population of Personnel engaged in Environmental Monitoring and Wastes Processing:M</attrdef>
</attr>
<attr>
<attrlabl>L402204</attrlabl>
<attrdef>Employed population of Personnel engaged in Environmental Monitoring and Wastes Processing:F</attrdef>
</attr>
<attr>
<attrlabl>L402205</attrlabl>
<attrdef>Employed population of Inspection, Measurement Personnel</attrdef>
</attr>
<attr>
<attrlabl>L402206</attrlabl>
<attrdef>Employed population of Inspection, Measurement Personnel :M</attrdef>
</attr>
<attr>
<attrlabl>L402207</attrlabl>
<attrdef>Employed population of Inspection, Measurement Personnel :F</attrdef>
</attr>
<attr>
<attrlabl>L402208</attrlabl>
<attrdef>Employed population of Other Production, Transport Equipment Operators &amp; Related Workers</attrdef>
</attr>
<attr>
<attrlabl>L402209</attrlabl>
<attrdef>Employed population of Other Production, Transport Equipment Operators &amp; Related Workers:M</attrdef>
</attr>
<attr>
<attrlabl>L402210</attrlabl>
<attrdef>Employed population of Other Production, Transport Equipment Operators &amp; Related Workers:F</attrdef>
</attr>
<attr>
<attrlabl>L402211</attrlabl>
<attrdef>Employed population of Not Stated</attrdef>
</attr>
<attr>
<attrlabl>L402212</attrlabl>
<attrdef>Employed population of Not Stated:M</attrdef>
</attr>
<attr>
<attrlabl>L402213</attrlabl>
<attrdef>Employed population of Not Stated:F</attrdef>
</attr>
<attr>
<attrlabl>L601001</attrlabl>
<attrdef>Fertility Rate By Age (per thousand):15-19 (cities)</attrdef>
</attr>
<attr>
<attrlabl>L601002</attrlabl>
<attrdef>Fertility Rate By Age(per thousand):20-24 (cities)</attrdef>
</attr>
<attr>
<attrlabl>L601003</attrlabl>
<attrdef>Fertility Rate By Age (per thousand):25-29 (cities)</attrdef>
</attr>
<attr>
<attrlabl>L601004</attrlabl>
<attrdef>Fertility Rate By Age (per thousand):30-34 (cities)</attrdef>
</attr>
<attr>
<attrlabl>L601005</attrlabl>
<attrdef>Fertility Rate By Age (per thousand):35-39 (cities)</attrdef>
</attr>
<attr>
<attrlabl>L601006</attrlabl>
<attrdef>Fertility Rate By Age (per thousand):40-44 (cities)</attrdef>
</attr>
<attr>
<attrlabl>L601007</attrlabl>
<attrdef>Fertility Rate By Age (per thousand):45-49 (cities)</attrdef>
</attr>
<attr>
<attrlabl>L601008</attrlabl>
<attrdef>Total Fertility Rate (per thousand) (cities)</attrdef>
</attr>
<attr>
<attrlabl>L609001</attrlabl>
<attrdef>Age 15-50 Women Population</attrdef>
</attr>
<attr>
<attrlabl>L609002</attrlabl>
<attrdef>Total Number of Live Births:Sub-total</attrdef>
</attr>
<attr>
<attrlabl>L609003</attrlabl>
<attrdef>Total Number of Live Births:Male</attrdef>
</attr>
<attr>
<attrlabl>L609004</attrlabl>
<attrdef>Total Number of Live Births:Female</attrdef>
</attr>
<attr>
<attrlabl>L609005</attrlabl>
<attrdef>Total Number of Living Children:Sub-total</attrdef>
</attr>
<attr>
<attrlabl>L609006</attrlabl>
<attrdef>Total Number of Living Children:Male</attrdef>
</attr>
<attr>
<attrlabl>L609007</attrlabl>
<attrdef>Total Number of Living Children:Female</attrdef>
</attr>
<attr>
<attrlabl>L609008</attrlabl>
<attrdef>Percent of the Number of Living Children to Live Births</attrdef>
</attr>
<attr>
<attrlabl>L609009</attrlabl>
<attrdef>Average Number of live Births of Women</attrdef>
</attr>
<attr>
<attrlabl>L609010</attrlabl>
<attrdef>Average Number of live Children of Women</attrdef>
</attr>
</detailed>
</eainfo>
<distinfo>
<distrib>
<cntinfo>
<cntorgp>
<cntorg>China Data Center - University of Michigan</cntorg>
</cntorgp>
<cntaddr>
<addrtype>mailing and physical address</addrtype>
<address>1007 E Huron St</address>
<city>Ann Arbor</city>
<state>MI</state>
<postal>48104</postal>
</cntaddr>
<cntvoice>(734) 647-9610</cntvoice>
<cntfax>(734) 763-0335</cntfax>
<cntemail>chinadata@umich.edu</cntemail>
</cntinfo>
</distrib>
<resdesc>cdc_census2000_ningxiatownshipl1</resdesc>
<stdorder>
<digform>
<digtinfo>
<formname>Shapefile</formname>
<transize>0.010</transize>
</digtinfo>
</digform>
</stdorder>
</distinfo>
<metainfo>
<metd>20090211</metd>
<metc>
<cntinfo>
<cntorgp>
<cntorg>Digital Social Science Center (DSSC), Columbia University Libraries</cntorg>
<cntper>GIS/Metadata Librarian</cntper>
</cntorgp>
<cntaddr>
<addrtype>mailing and physical address</addrtype>
<address>420 W. 118th St., 215 IAB, MC 3301</address>
<city>New York</city>
<state>NY</state>
<postal>10027</postal>
<country>USA</country>
</cntaddr>
<cntvoice>(212)854-6012</cntvoice>
<cntemail>dssc.data@columbia.edu</cntemail>
</cntinfo>
</metc>
<metstdn>FGDC Content Standards for Digital Geospatial Metadata</metstdn>
<metstdv>FGDC-STD-001-1998</metstdv>
<mettc>local time</mettc>
</metainfo>
</metadata>
