<?xml version="1.0" encoding="ISO-8859-1"?><metadata>
<idinfo>
<citation>
<citeinfo>
<origin>University of Michigan. China Data Center.</origin>
<origin>Beijing Hua tong ren shi chang xin xi you xian ze ren gong si</origin>
<pubdate>2006</pubdate>
<title>China Province Boundaries, 1990</title>
<geoform>vector digital data</geoform>
<serinfo>
<sername>Historical China County Population Census Data with GIS Maps</sername>
</serinfo>
<pubinfo>
<pubplace>Beijing</pubplace>
<publish>All China Marketing Research Co</publish>
</pubinfo>
</citeinfo>
</citation>
<descript>
<abstract>REMOTE DOWNLOAD NOT AVAILABLE - please contact data@library.columbia.edu for access. China Province Boundaries, 1990 is a polygon theme representing provinces in china in the year 1990.</abstract>
<purpose>The data set was developed for display and analysis using GIS.</purpose>
</descript>
<timeperd>
<timeinfo>
<sngdate>
<caldate>1990</caldate>
</sngdate>
</timeinfo>
<current>ground condition</current>
</timeperd>
<status>
<progress>Complete</progress>
<update>Unknown</update>
</status>
<spdom>
<bounding>
<westbc>
73.446960</westbc>
<eastbc>
135.085831</eastbc>
<northbc>
53.557926</northbc>
<southbc>
6.318641</southbc>
</bounding>
</spdom>
<keywords>
<theme>
<themekt>ISO 19115 Topic Categories</themekt>
<themekey>boundaries</themekey>
</theme>
<theme>
<themekt>None</themekt>
<themekey>Administrative Boundaries</themekey>
<themekey>Provinces</themekey>
</theme>
<place>
<placekt>Library of Congress Subject Headings</placekt>
<placekey>China</placekey>
</place>
<temporal>
<tempkt>None</tempkt>
<tempkey>1990</tempkey>
</temporal>
</keywords>
<accconst>For current Columbia affiliates only.</accconst>
<useconst>For educational, non-commercial use only.</useconst>
<ptcontac>
<cntinfo>
<cntorgp>
<cntorg>China Data Center - University of Michigan</cntorg>
</cntorgp>
<cntaddr>
<addrtype>mailing and physical address</addrtype>
<address>1007 E Huron St</address>
<city>Ann Arbor</city>
<state>MI</state>
<postal>481104</postal>
</cntaddr>
<cntvoice>(734) 647-9610</cntvoice>
<cntfax>(734) 763-0335</cntfax>
<cntemail>chinadata@umich.edu</cntemail>
</cntinfo>
</ptcontac>
<browse>
<browsen>http://www.columbia.edu/acis/eds/gis/pix/cat/prov90.jpg</browsen>
<browsed>Thumbnail Image</browsed>
<browset>JPEG</browset>
</browse>
<native>Microsoft Windows XP Version 5.1 (Build 2600) Service Pack 3; ESRI ArcCatalog 9.3.1.1850</native>
</idinfo>
<dataqual>
<lineage>
<procstep>
<procdesc>The 1990 and 2000 administrative maps were primarily based on the "The Administrative Maps of the People's Republic of China, published by China Map Press, and some other yearly administrative maps</procdesc>
<proccont>
<cntinfo>
<cntorgp>
<cntorg>China Data Center - University of Michigan</cntorg>
</cntorgp>
<cntaddr>
<addrtype>mailing and physical address</addrtype>
<address>1007 E Huron St</address>
<city>Ann Arbor</city>
<state>MI</state>
<postal>48104</postal>
</cntaddr>
<cntvoice>(734) 647-9610</cntvoice>
<cntfax>(734) 763-0335</cntfax>
<cntemail>chinadata@umich.edu</cntemail>
</cntinfo>
</proccont>
</procstep>
</lineage>
</dataqual>
<spdoinfo>
<direct>Vector</direct>
<ptvctinf>
<sdtsterm>
<sdtstype>G-polygon</sdtstype>
<ptvctcnt>33</ptvctcnt>
</sdtsterm>
</ptvctinf>
</spdoinfo>
<spref>
<horizsys>
<geograph>
<geogunit>Decimal degrees</geogunit>
</geograph>
<geodetic>
<horizdn>D_Krasovsky_1940</horizdn>
<ellips>Krasovsky_1940</ellips>
<semiaxis>6378245</semiaxis>
<denflat>298.3</denflat>
</geodetic>
</horizsys>
</spref>
<eainfo>
<detailed>
<enttyp>
<enttypl>
prov90</enttypl>
<enttypd>Province</enttypd>
</enttyp>
<attr>
<attrlabl>FID</attrlabl>
<attrdef>Internal feature number.</attrdef>
<attrdefs>ESRI</attrdefs>
<attrdomv>
<udom>Sequential unique whole numbers that are automatically generated.</udom>
</attrdomv>
</attr>
<attr>
<attrlabl>Shape</attrlabl>
<attrdef>Feature geometry.</attrdef>
<attrdefs>ESRI</attrdefs>
<attrdomv>
<udom>Coordinates defining the features.</udom>
</attrdomv>
</attr>
<attr>
<attrlabl>PROVGB</attrlabl>
<attrdef>Province GB Code</attrdef>
</attr>
<attr>
<attrlabl>CPROV</attrlabl>
<attrdef>Province name in Chinese</attrdef>
</attr>
<attr>
<attrlabl>EPROV</attrlabl>
<attrdef>Province name in English</attrdef>
</attr>
</detailed>
</eainfo>
<distinfo>
<distrib>
<cntinfo>
<cntorgp>
<cntorg>China Data Center - University of Michigan</cntorg>
</cntorgp>
<cntaddr>
<addrtype>mailing and physical address</addrtype>
<address>1007 E Huron St</address>
<city>Ann Arbor</city>
<state>MI</state>
<postal>48104</postal>
</cntaddr>
<cntvoice>(734) 647-9610</cntvoice>
<cntfax>(734) 763-0335</cntfax>
<cntemail>chinadata@umich.edu</cntemail>
</cntinfo>
</distrib>
<resdesc>cdc_histchina_1990prov</resdesc>
<stdorder>
<digform>
<digtinfo>
<formname>Shapefile</formname>
<formspec>zip</formspec>
<transize>1.306</transize>
</digtinfo>
</digform>
</stdorder>
</distinfo>
<metainfo>
<metd>20090331</metd>
<metc>
<cntinfo>
<cntorgp>
<cntorg>Digital Social Science Center (DSSC), Columbia University Libraries</cntorg>
<cntper>GIS/Metadata Librarian</cntper>
</cntorgp>
<cntaddr>
<addrtype>mailing and physical address</addrtype>
<address>420 W. 118th St., 215 IAB, MC 3301</address>
<city>New York</city>
<state>NY</state>
<postal>10027</postal>
</cntaddr>
<cntvoice>(212)854-6012</cntvoice>
<cntemail>dssc.data@columbia.edu</cntemail>
</cntinfo>
</metc>
<metstdn>FGDC Content Standards for Digital Geospatial Metadata</metstdn>
<metstdv>FGDC-STD-001-1998</metstdv>
<mettc>local time</mettc>
</metainfo>
</metadata>
