<?xml version="1.0" encoding="ISO-8859-1"?><metadata>
<idinfo>
<citation>
<citeinfo>
<origin>University of Michigan. China Data Center.</origin>
<origin>Beijing Hua tong ren shi chang xin xi you xian ze ren gong si</origin>
<pubdate>2005</pubdate>
<title>Guangxi Rivers, 2000</title>
<geoform>vector digital data</geoform>
<pubinfo>
<pubplace>Beijing</pubplace>
<publish>All China Marketing Research Co.</publish>
</pubinfo>
</citeinfo>
</citation>
<descript>
<abstract>REMOTE DOWNLOAD NOT AVAILABLE - please contact data@library.columbia.edu for access. Guangxi Rivers, 2000 is a polyline theme representing rivers in Guangxi Provice in China in 2000.  This data layer is part of the China 2000 Township Census data set produced by the All China Marketing Research Co. and distributed by the University of Michigan, China Data Center.</abstract>
<purpose>The data set was developed for display and analysis using GIS.</purpose>
</descript>
<timeperd>
<timeinfo>
<sngdate>
<caldate>2000</caldate>
</sngdate>
</timeinfo>
<current>ground condition</current>
</timeperd>
<status>
<progress>Complete</progress>
<update>Quarterly</update>
</status>
<spdom>
<bounding>
<westbc>
105.848536</westbc>
<eastbc>
111.232117</eastbc>
<northbc>
26.267829</northbc>
<southbc>
21.877705</southbc>
</bounding>
</spdom>
<keywords>
<theme>
<themekt>ISO 19115 Topic Categories..</themekt>
<themekey>inlandWaters</themekey>
</theme>
<theme>
<themekt>Library of Congress Subject Headings</themekt>
<themekey>Cities and towns --China --Population --Statistics --Databases.</themekey>
<themekey>Cities and towns --China --Population --Statistics --Maps.</themekey>
<themekey>Cities and towns --Census, 2000 --China --Databases.</themekey>
<themekey>Cities and towns --Census, 2000 --China --Maps.</themekey>
<themekey>China --Population --Statistics --Databases.</themekey>
<themekey>China --Population --Statistics --Maps.</themekey>
<themekey>China --Census, 2000 --Databases.</themekey>
<themekey>China --Census, 2000 --Maps.</themekey>
</theme>
<theme>
<themekt>None</themekt>
<themekey>Census</themekey>
<themekey>Rivers</themekey>
</theme>
<place>
<placekt>Library of Congress Subject Headings</placekt>
<placekey>China</placekey>
<placekey>Guangxi Sheng (china)</placekey>
</place>
<temporal>
<tempkt>None</tempkt>
<tempkey>2000</tempkey>
</temporal>
</keywords>
<accconst>For current Columbia affiliates only.</accconst>
<useconst>For educational, non-commercial use only.</useconst>
<ptcontac>
<cntinfo>
<cntorgp>
<cntorg>China Data Center - University of Michigan</cntorg>
</cntorgp>
<cntaddr>
<addrtype>mailing and physical address</addrtype>
<address>1007 E Huron St</address>
<city>Ann Arbor</city>
<state>MI</state>
<postal>48104</postal>
</cntaddr>
<cntvoice>(734) 647-9610</cntvoice>
<cntfax>(734) 763-0335</cntfax>
<cntemail>chinadata@umich.edu</cntemail>
</cntinfo>
</ptcontac>
<browse>
<browsen>http://www.columbia.edu/acis/eds/gis/pix/cat/Guangxiriver.jpg</browsen>
<browsed>Thumbnail Image</browsed>
<browset>JPEG</browset>
</browse>
<native>Microsoft Windows XP Version 5.1 (Build 2600) Service Pack 3; ESRI ArcCatalog 9.3.1.1850</native>
</idinfo>
<dataqual>
<posacc>
<horizpa>
<horizpar>The 2000 China township maps are developed for matching 2000 China population Census data, which should only be used as references for research or education instead of used as official maps. The distributor is not responsible for the accuracy of the those maps if the maps are used for business or other purposes.</horizpar>
</horizpa>
</posacc>
<lineage>
<procstep>
<procdesc>The GIS data is based on the national digital map (1:1 million) developed by the National Geographic Information Center of China (NGCC), including rives, roads, residential area and administrative boundaries. Other sources "The China Atlas of Standard Place Names", the newly published provincial atlas, the digital city atlas, the street atlas of major cities, the zip code atlas, and the directory of all enterprises and administrative units of China.</procdesc>
</procstep>
</lineage>
</dataqual>
<spdoinfo>
<direct>Vector</direct>
<ptvctinf>
<sdtsterm>
<sdtstype>String</sdtstype>
<ptvctcnt>10</ptvctcnt>
</sdtsterm>
</ptvctinf>
</spdoinfo>
<spref>
<horizsys>
<geograph>
<geogunit>Decimal degrees</geogunit>
</geograph>
<geodetic>
<horizdn>D_Krasovsky_1940</horizdn>
<ellips>Krasovsky_1940</ellips>
<semiaxis>6378245</semiaxis>
<denflat>298.3</denflat>
</geodetic>
</horizsys>
</spref>
<eainfo>
<detailed>
<enttyp>
<enttypl>
river</enttypl>
<enttypd>river</enttypd>
</enttyp>
<attr>
<attrlabl>FID</attrlabl>
<attrdef>Internal feature number.</attrdef>
<attrdefs>ESRI</attrdefs>
<attrdomv>
<udom>Sequential unique whole numbers that are automatically generated.</udom>
</attrdomv>
</attr>
<attr>
<attrlabl>Shape</attrlabl>
<attrdef>Feature geometry.</attrdef>
<attrdefs>ESRI</attrdefs>
<attrdomv>
<udom>Coordinates defining the features.</udom>
</attrdomv>
</attr>
<attr>
<attrlabl>FNODE_</attrlabl>
<attrdef>From node.</attrdef>
</attr>
<attr>
<attrlabl>TNODE_</attrlabl>
<attrdef>To node.</attrdef>
</attr>
<attr>
<attrlabl>LPOLY_</attrlabl>
<attrdef>Left polygon.</attrdef>
</attr>
<attr>
<attrlabl>RPOLY_</attrlabl>
<attrdef>Right polygon.</attrdef>
</attr>
<attr>
<attrlabl>LENGTH</attrlabl>
<attrdef>Length of River</attrdef>
</attr>
<attr>
<attrlabl>NAME</attrlabl>
<attrdef>Name of river in Chinese characters</attrdef>
</attr>
<attr>
<attrlabl>ENAME</attrlabl>
<attrdef>Name of river in Chinese pinyin</attrdef>
</attr>
</detailed>
</eainfo>
<distinfo>
<distrib>
<cntinfo>
<cntorgp>
<cntorg>China Data Center - University of Michigan</cntorg>
</cntorgp>
<cntaddr>
<addrtype>mailing and physical address</addrtype>
<address>1007 E Huron St</address>
<city>Ann Arbor</city>
<state>MI</state>
<postal>48104</postal>
</cntaddr>
<cntvoice>(734) 647-9610</cntvoice>
<cntfax>(734) 763-0335</cntfax>
<cntemail>chinadata@umich.edu</cntemail>
</cntinfo>
</distrib>
<resdesc>cdc_census2000_guangxiriver</resdesc>
<stdorder>
<digform>
<digtinfo>
<formname>Shapefile</formname>
</digtinfo>
</digform>
</stdorder>
</distinfo>
<metainfo>
<metd>20110824</metd>
<metc>
<cntinfo>
<cntorgp>
<cntorg>Digital Social Science Center (DSSC), Columbia University Libraries</cntorg>
<cntper>GIS/Metadata Librarian</cntper>
</cntorgp>
<cntaddr>
<addrtype>mailing and physical address</addrtype>
<address>420 W. 118th St., 215 IAB, MC 3301</address>
<city>New York</city>
<state>NY</state>
<postal>10027</postal>
<country>USA</country>
</cntaddr>
<cntvoice>(212)854-6012</cntvoice>
<cntemail>dssc.data@columbia.edu</cntemail>
</cntinfo>
</metc>
<metstdn>FGDC Content Standards for Digital Geospatial Metadata</metstdn>
<metstdv>FGDC-STD-001-1998</metstdv>
<mettc>local time</mettc>
</metainfo>
</metadata>
