<?xml version="1.0" encoding="ISO-8859-1"?><metadata>
<idinfo>
<citation>
<citeinfo>
<origin>University of Michigan. China Data Center.</origin>
<pubdate>2005</pubdate>
<title>Tibet County Boundary, 1964</title>
<geoform>vector digital data</geoform>
<serinfo>
<sername>Historical Tibet County Population Census Data with GIS Maps</sername>
</serinfo>
<pubinfo>
<pubplace>Beijing</pubplace>
<publish>All China Marketing Research Co</publish>
</pubinfo>
</citeinfo>
</citation>
<descript>
<abstract>REMOTE DOWNLOAD NOT AVAILABLE - please contact data@library.columbia.edu for access. Tibet County Boundary, 1964 is a polygon theme representing Tibet county in China in the year 1964.</abstract>
<purpose>The data set was developed for display and analysis using GIS.</purpose>
</descript>
<timeperd>
<timeinfo>
<sngdate>
<caldate>1964</caldate>
</sngdate>
</timeinfo>
<current>ground condition</current>
</timeperd>
<status>
<progress>Complete</progress>
<update>Unknown</update>
</status>
<spdom>
<bounding>
<westbc>
78.397003</westbc>
<eastbc>
99.107101</eastbc>
<northbc>
36.488098</northbc>
<southbc>
26.856701</southbc>
</bounding>
</spdom>
<keywords>
<theme>
<themekt>ISO 19115 Topic Categories</themekt>
<themekey>boundaries</themekey>
</theme>
<theme>
<themekt>None</themekt>
<themekey>Administrative Boundaries</themekey>
<themekey>County</themekey>
</theme>
<place>
<placekt>Library of Congress Subject Headings</placekt>
<placekey>China</placekey>
<placekey>Tibet (China)</placekey>
<placekey>Xikang Sheng (China)</placekey>
</place>
<temporal>
<tempkt>None</tempkt>
<tempkey>1964</tempkey>
</temporal>
</keywords>
<accconst>For current Columbia affiliates only.</accconst>
<useconst>For educational, non-commercial use only.</useconst>
<ptcontac>
<cntinfo>
<cntorgp>
<cntorg>China Data Center - University of Michigan</cntorg>
</cntorgp>
<cntaddr>
<addrtype>mailing and physical address</addrtype>
<address>1007 E Huron St</address>
<city>Ann Arbor</city>
<state>MI</state>
<postal>481104</postal>
</cntaddr>
<cntvoice>(734) 647-9610</cntvoice>
<cntfax>(734) 763-0335</cntfax>
<cntemail>chinadata@umich.edu</cntemail>
</cntinfo>
</ptcontac>
<browse>
<browsen>http://www.columbia.edu/acis/eds/gis/pix/cat/Tibetchina64.jpg</browsen>
<browsed>Thumbnail Image</browsed>
<browset>JPEG</browset>
</browse>
<native>Microsoft Windows XP Version 5.1 (Build 2600) Service Pack 3; ESRI ArcCatalog 9.3.1.1850</native>
</idinfo>
<dataqual>
<lineage>
<procstep>
<procdesc>The 1953 and 1964 administrative maps (county and province) were primarily based on "The Historical Administrative Maps of the People's Republic of China" published by China Map Press, and some other yearly administrative maps</procdesc>
<proccont>
<cntinfo>
<cntorgp>
<cntorg>China Data Center - University of Michigan</cntorg>
</cntorgp>
<cntaddr>
<addrtype>mailing and physical address</addrtype>
<address>1007 E Huron St</address>
<city>Ann Arbor</city>
<state>MI</state>
<postal>481104</postal>
<country>USA</country>
</cntaddr>
<cntvoice>(734) 647-9610</cntvoice>
<cntfax>(734) 763-0335</cntfax>
<cntemail>chinadata@umich.edu</cntemail>
</cntinfo>
</proccont>
</procstep>
</lineage>
</dataqual>
<spdoinfo>
<direct>Vector</direct>
<ptvctinf>
<sdtsterm>
<sdtstype>G-polygon</sdtstype>
<ptvctcnt>1</ptvctcnt>
</sdtsterm>
</ptvctinf>
</spdoinfo>
<spref>
<horizsys>
<geograph>
<geogunit>Decimal degrees</geogunit>
</geograph>
<geodetic>
<horizdn>D_Krasovsky_1940</horizdn>
<ellips>Krasovsky_1940</ellips>
<semiaxis>6378245</semiaxis>
<denflat>298.3</denflat>
</geodetic>
</horizsys>
</spref>
<eainfo>
<detailed>
<enttyp>
<enttypl>
china64</enttypl>
<enttypd>County</enttypd>
</enttyp>
<attr>
<attrlabl>FID</attrlabl>
<attrdef>Internal feature number.</attrdef>
<attrdefs>ESRI</attrdefs>
<attrdomv>
<udom>Sequential unique whole numbers that are automatically generated.</udom>
</attrdomv>
</attr>
<attr>
<attrlabl>Shape</attrlabl>
<attrdef>Feature geometry.</attrdef>
<attrdefs>ESRI</attrdefs>
<attrdomv>
<udom>Coordinates defining the features.</udom>
</attrdomv>
</attr>
<attr>
<attrlabl>PROVGB</attrlabl>
<attrdef>Province GB Code</attrdef>
</attr>
<attr>
<attrlabl>CITYGB</attrlabl>
<attrdef>Prefecture City GB Code</attrdef>
</attr>
<attr>
<attrlabl>CNTYGB</attrlabl>
<attrdef>County GB Code</attrdef>
</attr>
<attr>
<attrlabl>CPROV</attrlabl>
<attrdef>Province name in Chinese</attrdef>
</attr>
<attr>
<attrlabl>EPROV</attrlabl>
<attrdef>Province name in English</attrdef>
</attr>
<attr>
<attrlabl>CCNTY</attrlabl>
<attrdef>County name in Chinese</attrdef>
</attr>
<attr>
<attrlabl>ECNTY</attrlabl>
<attrdef>County name in English</attrdef>
</attr>
<attr>
<attrlabl>A64001</attrlabl>
<attrdef>The number of domestic households (Unit: household)</attrdef>
</attr>
<attr>
<attrlabl>A64002</attrlabl>
<attrdef>Total population (Unit: person)</attrdef>
</attr>
<attr>
<attrlabl>A64003</attrlabl>
<attrdef>Total male population (Unit: person)</attrdef>
</attr>
<attr>
<attrlabl>A64004</attrlabl>
<attrdef>Total female population (Unit: person)</attrdef>
</attr>
<attr>
<attrlabl>A64005</attrlabl>
<attrdef>Total non-agriculture population (Unit: person)</attrdef>
</attr>
</detailed>
</eainfo>
<distinfo>
<resdesc>cdc_histtibet_china64</resdesc>
<stdorder>
<digform>
<digtinfo>
<formname>Shapefile</formname>
<formspec>zip</formspec>
<transize>0.090</transize>
</digtinfo>
</digform>
</stdorder>
</distinfo>
<metainfo>
<metd>20090331</metd>
<metc>
<cntinfo>
<cntorgp>
<cntorg>Research Data Services (RDS), Columbia University Libraries</cntorg>
<cntper>GIS/Metadata Librarian</cntper>
</cntorgp>
<cntaddr>
<addrtype>mailing and physical address</addrtype>
<address>420 W. 118th St., 215 IAB, MC 3301</address>
<city>New York</city>
<state>NY</state>
<postal>10027</postal>
</cntaddr>
<cntvoice>(212)854-6012</cntvoice>
<cntemail>data@library.columbia.edu</cntemail>
</cntinfo>
</metc>
<metstdn>FGDC Content Standards for Digital Geospatial Metadata</metstdn>
<metstdv>FGDC-STD-001-1998</metstdv>
<mettc>local time</mettc>
</metainfo>
</metadata>
