<?xml version="1.0" encoding="ISO-8859-1"?><metadata>
<idinfo>
<citation>
<citeinfo>
<origin>University of Michigan. China Data Center.</origin>
<origin>Beijing Hua tong ren shi chang xin xi you xian ze ren gong si</origin>
<pubdate>2005</pubdate>
<title>China Provincial Trunk Roads, 2000</title>
<edition>3rd</edition>
<geoform>vector digital data</geoform>
<serinfo>
<sername>Zhongguo 2000 nian xiang zhen ren kou pu cha zi liao yu di tu [electronic resource] = China 2000 township population census data with maps.</sername>
</serinfo>
<pubinfo>
<pubplace>Beijing</pubplace>
<publish>All China Marketing Research Co.</publish>
</pubinfo>
</citeinfo>
</citation>
<descript>
<abstract>REMOTE DOWNLOAD NOT AVAILABLE - please contact data@library.columbia.edu for access. China Provincial Trunk Roads is a polyline theme representing provincial trunk roads in China for 2000. This datalayer is part of the China 2000 county population census data set produced by the All China Marketing Research Co. and distributed by the University of Michigan, China Data Center (2003). The new version (III) of 2000 county data include 2000 county boundary GIS map and several other GIS maps, integrated with more than 1,900 variables from 2000 population census data for counties and urban districts. Source scale: 1:1,000,000</abstract>
<purpose>The data set was developed for display and analysis using GIS.</purpose>
</descript>
<timeperd>
<timeinfo>
<sngdate>
<caldate>2000</caldate>
</sngdate>
</timeinfo>
<current>ground condition</current>
</timeperd>
<status>
<progress>Complete</progress>
<update>Unknown</update>
</status>
<spdom>
<bounding>
<westbc>
73.44696</westbc>
<eastbc>
135.085831</eastbc>
<northbc>
53.557926</northbc>
<southbc>
6.318641</southbc>
</bounding>
</spdom>
<keywords>
<theme>
<themekt>ISO 19115 Topic Categories.</themekt>
<themekey>transportation</themekey>
</theme>
<theme>
<themekt>Library of Congress Subject Headings</themekt>
<themekey>Cities and towns --China --Population --Statistics --Databases.</themekey>
<themekey>Cities and towns --China --Population --Statistics --Maps.</themekey>
<themekey>Cities and towns --Census, 2000 --China --Databases.</themekey>
<themekey>Cities and towns --Census, 2000 --China --Maps.</themekey>
<themekey>China --Population --Statistics --Databases.</themekey>
<themekey>China --Population --Statistics --Maps.</themekey>
<themekey>China --Census, 2000 --Databases.</themekey>
<themekey>China --Census, 2000 --Maps.</themekey>
</theme>
<theme>
<themekt>None</themekt>
<themekey>Roads</themekey>
<themekey>Streets</themekey>
<themekey>Highways</themekey>
</theme>
<place>
<placekt>Library of Congress Subject Headings</placekt>
<placekey>China</placekey>
</place>
<temporal>
<tempkt>None</tempkt>
<tempkey>2000</tempkey>
</temporal>
</keywords>
<accconst>For current Columbia affiliates only.</accconst>
<useconst>For educational, non-commercial use only.</useconst>
<ptcontac>
<cntinfo>
<cntorgp>
<cntorg>China Data Center - University of Michigan</cntorg>
</cntorgp>
<cntaddr>
<addrtype>mailing and physical address</addrtype>
<address>1007 E Huron St</address>
<city>Ann Arbor</city>
<state>MI</state>
<postal>48104</postal>
</cntaddr>
<cntvoice>(734) 647-9610</cntvoice>
<cntfax>(734) 763-0335</cntfax>
<cntemail>chinadata@umich.edu</cntemail>
</cntinfo>
</ptcontac>
<browse>
<browsen>http://www.columbia.edu/acis/eds/gis/pix/cat/sd.jpg</browsen>
<browsed>Thumbnail Image</browsed>
<browset>JPEG</browset>
</browse>
<native>Microsoft Windows XP Version 5.1 (Build 2600) Service Pack 3; ESRI ArcCatalog 9.3.1.1850</native>
</idinfo>
<spdoinfo>
<direct>Vector</direct>
<ptvctinf>
<sdtsterm>
<sdtstype>String</sdtstype>
<ptvctcnt>6147</ptvctcnt>
</sdtsterm>
</ptvctinf>
</spdoinfo>
<spref>
<horizsys>
<geograph>
<geogunit>Decimal degrees</geogunit>
</geograph>
<geodetic>
<horizdn>D_Krasovsky_1940</horizdn>
<ellips>Krasovsky_1940</ellips>
<semiaxis>6378245</semiaxis>
<denflat>298.3</denflat>
</geodetic>
</horizsys>
</spref>
<eainfo>
<detailed>
<enttyp>
<enttypl>
sd</enttypl>
</enttyp>
<attr>
<attrlabl>FID</attrlabl>
<attrdef>Internal feature number.</attrdef>
<attrdefs>ESRI</attrdefs>
<attrdomv>
<udom>Sequential unique whole numbers that are automatically generated.</udom>
</attrdomv>
</attr>
<attr>
<attrlabl>Shape</attrlabl>
<attrdef>Feature geometry.</attrdef>
<attrdefs>ESRI</attrdefs>
<attrdomv>
<udom>Coordinates defining the features.</udom>
</attrdomv>
</attr>
<attr>
<attrlabl>FNODE_</attrlabl>
<attrdef>From node.</attrdef>
</attr>
<attr>
<attrlabl>TNODE_</attrlabl>
<attrdef>To node.</attrdef>
</attr>
<attr>
<attrlabl>LPOLY_</attrlabl>
<attrdef>Left polygon.</attrdef>
</attr>
<attr>
<attrlabl>RPOLY_</attrlabl>
<attrdef>Right polygon.</attrdef>
</attr>
<attr>
<attrlabl>LENGTH</attrlabl>
<attrdef>Length of provincial trunk road</attrdef>
</attr>
<attr>
<attrlabl>SD_</attrlabl>
<attrdef>Arc/info Inter ID</attrdef>
</attr>
<attr>
<attrlabl>SD_ID</attrlabl>
<attrdef>Arc/info User ID</attrdef>
</attr>
</detailed>
</eainfo>
<distinfo>
<distrib>
<cntinfo>
<cntorgp>
<cntorg>China Data Center - University of Michigan</cntorg>
</cntorgp>
<cntaddr>
<addrtype>mailing and physical address</addrtype>
<address>1007 E Huron St</address>
<city>Ann Arbor</city>
<state>MI</state>
<postal>48104</postal>
</cntaddr>
<cntvoice>(734) 647-9610</cntvoice>
<cntfax>(734) 763-0335</cntfax>
<cntemail>chinadata@umich.edu</cntemail>
</cntinfo>
</distrib>
<resdesc>cdc_census2000county_sd</resdesc>
<stdorder>
<digform>
<digtinfo>
<formname>Shapefile</formname>
</digtinfo>
</digform>
</stdorder>
</distinfo>
<metainfo>
<metd>20090203</metd>
<metc>
<cntinfo>
<cntorgp>
<cntorg>Digital Social Science Center (DSSC), Columbia University Libraries</cntorg>
<cntper>GIS/Metadata Librarian</cntper>
</cntorgp>
<cntaddr>
<addrtype>mailing and physical address</addrtype>
<address>420 W. 118th St., 215 IAB, MC 3301</address>
<city>New York</city>
<state>NY</state>
<postal>10027</postal>
<country>USA</country>
</cntaddr>
<cntvoice>(212)854-6012</cntvoice>
<cntemail>dssc.data@columbia.edu</cntemail>
</cntinfo>
</metc>
<metstdn>FGDC Content Standards for Digital Geospatial Metadata</metstdn>
<metstdv>FGDC-STD-001-1998</metstdv>
<mettc>local time</mettc>
</metainfo>
</metadata>
