<?xml version="1.0" encoding="ISO-8859-1"?><metadata>
<idinfo>
<citation>
<citeinfo>
<origin>University of Michigan. China Data Center.</origin>
<origin>Beijing Hua tong ren shi chang xin xi you xian ze ren gong si</origin>
<pubdate>2005</pubdate>
<title>Qinghai Township Locations With 2000 Population Census Data From 9.95% Long Form Data (table L7-L8)</title>
<geoform>vector digital data</geoform>
<pubinfo>
<pubplace>Beijing</pubplace>
<publish>All China Marketing Research Co.</publish>
</pubinfo>
</citeinfo>
</citation>
<descript>
<abstract>REMOTE DOWNLOAD NOT AVAILABLE - please contact data@library.columbia.edu for access. Qinghai Township Locations With 2000 Population Census Data From 9.95% Long Form Data (table L7-L8) is a point theme representing townships in Qinghai Province in China. Attribute information includes a variety of variables from the long form data from the 2000 Chinese census.  

This layer is the second of two layers covering the entire long form data; this layer covers Long Form tables L7-1 to L8-6: L7-1: Population by current residence and place of birth; L7-2: Population by current residence and by time of moving to current township, town or street; L7-3: Population by current residence and type of emigration place.  L7-4: Population by current residence and former residence 5 years ago; L7-6-1: Population by current residence, type of emigration place and education attainment (intra-region); L7-6-2: Population by current residence, type of emigration place and education attainment (inter-region); L7-7-1: Population by current residence, emigration place and occupation (intra-region); L7-7-2: Population by current residence, emigration place and occupation (inter-region); L7-8: Women having births by current residence, place of household registration and birth order.   L8-1: Family households by use of houses, whether living with other families, single or multi floors, outer wall materials and by region; L8-2: Status of family houses by time of construction and by region; L8-3: Housing facilities by region; L8-4: Family households by source of houses and by region; L8-5: Family households by expenditure on purchasing or building houses and by region; L8-6: Family households by monthly housing rent and by region. 

This data layer is part of the China 2000 Township Census data set produced by the All China Marketing Research Co. and distributed by the University of Michigan, China Data Center.</abstract>
<purpose>The data set was developed for display and analysis using GIS.</purpose>
<supplinf>Notes on China 2000 Population Census Data:
In order to guide you to use the data correctly, provide you some explanations as follows: 
(l) Census time: 0:00AM of November 1, 2000 as the reference time for the census. 
(2) The 2000 population census covered all persons who hold the nationality of, and have permanent residing place in the People's Republic of China. During the census, each person was enumerated in his/her permanent residing place. 
The following persons should be enumerated in their permanent residing place: a) Those who reside in the townships, towns and street communities and have their permanent household registration there. b) Those who have resided in the townships, towns and street communities for more than 6 months but the places of their permanent household registration are elsewhere. c) Those who have resided in the townships, towns and street communities for less than 6 months but have been away from the place of their permanent household registration for more than 6 months. d) Those who live in the townships, towns and street communities during the population census while the places of their household registration have not yet settled. e) Those who used to live in the townships, towns and street communities but are working or studying abroad during the census and have no Permanent household registration for the time being. 
(3) Two types of questionnaires (long form and short form) were used for the 2000 population census. The short form contains items that reflect the basic situation of the population, while the long form include all short form items plus other items such as migration, education, economic activities, marriage and family, fertility , housing , etc. . According to the Statute for the Fifth National Population Census and the Procedures for the Selection of Samples for the Long Forms, households selected by a random sampling program completed the long forms, and the rest of the households completed the short forms. 
(4) The data table consists of three parts. The first part (variables A1-A97 and A154-A156) contains data aggregated from all households data (i. e. common items in both long and short forms) that reflects the basic situation of population. The second part (variables A98-A153 and A157-A169) contains data aggregated from the long forms from the 9.5% sample data, which present various detailed compositions of the population. The third part (variables B1-31) contains socioeconomic variables reported by the National Bureau of Statistics in annual statistics. Please note that there might be some difference between the county population aggregated from the 2000 population Census data and the one reported by government, which is derived from household registration and sample survey data. 
(5) Results in this publication are based on the processing of data directly from enumeration without any adjustment. It is therefore worthwhile to notice the following: 
    a. Data in the publication do not include population not enumerated in the census.  
    b. Data in the publication do not include the 2.5 million servicemen of the People's Liberation Army.  
    c. Total population as shown in this publication is 1,242.61 million, or 23.22 million less than the population figure of 1,265.83 million (including 2.5 million servicemen) released earlier by the National Bureau of Statistics ,which was based on the advance tabulation.  
    d. The post-enumeration sample survey indicates an undercount of 1.81% in the census enumeration.  
    e. The sampling ratio for the long forms = total population in the long forms/total population calculated by computer processing = 9.50%.  
    f. The sampling ratio for various compositions of the population may not be the same as household is used as the ultimate sampling unit. 
Users should pay attention to the above-mentioned factors when using information in the publication, and in particular, is estimating the population from the sample results. 
(5) Regulation on the Classification of Urban/Rural Residence for Statistical Purpose (Provisional) prepared by the National Bureau of Statistics is used in urban/rural classification of the population in this census.</supplinf>
</descript>
<timeperd>
<timeinfo>
<sngdate>
<caldate>2000</caldate>
</sngdate>
</timeinfo>
<current>ground condition</current>
</timeperd>
<status>
<progress>Complete</progress>
<update>Unknown</update>
</status>
<spdom>
<bounding>
<westbc>
90.211708</westbc>
<eastbc>
102.942224</eastbc>
<northbc>
38.914581</northbc>
<southbc>
31.902617</southbc>
</bounding>
</spdom>
<keywords>
<theme>
<themekt>ISO 19115 Topic Categories..</themekt>
<themekey>society</themekey>
<themekey>economy</themekey>
</theme>
<theme>
<themekt>Library of Congress Subject Headings</themekt>
<themekey>Cities and towns --China --Population --Statistics --Databases.</themekey>
<themekey>Cities and towns --China --Population --Statistics --Maps.</themekey>
<themekey>Cities and towns --Census, 2000 --China --Databases.</themekey>
<themekey>Cities and towns --Census, 2000 --China --Maps.</themekey>
<themekey>China --Population --Statistics --Databases.</themekey>
<themekey>China --Population --Statistics --Maps.</themekey>
<themekey>China --Census, 2000 --Databases.</themekey>
<themekey>China --Census, 2000 --Maps.</themekey>
</theme>
<theme>
<themekt>None</themekt>
<themekey>Census</themekey>
<themekey>Demography</themekey>
<themekey>Migration</themekey>
<themekey>Population Statistics</themekey>
<themekey>Vital statistics</themekey>
<themekey>Education Statistics</themekey>
<themekey>Occupations</themekey>
<themekey>Childbirth Statistics</themekey>
<themekey>Dwellings</themekey>
<themekey>Housing Statistics</themekey>
<themekey>Households</themekey>
</theme>
<place>
<placekt>Library of Congress Subject Headings</placekt>
<placekey>China</placekey>
<placekey>Qinghai Sheng (China)</placekey>
</place>
<temporal>
<tempkt>None</tempkt>
<tempkey>2000</tempkey>
</temporal>
</keywords>
<accconst>For current Columbia affiliates only.</accconst>
<useconst>For educational, non-commercial use only.</useconst>
<ptcontac>
<cntinfo>
<cntorgp>
<cntorg>China Data Center - University of Michigan</cntorg>
</cntorgp>
<cntaddr>
<addrtype>mailing and physical address</addrtype>
<address>1007 E Huron St</address>
<city>Ann Arbor</city>
<state>MI</state>
<postal>48104</postal>
</cntaddr>
<cntvoice>(734) 647-9610</cntvoice>
<cntfax>(734) 763-0335</cntfax>
<cntemail>chinadata@umich.edu</cntemail>
</cntinfo>
</ptcontac>
<browse>
<browsen>http://www.columbia.edu/acis/eds/gis/pix/cat/Qinghaitownshipl2.jpg</browsen>
<browsed>Thumbnail Image</browsed>
<browset>JPEG</browset>
</browse>
<native>Microsoft Windows XP Version 5.1 (Build 2600) Service Pack 3; ESRI ArcCatalog 9.3.1.1850</native>
</idinfo>
<dataqual>
<posacc>
<horizpa>
<horizpar>The 2000 China township maps are developed for matching 2000 China population Census data, which should only be used as references for research or education instead of used as official maps. The distributor is not responsible for the accuracy of the those maps if the maps are used for business or other purposes.</horizpar>
</horizpa>
</posacc>
<lineage>
<procstep>
<procdesc>The 2000 China township GIS maps were developed for the 5th population Census data, which covered all 31 municipalities, provinces and autonomous regions of China, except for Taiwan, Hong Kong and Macao, with more than 50,000 townships (Xiang, Zhen and Jiedao). The 2000 China township maps provide geographical reference for the 5th population census data in spatial data analysis. It will help users to understand the spatial distribution of population and regional difference in China.  

The population data came from the 5th China Population Census surveyed in 2000. The GIS data is based on the national digital map (1:1 million) developed by the National Geographic Information Center of China (NGCC), including rives, roads, residential area and administrative boundaries. Other sources "The China Atlas of Standard Place Names", the newly published provincial atlas, the digital city atlas, the street atlas of major cities, the zip code atlas, and the directory of all enterprises and administrative units of China.  

The primary work for the 2000 China township maps is to find the geographic location of each township on the 1:1 million digital map of China. The procedures include:  

1) Verifying the location of townships on the administrative maps based on 2000 population Census tables, and making the correction to those township names which don't match those names in the Census tables.  

2) For those townships of cities at prefecture level and above, we found the location of those townships on the city maps based on their addresses in the directory of all China basic units and zip code.  

3) For some virtual townships, which don't have central locations, we try to find the mostly related locations on the map.  

4) The administrative boundaries of urban districts of prefecture cities are based on the geographic locations of their townships and related boundary maps. 

5) The geographic reference degree data is extracted from the maps with the locations of the townships, compatible with 2000 population Census data.  

6) The digital township map (1: 1 million) is converted from the geographic degree data.</procdesc>
</procstep>
</lineage>
</dataqual>
<spdoinfo>
<direct>Vector</direct>
<ptvctinf>
<sdtsterm>
<sdtstype>Entity point</sdtstype>
<ptvctcnt>499</ptvctcnt>
</sdtsterm>
</ptvctinf>
</spdoinfo>
<spref>
<horizsys>
<geograph>
<geogunit>Decimal degrees</geogunit>
</geograph>
<geodetic>
<horizdn>D_Krasovsky_1940</horizdn>
<ellips>Krasovsky_1940</ellips>
<semiaxis>6378245</semiaxis>
<denflat>298.3</denflat>
</geodetic>
</horizsys>
</spref>
<eainfo>
<detailed>
<enttyp>
<enttypl>
Chinal2</enttypl>
<enttypd>Counties</enttypd>
</enttyp>
<attr>
<attrlabl>FID</attrlabl>
<attrdef>Internal feature number.</attrdef>
<attrdefs>ESRI</attrdefs>
<attrdomv>
<udom>Sequential unique whole numbers that are automatically generated.</udom>
</attrdomv>
</attr>
<attr>
<attrlabl>Shape</attrlabl>
<attrdef>Feature geometry.</attrdef>
<attrdefs>ESRI</attrdefs>
<attrdomv>
<udom>Coordinates defining the features.</udom>
</attrdomv>
</attr>
<attr>
<attrlabl>GBCITY</attrlabl>
<attrdef>Four digit GB (Guo Biao -- National Standard) code of City</attrdef>
</attr>
<attr>
<attrlabl>CNAME1</attrlabl>
</attr>
<attr>
<attrlabl>ENAME1</attrlabl>
</attr>
<attr>
<attrlabl>GBPROV</attrlabl>
<attrdef>Two digit GB (Guo Biao -- National Standard) code of Province</attrdef>
</attr>
<attr>
<attrlabl>CNAME2</attrlabl>
</attr>
<attr>
<attrlabl>ENAME2</attrlabl>
</attr>
<attr>
<attrlabl>GBCNTY</attrlabl>
<attrdef>Six digit GB (Guo Biao -- National Standard) code of County</attrdef>
</attr>
<attr>
<attrlabl>CNAME3</attrlabl>
</attr>
<attr>
<attrlabl>ENAME3</attrlabl>
</attr>
<attr>
<attrlabl>GBTOWN</attrlabl>
</attr>
<attr>
<attrlabl>CNAME</attrlabl>
<attrdef>Chinese name of County</attrdef>
</attr>
<attr>
<attrlabl>ENAME</attrlabl>
<attrdef>English name of County</attrdef>
</attr>
<attr>
<attrlabl>L701001</attrlabl>
<attrdef>Total Person</attrdef>
</attr>
<attr>
<attrlabl>L701002</attrlabl>
<attrdef>This county, city, district</attrdef>
</attr>
<attr>
<attrlabl>L701003</attrlabl>
<attrdef>This county, city, district outside the province</attrdef>
</attr>
<attr>
<attrlabl>L701004</attrlabl>
<attrdef>Beijing</attrdef>
</attr>
<attr>
<attrlabl>L701005</attrlabl>
<attrdef>Tianjin</attrdef>
</attr>
<attr>
<attrlabl>L701006</attrlabl>
<attrdef>Hebei</attrdef>
</attr>
<attr>
<attrlabl>L701007</attrlabl>
<attrdef>Shanxi</attrdef>
</attr>
<attr>
<attrlabl>L701008</attrlabl>
<attrdef>Inner Mongolia</attrdef>
</attr>
<attr>
<attrlabl>L701009</attrlabl>
<attrdef>Liaoning</attrdef>
</attr>
<attr>
<attrlabl>L701010</attrlabl>
<attrdef>Jilin</attrdef>
</attr>
<attr>
<attrlabl>L701011</attrlabl>
<attrdef>Heilongjiang</attrdef>
</attr>
<attr>
<attrlabl>L701012</attrlabl>
<attrdef>Shanghai</attrdef>
</attr>
<attr>
<attrlabl>L701013</attrlabl>
<attrdef>Jiangsu</attrdef>
</attr>
<attr>
<attrlabl>L701014</attrlabl>
<attrdef>Zhejiang</attrdef>
</attr>
<attr>
<attrlabl>L701015</attrlabl>
<attrdef>Anhui</attrdef>
</attr>
<attr>
<attrlabl>L701016</attrlabl>
<attrdef>Fujian</attrdef>
</attr>
<attr>
<attrlabl>L701017</attrlabl>
<attrdef>Jiangxi</attrdef>
</attr>
<attr>
<attrlabl>L701018</attrlabl>
<attrdef>Shandong</attrdef>
</attr>
<attr>
<attrlabl>L701019</attrlabl>
<attrdef>Henai</attrdef>
</attr>
<attr>
<attrlabl>L701020</attrlabl>
<attrdef>Hubei</attrdef>
</attr>
<attr>
<attrlabl>L701021</attrlabl>
<attrdef>Hunan</attrdef>
</attr>
<attr>
<attrlabl>L701022</attrlabl>
<attrdef>Guangdong</attrdef>
</attr>
<attr>
<attrlabl>L701023</attrlabl>
<attrdef>Guangxi</attrdef>
</attr>
<attr>
<attrlabl>L701024</attrlabl>
<attrdef>Hainan</attrdef>
</attr>
<attr>
<attrlabl>L701025</attrlabl>
<attrdef>Chongqing</attrdef>
</attr>
<attr>
<attrlabl>L701026</attrlabl>
<attrdef>Sichuan</attrdef>
</attr>
<attr>
<attrlabl>L701027</attrlabl>
<attrdef>Guizhou</attrdef>
</attr>
<attr>
<attrlabl>L701028</attrlabl>
<attrdef>Yunnan</attrdef>
</attr>
<attr>
<attrlabl>L701029</attrlabl>
<attrdef>Tibet</attrdef>
</attr>
<attr>
<attrlabl>L701030</attrlabl>
<attrdef>Shaanxi</attrdef>
</attr>
<attr>
<attrlabl>L701031</attrlabl>
<attrdef>Gansu</attrdef>
</attr>
<attr>
<attrlabl>L701032</attrlabl>
<attrdef>Qinghai</attrdef>
</attr>
<attr>
<attrlabl>L701033</attrlabl>
<attrdef>Ningxia</attrdef>
</attr>
<attr>
<attrlabl>L701034</attrlabl>
<attrdef>Xinjiang</attrdef>
</attr>
<attr>
<attrlabl>L701035</attrlabl>
<attrdef>Hong Kong, Macao and Taiwan or abroad</attrdef>
</attr>
<attr>
<attrlabl>L702001</attrlabl>
<attrdef>Total Person</attrdef>
</attr>
<attr>
<attrlabl>L702002</attrlabl>
<attrdef>When to Come to This Township, Town, Street to Live: This Township, Town, Street lived all the time after being born in</attrdef>
</attr>
<attr>
<attrlabl>L702003</attrlabl>
<attrdef>When to Come to This Township, Town, Street to Live: Before October 31, 1995</attrdef>
</attr>
<attr>
<attrlabl>L702004</attrlabl>
<attrdef>When to Come to This Township, Town, Street to Live: November 1, 1995- December 31</attrdef>
</attr>
<attr>
<attrlabl>L702005</attrlabl>
<attrdef>When to Come to This Township, Town, Street to Live:1996</attrdef>
</attr>
<attr>
<attrlabl>L702006</attrlabl>
<attrdef>When to Come to This Township, Town, Street to Live:1997</attrdef>
</attr>
<attr>
<attrlabl>L702007</attrlabl>
<attrdef>When to Come to This Township, Town, Street to Live:1998</attrdef>
</attr>
<attr>
<attrlabl>L702008</attrlabl>
<attrdef>When to Come to This Township, Town, Street to Live:1999</attrdef>
</attr>
<attr>
<attrlabl>L702009</attrlabl>
<attrdef>When to Come to This Township, Town, Street to Live:2000</attrdef>
</attr>
<attr>
<attrlabl>L703001</attrlabl>
<attrdef>Total Person</attrdef>
</attr>
<attr>
<attrlabl>L703002</attrlabl>
<attrdef>Intra-province: Total</attrdef>
</attr>
<attr>
<attrlabl>L703003</attrlabl>
<attrdef>Intraprovince: Township</attrdef>
</attr>
<attr>
<attrlabl>L703004</attrlabl>
<attrdef>Intraprovince: Neighborhood committee of the town</attrdef>
</attr>
<attr>
<attrlabl>L703005</attrlabl>
<attrdef>Intraprovince: Village Committee of The Town</attrdef>
</attr>
<attr>
<attrlabl>L703006</attrlabl>
<attrdef>Intraprovince :Street</attrdef>
</attr>
<attr>
<attrlabl>L703007</attrlabl>
<attrdef>Beijing: Total</attrdef>
</attr>
<attr>
<attrlabl>L703008</attrlabl>
<attrdef>Beijing: Township</attrdef>
</attr>
<attr>
<attrlabl>L703009</attrlabl>
<attrdef>Beijing: Neighborhood committee of the town</attrdef>
</attr>
<attr>
<attrlabl>L703010</attrlabl>
<attrdef>Beijing: Village Committee of The Town</attrdef>
</attr>
<attr>
<attrlabl>L703011</attrlabl>
<attrdef>Beijing: Street</attrdef>
</attr>
<attr>
<attrlabl>L703012</attrlabl>
<attrdef>Tianjin: Total</attrdef>
</attr>
<attr>
<attrlabl>L703013</attrlabl>
<attrdef>Tianjin: Township</attrdef>
</attr>
<attr>
<attrlabl>L703014</attrlabl>
<attrdef>Tianjin: Neighborhood committee of the town</attrdef>
</attr>
<attr>
<attrlabl>L703015</attrlabl>
<attrdef>Tianjin: Village Committee of The Town</attrdef>
</attr>
<attr>
<attrlabl>L703016</attrlabl>
<attrdef>Tianjin: Street</attrdef>
</attr>
<attr>
<attrlabl>L703017</attrlabl>
<attrdef>Hebei: Total</attrdef>
</attr>
<attr>
<attrlabl>L703018</attrlabl>
<attrdef>Hebei: Township</attrdef>
</attr>
<attr>
<attrlabl>L703019</attrlabl>
<attrdef>Hebei: Neighborhood committee of the town</attrdef>
</attr>
<attr>
<attrlabl>L703020</attrlabl>
<attrdef>Hebei: Village Committee of The Town</attrdef>
</attr>
<attr>
<attrlabl>L703021</attrlabl>
<attrdef>Hebei: Street</attrdef>
</attr>
<attr>
<attrlabl>L703022</attrlabl>
<attrdef>Shanxi: Total</attrdef>
</attr>
<attr>
<attrlabl>L703023</attrlabl>
<attrdef>Shanxi: Township</attrdef>
</attr>
<attr>
<attrlabl>L703024</attrlabl>
<attrdef>Shanxi: Neighborhood committee of the town</attrdef>
</attr>
<attr>
<attrlabl>L703025</attrlabl>
<attrdef>Shanxi: Village Committee of The Town</attrdef>
</attr>
<attr>
<attrlabl>L703026</attrlabl>
<attrdef>Shanxi: Street</attrdef>
</attr>
<attr>
<attrlabl>L703027</attrlabl>
<attrdef>Inner Mongolia: Total</attrdef>
</attr>
<attr>
<attrlabl>L703028</attrlabl>
<attrdef>Inner Mongolia: Township</attrdef>
</attr>
<attr>
<attrlabl>L703029</attrlabl>
<attrdef>Inner Mongolia: Neighborhood committee of the town</attrdef>
</attr>
<attr>
<attrlabl>L703030</attrlabl>
<attrdef>Inner Mongolia: Village Committee of The Town</attrdef>
</attr>
<attr>
<attrlabl>L703031</attrlabl>
<attrdef>Inner Mongolia: Street</attrdef>
</attr>
<attr>
<attrlabl>L703032</attrlabl>
<attrdef>Liaoning: Total</attrdef>
</attr>
<attr>
<attrlabl>L703033</attrlabl>
<attrdef>Liaoning: Township</attrdef>
</attr>
<attr>
<attrlabl>L703034</attrlabl>
<attrdef>Liaoning: Neighborhood committee of the town</attrdef>
</attr>
<attr>
<attrlabl>L703035</attrlabl>
<attrdef>Liaoning: Village Committee of The Town</attrdef>
</attr>
<attr>
<attrlabl>L703036</attrlabl>
<attrdef>Liaoning: Street</attrdef>
</attr>
<attr>
<attrlabl>L703037</attrlabl>
<attrdef>Jilin: Total</attrdef>
</attr>
<attr>
<attrlabl>L703038</attrlabl>
<attrdef>Jilin: Township</attrdef>
</attr>
<attr>
<attrlabl>L703039</attrlabl>
<attrdef>Jilin: Neighborhood committee of the town</attrdef>
</attr>
<attr>
<attrlabl>L703040</attrlabl>
<attrdef>Jilin: Village Committee of The Town</attrdef>
</attr>
<attr>
<attrlabl>L703041</attrlabl>
<attrdef>Jilin: Street</attrdef>
</attr>
<attr>
<attrlabl>L703042</attrlabl>
<attrdef>Heilongjiang: Total</attrdef>
</attr>
<attr>
<attrlabl>L703043</attrlabl>
<attrdef>Heilongjiang: Township</attrdef>
</attr>
<attr>
<attrlabl>L703044</attrlabl>
<attrdef>Heilongjiang: Neighborhood committee of the town</attrdef>
</attr>
<attr>
<attrlabl>L703045</attrlabl>
<attrdef>Heilongjiang: Village Committee of The Town</attrdef>
</attr>
<attr>
<attrlabl>L703046</attrlabl>
<attrdef>Heilongjiang: Street</attrdef>
</attr>
<attr>
<attrlabl>L703047</attrlabl>
<attrdef>Shanghai: Total</attrdef>
</attr>
<attr>
<attrlabl>L703048</attrlabl>
<attrdef>Shanghai:Township</attrdef>
</attr>
<attr>
<attrlabl>L703049</attrlabl>
<attrdef>Shanghai:Neighborhood committee of the town</attrdef>
</attr>
<attr>
<attrlabl>L703050</attrlabl>
<attrdef>Shanghai: Village Committee of The Town</attrdef>
</attr>
<attr>
<attrlabl>L703051</attrlabl>
<attrdef>Shanghai:Street</attrdef>
</attr>
<attr>
<attrlabl>L703052</attrlabl>
<attrdef>Jiangsu:Total</attrdef>
</attr>
<attr>
<attrlabl>L703053</attrlabl>
<attrdef>Jiangsu: Township</attrdef>
</attr>
<attr>
<attrlabl>L703054</attrlabl>
<attrdef>Jiangsu: Neighborhood committee of the town</attrdef>
</attr>
<attr>
<attrlabl>L703055</attrlabl>
<attrdef>Jiangsu: Village Committee of The Town</attrdef>
</attr>
<attr>
<attrlabl>L703056</attrlabl>
<attrdef>Jiangsu: Street</attrdef>
</attr>
<attr>
<attrlabl>L703057</attrlabl>
<attrdef>Zhejiang: Total</attrdef>
</attr>
<attr>
<attrlabl>L703058</attrlabl>
<attrdef>Zhejiang: Township</attrdef>
</attr>
<attr>
<attrlabl>L703059</attrlabl>
<attrdef>Zhejiang: Neighborhood committee of the town</attrdef>
</attr>
<attr>
<attrlabl>L703060</attrlabl>
<attrdef>Zhejiang: Village Committee of The Town</attrdef>
</attr>
<attr>
<attrlabl>L703061</attrlabl>
<attrdef>Zhejiang: Street</attrdef>
</attr>
<attr>
<attrlabl>L703062</attrlabl>
<attrdef>Anhui: Total</attrdef>
</attr>
<attr>
<attrlabl>L703063</attrlabl>
<attrdef>Anhui: Township</attrdef>
</attr>
<attr>
<attrlabl>L703064</attrlabl>
<attrdef>Anhui: Neighborhood committee of the town</attrdef>
</attr>
<attr>
<attrlabl>L703065</attrlabl>
<attrdef>Anhui: Village Committee of The Town</attrdef>
</attr>
<attr>
<attrlabl>L703066</attrlabl>
<attrdef>Anhui: Street</attrdef>
</attr>
<attr>
<attrlabl>L703067</attrlabl>
<attrdef>Fujian: Total</attrdef>
</attr>
<attr>
<attrlabl>L703068</attrlabl>
<attrdef>Fujian: Township</attrdef>
</attr>
<attr>
<attrlabl>L703069</attrlabl>
<attrdef>Fujian: Neighborhood committee of the town</attrdef>
</attr>
<attr>
<attrlabl>L703070</attrlabl>
<attrdef>Fujian: Village Committee of The Town</attrdef>
</attr>
<attr>
<attrlabl>L703071</attrlabl>
<attrdef>Fujian: Street</attrdef>
</attr>
<attr>
<attrlabl>L703072</attrlabl>
<attrdef>Jiangxi: Total</attrdef>
</attr>
<attr>
<attrlabl>L703073</attrlabl>
<attrdef>Jiangxi: Township</attrdef>
</attr>
<attr>
<attrlabl>L703074</attrlabl>
<attrdef>Jiangxi: Neighborhood committee of the town</attrdef>
</attr>
<attr>
<attrlabl>L703075</attrlabl>
<attrdef>Jiangxi: Village Committee of The Town</attrdef>
</attr>
<attr>
<attrlabl>L703076</attrlabl>
<attrdef>Jiangxi: Street</attrdef>
</attr>
<attr>
<attrlabl>L703077</attrlabl>
<attrdef>Shandong: Total</attrdef>
</attr>
<attr>
<attrlabl>L703078</attrlabl>
<attrdef>Shandong: Township</attrdef>
</attr>
<attr>
<attrlabl>L703079</attrlabl>
<attrdef>Shandong: Neighborhood committee of the town</attrdef>
</attr>
<attr>
<attrlabl>L703080</attrlabl>
<attrdef>Shandong: Village Committee of The Town</attrdef>
</attr>
<attr>
<attrlabl>L703081</attrlabl>
<attrdef>Shandong: Street</attrdef>
</attr>
<attr>
<attrlabl>L703082</attrlabl>
<attrdef>Henan: Total</attrdef>
</attr>
<attr>
<attrlabl>L703083</attrlabl>
<attrdef>Henan: Township</attrdef>
</attr>
<attr>
<attrlabl>L703084</attrlabl>
<attrdef>Henan: Neighborhood committee of the town</attrdef>
</attr>
<attr>
<attrlabl>L703085</attrlabl>
<attrdef>Henan: Village Committee of The Town</attrdef>
</attr>
<attr>
<attrlabl>L703086</attrlabl>
<attrdef>Henan: Street</attrdef>
</attr>
<attr>
<attrlabl>L703087</attrlabl>
<attrdef>Hubei: Total</attrdef>
</attr>
<attr>
<attrlabl>L703088</attrlabl>
<attrdef>Hubei: Township</attrdef>
</attr>
<attr>
<attrlabl>L703089</attrlabl>
<attrdef>Hubei: Neighborhood committee of the town</attrdef>
</attr>
<attr>
<attrlabl>L703090</attrlabl>
<attrdef>Hubei: Village Committee of The Town</attrdef>
</attr>
<attr>
<attrlabl>L703091</attrlabl>
<attrdef>L703091</attrdef>
</attr>
<attr>
<attrlabl>L703092</attrlabl>
<attrdef>Hunan: Total</attrdef>
</attr>
<attr>
<attrlabl>L703093</attrlabl>
<attrdef>Hunan: Township</attrdef>
</attr>
<attr>
<attrlabl>L703094</attrlabl>
<attrdef>Hunan: Neighborhood committee of the town</attrdef>
</attr>
<attr>
<attrlabl>L703095</attrlabl>
<attrdef>Hunan: Village Committee of The Town</attrdef>
</attr>
<attr>
<attrlabl>L703096</attrlabl>
<attrdef>Hunan: Street</attrdef>
</attr>
<attr>
<attrlabl>L703097</attrlabl>
<attrdef>Guangdong: Total</attrdef>
</attr>
<attr>
<attrlabl>L703098</attrlabl>
<attrdef>Guangdong: Township</attrdef>
</attr>
<attr>
<attrlabl>L703099</attrlabl>
<attrdef>Guangdong: Neighborhood committee of the town</attrdef>
</attr>
<attr>
<attrlabl>L703100</attrlabl>
<attrdef>Guangdong: Village Committee of The Town</attrdef>
</attr>
<attr>
<attrlabl>L703101</attrlabl>
<attrdef>Guangdong: Street</attrdef>
</attr>
<attr>
<attrlabl>L703102</attrlabl>
<attrdef>Guangxi:Total</attrdef>
</attr>
<attr>
<attrlabl>L703103</attrlabl>
<attrdef>Guangxi:Township</attrdef>
</attr>
<attr>
<attrlabl>L703104</attrlabl>
<attrdef>Guangxi:Neighborhood committee of the town</attrdef>
</attr>
<attr>
<attrlabl>L703105</attrlabl>
<attrdef>Guangxi: Village Committee of The Town</attrdef>
</attr>
<attr>
<attrlabl>L703106</attrlabl>
<attrdef>Guangxi:Street</attrdef>
</attr>
<attr>
<attrlabl>L703107</attrlabl>
<attrdef>Hainan: Total</attrdef>
</attr>
<attr>
<attrlabl>L703108</attrlabl>
<attrdef>Hainan: Township</attrdef>
</attr>
<attr>
<attrlabl>L703109</attrlabl>
<attrdef>Hainan: Neighborhood committee of the town</attrdef>
</attr>
<attr>
<attrlabl>L703110</attrlabl>
<attrdef>Hainan: Village Committee of The Town</attrdef>
</attr>
<attr>
<attrlabl>L703111</attrlabl>
<attrdef>Hainan: Street</attrdef>
</attr>
<attr>
<attrlabl>L703112</attrlabl>
<attrdef>Chongqing: Total</attrdef>
</attr>
<attr>
<attrlabl>L703113</attrlabl>
<attrdef>Chongqing: Township</attrdef>
</attr>
<attr>
<attrlabl>L703114</attrlabl>
<attrdef>Chongqing: Neighborhood committee of the town</attrdef>
</attr>
<attr>
<attrlabl>L703115</attrlabl>
<attrdef>Chongqing: Village Committee of The Town</attrdef>
</attr>
<attr>
<attrlabl>L703116</attrlabl>
<attrdef>Chongqing: Street</attrdef>
</attr>
<attr>
<attrlabl>L703117</attrlabl>
<attrdef>Sichuan: Total</attrdef>
</attr>
<attr>
<attrlabl>L703118</attrlabl>
<attrdef>Sichuan: Township</attrdef>
</attr>
<attr>
<attrlabl>L703119</attrlabl>
<attrdef>Sichuan: Neighborhood committee of the town</attrdef>
</attr>
<attr>
<attrlabl>L703120</attrlabl>
<attrdef>Sichuan: Village Committee of The Town</attrdef>
</attr>
<attr>
<attrlabl>L703121</attrlabl>
<attrdef>Sichuan: Street</attrdef>
</attr>
<attr>
<attrlabl>L703122</attrlabl>
<attrdef>Guizhou:Total</attrdef>
</attr>
<attr>
<attrlabl>L703123</attrlabl>
<attrdef>Guizhou:Township</attrdef>
</attr>
<attr>
<attrlabl>L703124</attrlabl>
<attrdef>Guizhou:Neighborhood committee of the town</attrdef>
</attr>
<attr>
<attrlabl>L703125</attrlabl>
<attrdef>Guizhou: Village Committee of The Town</attrdef>
</attr>
<attr>
<attrlabl>L703126</attrlabl>
<attrdef>Guizhou:Street</attrdef>
</attr>
<attr>
<attrlabl>L703127</attrlabl>
<attrdef>Yunnan: Total</attrdef>
</attr>
<attr>
<attrlabl>L703128</attrlabl>
<attrdef>Yunnan:Townshi</attrdef>
</attr>
<attr>
<attrlabl>L703129</attrlabl>
<attrdef>Yunnan: Neighborhood committee of the town</attrdef>
</attr>
<attr>
<attrlabl>L703130</attrlabl>
<attrdef>Yunnan: Village Committee of The Town</attrdef>
</attr>
<attr>
<attrlabl>L703131</attrlabl>
<attrdef>Yunnan: Street</attrdef>
</attr>
<attr>
<attrlabl>L703132</attrlabl>
<attrdef>Tibet: Total</attrdef>
</attr>
<attr>
<attrlabl>L703133</attrlabl>
<attrdef>Tibet: Township</attrdef>
</attr>
<attr>
<attrlabl>L703134</attrlabl>
<attrdef>Tibet: Neighborhood committee of the town</attrdef>
</attr>
<attr>
<attrlabl>L703135</attrlabl>
<attrdef>Tibet: Village Committee of The Town</attrdef>
</attr>
<attr>
<attrlabl>L703136</attrlabl>
<attrdef>Tibet: Street</attrdef>
</attr>
<attr>
<attrlabl>L703137</attrlabl>
<attrdef>Shaanxi: Total</attrdef>
</attr>
<attr>
<attrlabl>L703138</attrlabl>
<attrdef>Shaanxi: Township</attrdef>
</attr>
<attr>
<attrlabl>L703139</attrlabl>
<attrdef>Shaanxi: Neighborhood committee of the town</attrdef>
</attr>
<attr>
<attrlabl>L703140</attrlabl>
<attrdef>Shaanxi: Village Committee of The Town</attrdef>
</attr>
<attr>
<attrlabl>L703141</attrlabl>
<attrdef>Shaanxi: Street</attrdef>
</attr>
<attr>
<attrlabl>L703142</attrlabl>
<attrdef>Gansu: Total</attrdef>
</attr>
<attr>
<attrlabl>L703143</attrlabl>
<attrdef>Gansu: Township</attrdef>
</attr>
<attr>
<attrlabl>L703144</attrlabl>
<attrdef>Gansu: Neighborhood committee of the town</attrdef>
</attr>
<attr>
<attrlabl>L703145</attrlabl>
<attrdef>Gansu: Village Committee of The Town</attrdef>
</attr>
<attr>
<attrlabl>L703146</attrlabl>
<attrdef>Gansu: Street</attrdef>
</attr>
<attr>
<attrlabl>L703147</attrlabl>
<attrdef>Qinghai: Total</attrdef>
</attr>
<attr>
<attrlabl>L703148</attrlabl>
<attrdef>Qinghai: Township</attrdef>
</attr>
<attr>
<attrlabl>L703149</attrlabl>
<attrdef>Qinghai: Neighborhood committee of the town</attrdef>
</attr>
<attr>
<attrlabl>L703150</attrlabl>
<attrdef>Qinghai: Village Committee of The Town</attrdef>
</attr>
<attr>
<attrlabl>L703151</attrlabl>
<attrdef>Qinghai: Street</attrdef>
</attr>
<attr>
<attrlabl>L703152</attrlabl>
<attrdef>Ningxia:Total</attrdef>
</attr>
<attr>
<attrlabl>L703153</attrlabl>
<attrdef>Ningxia:Township</attrdef>
</attr>
<attr>
<attrlabl>L703154</attrlabl>
<attrdef>Ningxia:Neighborhood committee of the town</attrdef>
</attr>
<attr>
<attrlabl>L703155</attrlabl>
<attrdef>Ningxia: Village Committee of The Town</attrdef>
</attr>
<attr>
<attrlabl>L703156</attrlabl>
<attrdef>Ningxia:Street</attrdef>
</attr>
<attr>
<attrlabl>L703157</attrlabl>
<attrdef>Xinjiang:Total</attrdef>
</attr>
<attr>
<attrlabl>L703158</attrlabl>
<attrdef>Xinjiang:Township</attrdef>
</attr>
<attr>
<attrlabl>L703159</attrlabl>
<attrdef>Xinjiang:Neighborhood committee of the town</attrdef>
</attr>
<attr>
<attrlabl>L703160</attrlabl>
<attrdef>Xinjiang: Village Committee of The Town</attrdef>
</attr>
<attr>
<attrlabl>L703161</attrlabl>
<attrdef>Xinjiang:Street</attrdef>
</attr>
<attr>
<attrlabl>L703162</attrlabl>
<attrdef>Hong Kong, Macao and Taiwan or abroad</attrdef>
</attr>
<attr>
<attrlabl>L704001</attrlabl>
<attrdef>Total Person</attrdef>
</attr>
<attr>
<attrlabl>L704002</attrlabl>
<attrdef>Total Person Intraprovince</attrdef>
</attr>
<attr>
<attrlabl>L704003</attrlabl>
<attrdef>Interprovince: Sub-total</attrdef>
</attr>
<attr>
<attrlabl>L704004</attrlabl>
<attrdef>Interprovince: Beijing</attrdef>
</attr>
<attr>
<attrlabl>L704005</attrlabl>
<attrdef>Interprovince:Tianjin</attrdef>
</attr>
<attr>
<attrlabl>L704006</attrlabl>
<attrdef>Interprovince:Hebei</attrdef>
</attr>
<attr>
<attrlabl>L704007</attrlabl>
<attrdef>Interprovince:Shanxi</attrdef>
</attr>
<attr>
<attrlabl>L704008</attrlabl>
<attrdef>Interprovince:Inner Mongolia</attrdef>
</attr>
<attr>
<attrlabl>L704009</attrlabl>
<attrdef>Interprovince:Liaoning</attrdef>
</attr>
<attr>
<attrlabl>L704010</attrlabl>
<attrdef>Interprovince:Jilin</attrdef>
</attr>
<attr>
<attrlabl>L704011</attrlabl>
<attrdef>Interprovince:Heilongjiang</attrdef>
</attr>
<attr>
<attrlabl>L704012</attrlabl>
<attrdef>Interprovince:Shanghai</attrdef>
</attr>
<attr>
<attrlabl>L704013</attrlabl>
<attrdef>Interprovince:Jiangsu</attrdef>
</attr>
<attr>
<attrlabl>L704014</attrlabl>
<attrdef>Interprovince:Zhejiang</attrdef>
</attr>
<attr>
<attrlabl>L704015</attrlabl>
<attrdef>Interprovince:Anhui</attrdef>
</attr>
<attr>
<attrlabl>L704016</attrlabl>
<attrdef>Interprovince:Fujian</attrdef>
</attr>
<attr>
<attrlabl>L704017</attrlabl>
<attrdef>Interprovince:Jiangxi</attrdef>
</attr>
<attr>
<attrlabl>L704018</attrlabl>
<attrdef>Interprovince:Shandong</attrdef>
</attr>
<attr>
<attrlabl>L704019</attrlabl>
<attrdef>Interprovince:Henai</attrdef>
</attr>
<attr>
<attrlabl>L704020</attrlabl>
<attrdef>Interprovince:Hubei</attrdef>
</attr>
<attr>
<attrlabl>L704021</attrlabl>
<attrdef>Interprovince:Hunan</attrdef>
</attr>
<attr>
<attrlabl>L704022</attrlabl>
<attrdef>Interprovince:Guangdong</attrdef>
</attr>
<attr>
<attrlabl>L704023</attrlabl>
<attrdef>Interprovince:Guangxi</attrdef>
</attr>
<attr>
<attrlabl>L704024</attrlabl>
<attrdef>Interprovince:Hainan</attrdef>
</attr>
<attr>
<attrlabl>L704025</attrlabl>
<attrdef>Interprovince:Chongqing</attrdef>
</attr>
<attr>
<attrlabl>L704026</attrlabl>
<attrdef>Interprovince:Sichuan</attrdef>
</attr>
<attr>
<attrlabl>L704027</attrlabl>
<attrdef>Interprovince:Guizhou</attrdef>
</attr>
<attr>
<attrlabl>L704028</attrlabl>
<attrdef>Interprovince:Yunnan</attrdef>
</attr>
<attr>
<attrlabl>L704029</attrlabl>
<attrdef>Interprovince:Tibet</attrdef>
</attr>
<attr>
<attrlabl>L704030</attrlabl>
<attrdef>Interprovince:Shaanxi</attrdef>
</attr>
<attr>
<attrlabl>L704031</attrlabl>
<attrdef>Interprovince:Gansu</attrdef>
</attr>
<attr>
<attrlabl>L704032</attrlabl>
<attrdef>Interprovince:Qinghai</attrdef>
</attr>
<attr>
<attrlabl>L704033</attrlabl>
<attrdef>Interprovince:Qinghai</attrdef>
</attr>
<attr>
<attrlabl>L704034</attrlabl>
<attrdef>Interprovince:Xinjiang</attrdef>
</attr>
<attr>
<attrlabl>L704035</attrlabl>
<attrdef>Hong Kong, Macao and Taiwan or abroad</attrdef>
</attr>
<attr>
<attrlabl>L706A001</attrlabl>
<attrdef>Total Person (intraprovince)</attrdef>
</attr>
<attr>
<attrlabl>L706A002</attrlabl>
<attrdef>Total Person of Township (intraprovince)</attrdef>
</attr>
<attr>
<attrlabl>L706A003</attrlabl>
<attrdef>Total Person of neighborhood committee of the town (intraprovince)</attrdef>
</attr>
<attr>
<attrlabl>L706A004</attrlabl>
<attrdef>Total Person of Village Committee of the town (intraprovince)</attrdef>
</attr>
<attr>
<attrlabl>L706A005</attrlabl>
<attrdef>Total Person of Street (intraprovince)</attrdef>
</attr>
<attr>
<attrlabl>L706A006</attrlabl>
<attrdef>No Schooling:Total (intraprovince)</attrdef>
</attr>
<attr>
<attrlabl>L706A007</attrlabl>
<attrdef>No Schooling:Township (intraprovince)</attrdef>
</attr>
<attr>
<attrlabl>L706A008</attrlabl>
<attrdef>No Schooling: Neighborhood committee of the town (intraprovince)</attrdef>
</attr>
<attr>
<attrlabl>L706A009</attrlabl>
<attrdef>No Schooling: Village Committee of The Town (intraprovince)</attrdef>
</attr>
<attr>
<attrlabl>L706A010</attrlabl>
<attrdef>No Schooling: Street (intraprovince)</attrdef>
</attr>
<attr>
<attrlabl>L706A011</attrlabl>
<attrdef>Eliminate Illiteracy: Total (intraprovince)</attrdef>
</attr>
<attr>
<attrlabl>L706A012</attrlabl>
<attrdef>Eliminate Illiteracy: Township (intraprovince)</attrdef>
</attr>
<attr>
<attrlabl>L706A013</attrlabl>
<attrdef>Eliminate Illiteracy: Neighborhood committee of the town (intraprovince)</attrdef>
</attr>
<attr>
<attrlabl>L706A014</attrlabl>
<attrdef>Eliminate Illiteracy: Village Committee of The Town (intraprovince)</attrdef>
</attr>
<attr>
<attrlabl>L706A015</attrlabl>
<attrdef>Eliminate Illiteracy: Street (intraprovince)</attrdef>
</attr>
<attr>
<attrlabl>L706A016</attrlabl>
<attrdef>Primary School: Total (intraprovince)</attrdef>
</attr>
<attr>
<attrlabl>L706A017</attrlabl>
<attrdef>Primary School: Township (intraprovince)</attrdef>
</attr>
<attr>
<attrlabl>L706A018</attrlabl>
<attrdef>Primary School: Neighborhood committee of the town (intraprovince)</attrdef>
</attr>
<attr>
<attrlabl>L706A019</attrlabl>
<attrdef>Primary School: Village Committee of The Town (intraprovince)</attrdef>
</attr>
<attr>
<attrlabl>L706A020</attrlabl>
<attrdef>Primary School: Street (intraprovince)</attrdef>
</attr>
<attr>
<attrlabl>L706A021</attrlabl>
<attrdef>Junior Middle School: Total (intraprovince)</attrdef>
</attr>
<attr>
<attrlabl>L706A022</attrlabl>
<attrdef>Junior Middle School: Township (intraprovince)</attrdef>
</attr>
<attr>
<attrlabl>L706A023</attrlabl>
<attrdef>Junior Middle School: Neighborhood committee of the town (intraprovince)</attrdef>
</attr>
<attr>
<attrlabl>L706A024</attrlabl>
<attrdef>Junior Middle School: Village Committee of The Town (intraprovince)</attrdef>
</attr>
<attr>
<attrlabl>L706A025</attrlabl>
<attrdef>Junior Middle School: Street (intraprovince)</attrdef>
</attr>
<attr>
<attrlabl>L706A026</attrlabl>
<attrdef>Senior Middle School: Total (intraprovince)</attrdef>
</attr>
<attr>
<attrlabl>L706A027</attrlabl>
<attrdef>Senior Middle School: Township (intraprovince)</attrdef>
</attr>
<attr>
<attrlabl>L706A028</attrlabl>
<attrdef>Senior Middle School: Neighborhood committee of the town (intraprovince)</attrdef>
</attr>
<attr>
<attrlabl>L706A029</attrlabl>
<attrdef>Senior Middle School: Village Committee of The Town (intraprovince)</attrdef>
</attr>
<attr>
<attrlabl>L706A030</attrlabl>
<attrdef>Senior Middle School: Street (intraprovince)</attrdef>
</attr>
<attr>
<attrlabl>L706A031</attrlabl>
<attrdef>Specialized secondary school: Total (intraprovince)</attrdef>
</attr>
<attr>
<attrlabl>L706A032</attrlabl>
<attrdef>Specialized secondary school: Township (intraprovince)</attrdef>
</attr>
<attr>
<attrlabl>L706A033</attrlabl>
<attrdef>Specialized secondary school: Neighborhood committee of the town (intraprovince)</attrdef>
</attr>
<attr>
<attrlabl>L706A034</attrlabl>
<attrdef>Specialized secondary school: Village Committee of The Town (intraprovince)</attrdef>
</attr>
<attr>
<attrlabl>L706A035</attrlabl>
<attrdef>Specialized secondary school: Street (intraprovince)</attrdef>
</attr>
<attr>
<attrlabl>L706A036</attrlabl>
<attrdef>Junior College: Total (intraprovince)</attrdef>
</attr>
<attr>
<attrlabl>L706A037</attrlabl>
<attrdef>Junior College: Township (intraprovince)</attrdef>
</attr>
<attr>
<attrlabl>L706A038</attrlabl>
<attrdef>Junior College: Neighborhood committee of the town (intraprovince)</attrdef>
</attr>
<attr>
<attrlabl>L706A039</attrlabl>
<attrdef>Junior College: Village Committee of The Town (intraprovince)</attrdef>
</attr>
<attr>
<attrlabl>L706A040</attrlabl>
<attrdef>Junior College: Street (intraprovince)</attrdef>
</attr>
<attr>
<attrlabl>L706A041</attrlabl>
<attrdef>University: Total (intraprovince)</attrdef>
</attr>
<attr>
<attrlabl>L706A042</attrlabl>
<attrdefs>University: Township (intraprovince)</attrdefs>
</attr>
<attr>
<attrlabl>L706A043</attrlabl>
<attrdef>University: Neighborhood committee of the town (intraprovince)</attrdef>
</attr>
<attr>
<attrlabl>L706A044</attrlabl>
<attrdef>University: Village Committee of The Town (intraprovince)</attrdef>
</attr>
<attr>
<attrlabl>L706A045</attrlabl>
<attrdef>University: Street (intraprovince)</attrdef>
</attr>
<attr>
<attrlabl>L706A046</attrlabl>
<attrdef>Graduate Student: Total (intraprovince</attrdef>
</attr>
<attr>
<attrlabl>L706A047</attrlabl>
<attrdef>Graduate Student: Township (intraprovince)</attrdef>
</attr>
<attr>
<attrlabl>L706A048</attrlabl>
<attrdef>Graduate Student: Neighborhood committee of the town (intraprovince)</attrdef>
</attr>
<attr>
<attrlabl>L706A049</attrlabl>
<attrdef>Graduate Student: Village Committee of The Town (intraprovince)</attrdef>
</attr>
<attr>
<attrlabl>L706A050</attrlabl>
<attrdef>Graduate Student: Street (intraprovince)</attrdef>
</attr>
<attr>
<attrlabl>L706B001</attrlabl>
<attrdef>Total Person (interprovince)</attrdef>
</attr>
<attr>
<attrlabl>L706B002</attrlabl>
<attrdef>Total Person of Township (interprovince)</attrdef>
</attr>
<attr>
<attrlabl>L706B003</attrlabl>
<attrdef>Total Person of Neighborhood committee of the town (interprovince)</attrdef>
</attr>
<attr>
<attrlabl>L706B004</attrlabl>
<attrdef>Total Person of Village Committee of the town (interprovince)</attrdef>
</attr>
<attr>
<attrlabl>L706B005</attrlabl>
<attrdef>Total Person of Street (interprovince)</attrdef>
</attr>
<attr>
<attrlabl>L706B006</attrlabl>
<attrdef>No Schooling: Total (interprovince)</attrdef>
</attr>
<attr>
<attrlabl>L706B007</attrlabl>
<attrdef>No Schooling: Township (interprovince)</attrdef>
</attr>
<attr>
<attrlabl>L706B008</attrlabl>
<attrdef>No Schooling: Neighborhood committee of the town (interprovince)</attrdef>
</attr>
<attr>
<attrlabl>L706B009</attrlabl>
<attrdef>No Schooling: Village Committee of The Town (interprovince)</attrdef>
</attr>
<attr>
<attrlabl>L706B010</attrlabl>
<attrdef>No Schooling: Street (interprovince)</attrdef>
</attr>
<attr>
<attrlabl>L706B011</attrlabl>
<attrdef>Eliminate Illiteracy: Total (interprovince)</attrdef>
</attr>
<attr>
<attrlabl>L706B012</attrlabl>
<attrdef>Eliminate Illiteracy: Township (interprovince)</attrdef>
</attr>
<attr>
<attrlabl>L706B013</attrlabl>
<attrdef>Eliminate Illiteracy: Neighborhood committee of the town (interprovince)</attrdef>
</attr>
<attr>
<attrlabl>L706B014</attrlabl>
<attrdef>Eliminate Illiteracy: Village Committee of The Town (interprovince)</attrdef>
</attr>
<attr>
<attrlabl>L706B015</attrlabl>
<attrdef>Eliminate Illiteracy: Street (interprovince)</attrdef>
</attr>
<attr>
<attrlabl>L706B016</attrlabl>
<attrdef>Primary School: Total (interprovince)</attrdef>
</attr>
<attr>
<attrlabl>L706B017</attrlabl>
<attrdef>Primary School: Township (interprovince)</attrdef>
</attr>
<attr>
<attrlabl>L706B018</attrlabl>
<attrdef>Primary School: Neighborhood committee of the town (interprovince)</attrdef>
</attr>
<attr>
<attrlabl>L706B019</attrlabl>
<attrdef>Primary School: Village Committee of The Town (interprovince)</attrdef>
</attr>
<attr>
<attrlabl>L706B020</attrlabl>
<attrdef>Primary School: Street (interprovince)</attrdef>
</attr>
<attr>
<attrlabl>L706B021</attrlabl>
<attrdef>Junior Middle School: Total (interprovince)</attrdef>
</attr>
<attr>
<attrlabl>L706B022</attrlabl>
<attrdef>Junior Middle School: Township (interprovince)</attrdef>
</attr>
<attr>
<attrlabl>L706B023</attrlabl>
<attrdef>Junior Middle School: Neighborhood committee of the town (interprovince)</attrdef>
</attr>
<attr>
<attrlabl>L706B024</attrlabl>
<attrdef>Junior Middle School: Village Committee of The Town (interprovince)</attrdef>
</attr>
<attr>
<attrlabl>L706B025</attrlabl>
<attrdef>Junior Middle School: Street (interprovince)</attrdef>
</attr>
<attr>
<attrlabl>L706B026</attrlabl>
<attrdef>Senior Middle School: Total (interprovince)</attrdef>
</attr>
<attr>
<attrlabl>L706B027</attrlabl>
<attrdef>Senior Middle School: Township (interprovince</attrdef>
</attr>
<attr>
<attrlabl>L706B028</attrlabl>
<attrdef>Senior Middle School: Neighborhood committee of the town (interprovince)</attrdef>
</attr>
<attr>
<attrlabl>L706B029</attrlabl>
<attrdef>Senior Middle School: Village Committee of The Town (interprovince)</attrdef>
</attr>
<attr>
<attrlabl>L706B030</attrlabl>
<attrdef>Senior Middle School: Street (interprovince)</attrdef>
</attr>
<attr>
<attrlabl>L706B031</attrlabl>
<attrdef>Specialized secondary school: Total (interprovince</attrdef>
</attr>
<attr>
<attrlabl>L706B032</attrlabl>
<attrdef>Specialized secondary school: Township (interprovince)</attrdef>
</attr>
<attr>
<attrlabl>L706B033</attrlabl>
<attrdef>Specialized secondary school: Neighborhood committee of the town (interprovince)</attrdef>
</attr>
<attr>
<attrlabl>L706B034</attrlabl>
<attrdef>Specialized secondary school: Village Committee of The Town (interprovince)</attrdef>
</attr>
<attr>
<attrlabl>L706B035</attrlabl>
<attrdef>Specialized secondary school: Street (interprovince)</attrdef>
</attr>
<attr>
<attrlabl>L706B036</attrlabl>
<attrdef>Junior College: Total (interprovince)</attrdef>
</attr>
<attr>
<attrlabl>L706B037</attrlabl>
<attrdef>Junior College: Township (interprovince)</attrdef>
</attr>
<attr>
<attrlabl>L706B038</attrlabl>
<attrdef>Junior College: Neighborhood committee of the town (interprovince)</attrdef>
</attr>
<attr>
<attrlabl>L706B039</attrlabl>
<attrdef>Junior College: Village Committee of The Town (interprovince)</attrdef>
</attr>
<attr>
<attrlabl>L706B040</attrlabl>
<attrdef>Junior College: Street (interprovince)</attrdef>
</attr>
<attr>
<attrlabl>L706B041</attrlabl>
<attrdef>University: Total (interprovince)</attrdef>
</attr>
<attr>
<attrlabl>L706B042</attrlabl>
<attrdef>University: Township (interprovince)</attrdef>
</attr>
<attr>
<attrlabl>L706B043</attrlabl>
<attrdef>University: Neighborhood committee of the town (interprovince)</attrdef>
</attr>
<attr>
<attrlabl>L706B044</attrlabl>
<attrdef>University: Village Committee of The Town (interprovince)</attrdef>
</attr>
<attr>
<attrlabl>L706B045</attrlabl>
<attrdef>University: Street (interprovince)</attrdef>
</attr>
<attr>
<attrlabl>L706B046</attrlabl>
<attrdef>Graduate Student: Total (interprovince)</attrdef>
</attr>
<attr>
<attrlabl>L706B047</attrlabl>
<attrdef>Graduate Student: Township (interprovince)</attrdef>
</attr>
<attr>
<attrlabl>L706B048</attrlabl>
<attrdef>Graduate Student: Neighborhood committee of the town (interprovince)</attrdef>
</attr>
<attr>
<attrlabl>L706B049</attrlabl>
<attrdef>Graduate Student: Village Committee of The Town (interprovince)</attrdef>
</attr>
<attr>
<attrlabl>L706B050</attrlabl>
<attrdef>Graduate Student: Street (interprovince)</attrdef>
</attr>
<attr>
<attrlabl>L707A001</attrlabl>
<attrdef>Total Person (intraprovince)</attrdef>
</attr>
<attr>
<attrlabl>L707A002</attrlabl>
<attrdef>Total Male (intraprovince)</attrdef>
</attr>
<attr>
<attrlabl>L707A003</attrlabl>
<attrdef>Total Female (intraprovince)</attrdef>
</attr>
<attr>
<attrlabl>L707A004</attrlabl>
<attrdef>Sub-total Administrator/Manager (intraprovince)</attrdef>
</attr>
<attr>
<attrlabl>L707A005</attrlabl>
<attrdef>Sub-total Male Administrator/Manager (intraprovince)</attrdef>
</attr>
<attr>
<attrlabl>L707A006</attrlabl>
<attrdef>Sub-total Female Administrator/Manager (intraprovince)</attrdef>
</attr>
<attr>
<attrlabl>L707A007</attrlabl>
<attrdef>Sub-total Professional/Technical (intraprovince)</attrdef>
</attr>
<attr>
<attrlabl>L707A008</attrlabl>
<attrdef>Sub-total Male Professional/Technical (intraprovince)</attrdef>
</attr>
<attr>
<attrlabl>L707A009</attrlabl>
<attrdef>Sub-total Female Professional/Technical (intraprovince)</attrdef>
</attr>
<attr>
<attrlabl>L707A010</attrlabl>
<attrdef>Sub-total Clerical &amp; Related Workers (intraprovince)</attrdef>
</attr>
<attr>
<attrlabl>L707A011</attrlabl>
<attrdef>Sub-total Male Clerical &amp; Related Workers (intraprovince)</attrdef>
</attr>
<attr>
<attrlabl>L707A012</attrlabl>
<attrdef>Sub-total Female Clerical &amp; Related Workers (intraprovince)</attrdef>
</attr>
<attr>
<attrlabl>L707A013</attrlabl>
<attrdef>Sub-total Sales &amp; Service Workers (intraprovince)</attrdef>
</attr>
<attr>
<attrlabl>L707A014</attrlabl>
<attrdef>Sub-total Male Sales &amp; Service Workers (intraprovince)</attrdef>
</attr>
<attr>
<attrlabl>L707A015</attrlabl>
<attrdef>Sub-total Female Sales &amp; Service Workers (intraprovince)</attrdef>
</attr>
<attr>
<attrlabl>L707A016</attrlabl>
<attrdef>Sub-total Agriculture &amp; Related Workers (intraprovince)</attrdef>
</attr>
<attr>
<attrlabl>L707A017</attrlabl>
<attrdef>Sub-total Male Agriculture &amp; Related Workers (intraprovince)</attrdef>
</attr>
<attr>
<attrlabl>L707A018</attrlabl>
<attrdef>Sub-total Female Agriculture &amp; Related Workers (intraprovince)</attrdef>
</attr>
<attr>
<attrlabl>L707A019</attrlabl>
<attrdef>Sub-total Production &amp; Related Workers (intraprovince)</attrdef>
</attr>
<attr>
<attrlabl>L707A020</attrlabl>
<attrdef>Sub-total Male Production &amp; Related Workers (intraprovince)</attrdef>
</attr>
<attr>
<attrlabl>L707A021</attrlabl>
<attrdef>Sub-total Female Production &amp; Related Workers (intraprovince)</attrdef>
</attr>
<attr>
<attrlabl>L707A022</attrlabl>
<attrdef>Sub-total Not Stated (intraprovince)</attrdef>
</attr>
<attr>
<attrlabl>L707A023</attrlabl>
<attrdef>Sub-total Male Not Stated (intraprovince)</attrdef>
</attr>
<attr>
<attrlabl>L707A024</attrlabl>
<attrdef>Sub-total Female Not Stated (intraprovince)</attrdef>
</attr>
<attr>
<attrlabl>L707B001</attrlabl>
<attrdef>Total Person (interprovince)</attrdef>
</attr>
<attr>
<attrlabl>L707B002</attrlabl>
<attrdef>Total Male (interprovince)</attrdef>
</attr>
<attr>
<attrlabl>L707B003</attrlabl>
<attrdef>Total Female (interprovince)</attrdef>
</attr>
<attr>
<attrlabl>L707B004</attrlabl>
<attrdef>Sub-total Administrator/Manager (interprovince)</attrdef>
</attr>
<attr>
<attrlabl>L707B005</attrlabl>
<attrdef>Sub-total Administrator/Manager (interprovince)</attrdef>
</attr>
<attr>
<attrlabl>L707B006</attrlabl>
<attrdef>Sub-total Female Administrator/Manager (interprovince)</attrdef>
</attr>
<attr>
<attrlabl>L707B007</attrlabl>
<attrdef>Sub-total Professional/Technical (interprovince)</attrdef>
</attr>
<attr>
<attrlabl>L707B008</attrlabl>
<attrdef>Sub-total Male Professional/Technical (interprovince)</attrdef>
</attr>
<attr>
<attrlabl>L707B009</attrlabl>
<attrdef>Sub-total Female Professional/Technical (interprovince)</attrdef>
</attr>
<attr>
<attrlabl>L707B010</attrlabl>
<attrdef>Sub-total Clerical &amp; Related Workers (interprovince)</attrdef>
</attr>
<attr>
<attrlabl>L707B011</attrlabl>
<attrdef>Sub-total Male Clerical &amp; Related Workers (interprovince)</attrdef>
</attr>
<attr>
<attrlabl>L707B012</attrlabl>
<attrdef>Sub-total Female Clerical &amp; Related Workers (interprovince)</attrdef>
</attr>
<attr>
<attrlabl>L707B013</attrlabl>
<attrdef>Sub-total Sales &amp; Service Workers (interprovince)</attrdef>
</attr>
<attr>
<attrlabl>L707B014</attrlabl>
<attrdef>Sub-total Male Sales &amp; Service Workers (interprovince)</attrdef>
</attr>
<attr>
<attrlabl>L707B015</attrlabl>
<attrdef>Sub-total Female Sales &amp; Service Workers (interprovince)</attrdef>
</attr>
<attr>
<attrlabl>L707B016</attrlabl>
<attrdef>Sub-total Agriculture &amp; Related Workers (interprovince)</attrdef>
</attr>
<attr>
<attrlabl>L707B017</attrlabl>
<attrdef>Sub-total Male Agriculture &amp; Related Workers (interprovince)</attrdef>
</attr>
<attr>
<attrlabl>L707B018</attrlabl>
<attrdef>Sub-total Female Agriculture &amp; Related Workers (interprovince)</attrdef>
</attr>
<attr>
<attrlabl>L707B019</attrlabl>
<attrdef>Sub-total Production &amp; Related Workers (interprovince)</attrdef>
</attr>
<attr>
<attrlabl>L707B020</attrlabl>
<attrdef>Sub-total Male Production &amp; Related Workers (interprovince)</attrdef>
</attr>
<attr>
<attrlabl>L707B021</attrlabl>
<attrdef>Sub-total Female Production &amp; Related Workers (interprovince)</attrdef>
</attr>
<attr>
<attrlabl>L707B022</attrlabl>
<attrdef>Sub-total Not Stated (interprovince)</attrdef>
</attr>
<attr>
<attrlabl>L707B023</attrlabl>
<attrdef>Sub-total Male Not Stated (interprovince)</attrdef>
</attr>
<attr>
<attrlabl>L707B024</attrlabl>
<attrdef>Sub-total Female Not Stated (interprovince)</attrdef>
</attr>
<attr>
<attrlabl>L708001</attrlabl>
<attrdef>Total Person</attrdef>
</attr>
<attr>
<attrlabl>L708002</attrlabl>
<attrdef>Sub-total Person With 1st Birth</attrdef>
</attr>
<attr>
<attrlabl>L708003</attrlabl>
<attrdef>Sub-total Person With 2nd Birth</attrdef>
</attr>
<attr>
<attrlabl>L708004</attrlabl>
<attrdef>Sub-total Person With 3rd Birth &amp; Over</attrdef>
</attr>
<attr>
<attrlabl>L708005</attrlabl>
<attrdef>Sub-total Person in Intraprovince</attrdef>
</attr>
<attr>
<attrlabl>L708006</attrlabl>
<attrdef>Sub-total Person in Intraprovince With 1st Birth</attrdef>
</attr>
<attr>
<attrlabl>L708007</attrlabl>
<attrdef>Sub-total Person in Intraprovince With 2nd Birth</attrdef>
</attr>
<attr>
<attrlabl>L708008</attrlabl>
<attrdef>Sub-total Person in Intraprovince With 3rd Birth &amp; Over</attrdef>
</attr>
<attr>
<attrlabl>L708009</attrlabl>
<attrdef>Sub-total Person in Interprovince</attrdef>
</attr>
<attr>
<attrlabl>L708010</attrlabl>
<attrdef>Sub-total Person in Interprovince With 1st Birth</attrdef>
</attr>
<attr>
<attrlabl>L708011</attrlabl>
<attrdef>Sub-total Person in Interprovince With 2nd Birth</attrdef>
</attr>
<attr>
<attrlabl>L708012</attrlabl>
<attrdef>Sub-total Person in Interprovince With 3rd Birth &amp; Over</attrdef>
</attr>
<attr>
<attrlabl>L801001</attrlabl>
<attrdef>Total No. of Households</attrdef>
</attr>
<attr>
<attrlabl>L801002</attrlabl>
<attrdef>No. of Households that live uses the house</attrdef>
</attr>
<attr>
<attrlabl>L801003</attrlabl>
<attrdef>No. of Households that Production and Management User concurrently</attrdef>
</attr>
<attr>
<attrlabl>L801004</attrlabl>
<attrdef>No. of Households With other Household Sharing house</attrdef>
</attr>
<attr>
<attrlabl>L801005</attrlabl>
<attrdef>No. of Households Without Other Household Sharing house</attrdef>
</attr>
<attr>
<attrlabl>L801006</attrlabl>
<attrdef>No. of Households With Bungalow</attrdef>
</attr>
<attr>
<attrlabl>L801007</attrlabl>
<attrdef>No. of Households With Storied building under 6 stories</attrdef>
</attr>
<attr>
<attrlabl>L801008</attrlabl>
<attrdef>No. of Households With Storied building under 7 stories</attrdef>
</attr>
<attr>
<attrlabl>L801009</attrlabl>
<attrdef>No. of Households of Reinforced Concrete</attrdef>
</attr>
<attr>
<attrlabl>L801010</attrlabl>
<attrdef>No. of Households of Brick, Stone</attrdef>
</attr>
<attr>
<attrlabl>L801011</attrlabl>
<attrdef>No. of Households of Timber, Bamboo, Grass</attrdef>
</attr>
<attr>
<attrlabl>L801012</attrlabl>
<attrdef>No. of Households of Other Outer Wall Body Material of the House</attrdef>
</attr>
<attr>
<attrlabl>L802001</attrlabl>
<attrdef>Total No. of Household</attrdef>
</attr>
<attr>
<attrlabl>L802002</attrlabl>
<attrdef>Total No. of Room</attrdef>
</attr>
<attr>
<attrlabl>L802003</attrlabl>
<attrdef>Total No. of Floor Space</attrdef>
</attr>
<attr>
<attrlabl>L802004</attrlabl>
<attrdef>No. of Household: Before 1949</attrdef>
</attr>
<attr>
<attrlabl>L802005</attrlabl>
<attrdef>No. of Room: Before 1949</attrdef>
</attr>
<attr>
<attrlabl>L802006</attrlabl>
<attrdef>No. of Floor Space: Before 1949</attrdef>
</attr>
<attr>
<attrlabl>L802007</attrlabl>
<attrdef>No. of Household:1950-1959</attrdef>
</attr>
<attr>
<attrlabl>L802008</attrlabl>
<attrdef>No. of Room:1950-1959</attrdef>
</attr>
<attr>
<attrlabl>L802009</attrlabl>
<attrdef>No. of Floor Space:1950-1959</attrdef>
</attr>
<attr>
<attrlabl>L802010</attrlabl>
<attrdef>No. of Household:1960-1969</attrdef>
</attr>
<attr>
<attrlabl>L802011</attrlabl>
<attrdef>No. of Room:1960-1969</attrdef>
</attr>
<attr>
<attrlabl>L802012</attrlabl>
<attrdef>No. of Floor Space:1960-1969</attrdef>
</attr>
<attr>
<attrlabl>L802013</attrlabl>
<attrdef>No. of Household:1970-1979</attrdef>
</attr>
<attr>
<attrlabl>L802014</attrlabl>
<attrdef>No. of Room:1970-1979</attrdef>
</attr>
<attr>
<attrlabl>L802015</attrlabl>
<attrdef>No. of Floor Space:1970-1979</attrdef>
</attr>
<attr>
<attrlabl>L802016</attrlabl>
<attrdef>No. of Household:1980-1989</attrdef>
</attr>
<attr>
<attrlabl>L802017</attrlabl>
<attrdef>No. of Room:1980-1989</attrdef>
</attr>
<attr>
<attrlabl>L802018</attrlabl>
<attrdef>No. of Floor Space:1980-1989</attrdef>
</attr>
<attr>
<attrlabl>L802019</attrlabl>
<attrdef>No. of Household:1990-2000</attrdef>
</attr>
<attr>
<attrlabl>L802020</attrlabl>
<attrdef>No. of Room:1990-2000</attrdef>
</attr>
<attr>
<attrlabl>L802021</attrlabl>
<attrdef>No. of Floor Space:1990-2000</attrdef>
</attr>
<attr>
<attrlabl>L803001</attrlabl>
<attrdef>Number of H</attrdef>
</attr>
<attr>
<attrlabl>L803002</attrlabl>
<attrdef>Number of H :Using Kitchen By Oneself</attrdef>
</attr>
<attr>
<attrlabl>L803003</attrlabl>
<attrdef>Number of H :Pubic Kitchen</attrdef>
</attr>
<attr>
<attrlabl>L803004</attrlabl>
<attrdef>Number of H :No Kitchen</attrdef>
</attr>
<attr>
<attrlabl>L803005</attrlabl>
<attrdef>Number of H of Main Cooking Fuel: Gas</attrdef>
</attr>
<attr>
<attrlabl>L803006</attrlabl>
<attrdef>Number of H of Main Cooking Fuel: Electricity</attrdef>
</attr>
<attr>
<attrlabl>L803007</attrlabl>
<attrdef>Number of H of Main Cooking Fuel: Coal</attrdef>
</attr>
<attr>
<attrlabl>L803008</attrlabl>
<attrdef>Number of H of Main Cooking Fuel: Firewood</attrdef>
</attr>
<attr>
<attrlabl>L803009</attrlabl>
<attrdef>Number of H of Main Cooking Fuel: Other</attrdef>
</attr>
<attr>
<attrlabl>L803010</attrlabl>
<attrdef>Number of H :Using Tap Water</attrdef>
</attr>
<attr>
<attrlabl>L803011</attrlabl>
<attrdef>Number of H :No Tap Water</attrdef>
</attr>
<attr>
<attrlabl>L803012</attrlabl>
<attrdef>Number of H :Centralized Support the Hot Water</attrdef>
</attr>
<attr>
<attrlabl>L803013</attrlabl>
<attrdef>Number of H :the family installs the water H eater by oneself</attrdef>
</attr>
<attr>
<attrlabl>L803014</attrlabl>
<attrdef>Number of H :Other Facility for Bath</attrdef>
</attr>
<attr>
<attrlabl>L803015</attrlabl>
<attrdef>Number of H :No Facility for Bath</attrdef>
</attr>
<attr>
<attrlabl>L803016</attrlabl>
<attrdef>Number of H :Use the Drawing Water Type Lavatory Independently</attrdef>
</attr>
<attr>
<attrlabl>L803017</attrlabl>
<attrdef>Number of H :Sharing the Drawing Water Type Lavatory With the Neighbors</attrdef>
</attr>
<attr>
<attrlabl>L803018</attrlabl>
<attrdef>Number of H :Use Other Type Lavatory Independently</attrdef>
</attr>
<attr>
<attrlabl>L803019</attrlabl>
<attrdef>Number of H :Sharing Other Type Lavatory With the Neighbors</attrdef>
</attr>
<attr>
<attrlabl>L803020</attrlabl>
<attrdef>Number of H :No Lavatory</attrdef>
</attr>
<attr>
<attrlabl>L804001</attrlabl>
<attrdef>No. of Family households :Total</attrdef>
</attr>
<attr>
<attrlabl>L804002</attrlabl>
<attrdef>No. of Family households :Self-built House</attrdef>
</attr>
<attr>
<attrlabl>L804003</attrlabl>
<attrdef>No. of Family households :Buy the Commodity Apartment</attrdef>
</attr>
<attr>
<attrlabl>L804004</attrlabl>
<attrdef>No. of Family households :Buy the Economic and Functional House</attrdef>
</attr>
<attr>
<attrlabl>L804005</attrlabl>
<attrdef>No. of Family households :Buy the Original Publicly-owned House</attrdef>
</attr>
<attr>
<attrlabl>L804006</attrlabl>
<attrdef>No. of Family households :Rent the Publicly-owned House</attrdef>
</attr>
<attr>
<attrlabl>L804007</attrlabl>
<attrdef>No. of Family households :Rent the Commodity Apartment</attrdef>
</attr>
<attr>
<attrlabl>L804008</attrlabl>
<attrdef>No. of Family households :Other</attrdef>
</attr>
<attr>
<attrlabl>L805001</attrlabl>
<attrdef>No. of Family households: Total</attrdef>
</attr>
<attr>
<attrlabl>L805002</attrlabl>
<attrdef>No. of Family households: Under 10,000 Yuan</attrdef>
</attr>
<attr>
<attrlabl>L805003</attrlabl>
<attrdef>No. of Family households:10,000-20,000 Yuan</attrdef>
</attr>
<attr>
<attrlabl>L805004</attrlabl>
<attrdef>No. of Family households:20,000-30,000 Yuan</attrdef>
</attr>
<attr>
<attrlabl>L805005</attrlabl>
<attrdef>No. of Family households:30,000-50,000 Yuan</attrdef>
</attr>
<attr>
<attrlabl>L805006</attrlabl>
<attrdef>No. of Family households:50,000-100,000 Yuan</attrdef>
</attr>
<attr>
<attrlabl>L805007</attrlabl>
<attrdef>No. of Family households:100,000-200,000 Yuan</attrdef>
</attr>
<attr>
<attrlabl>L805008</attrlabl>
<attrdef>No. of Family households:200,000-300,000 Yuan</attrdef>
</attr>
<attr>
<attrlabl>L805009</attrlabl>
<attrdef>No. of Family households:300,000-500,000 Yuan</attrdef>
</attr>
<attr>
<attrlabl>L805010</attrlabl>
<attrdef>No. of Family households:500,000 Yuan and Over</attrdef>
</attr>
<attr>
<attrlabl>L806001</attrlabl>
<attrdef>No. of Family households: Total</attrdef>
</attr>
<attr>
<attrlabl>L806002</attrlabl>
<attrdef>No. of Family households: Under 20 Yuan</attrdef>
</attr>
<attr>
<attrlabl>L806003</attrlabl>
<attrdef>No. of Family households:20-50 Yuan</attrdef>
</attr>
<attr>
<attrlabl>L806004</attrlabl>
<attrdef>No. of Family households:50-100 Yuan</attrdef>
</attr>
<attr>
<attrlabl>L806005</attrlabl>
<attrdef>No. of Family households:100-200 Yuan</attrdef>
</attr>
<attr>
<attrlabl>L806006</attrlabl>
<attrdef>No. of Family households:200-500 Yuan</attrdef>
</attr>
<attr>
<attrlabl>L806007</attrlabl>
<attrdef>No. of Family households:500-1000 Yuan</attrdef>
</attr>
<attr>
<attrlabl>L806008</attrlabl>
<attrdef>No. of Family households:1000-1500 Yuan</attrdef>
</attr>
<attr>
<attrlabl>L806009</attrlabl>
<attrdef>No. of Family households:1500-2000 Yuan</attrdef>
</attr>
<attr>
<attrlabl>L806010</attrlabl>
<attrdef>No. of Family households:2000 Yuan and Over</attrdef>
</attr>
</detailed>
</eainfo>
<distinfo>
<distrib>
<cntinfo>
<cntorgp>
<cntorg>China Data Center - University of Michigan</cntorg>
</cntorgp>
<cntaddr>
<addrtype>mailing and physical address</addrtype>
<address>1007 E Huron St</address>
<city>Ann Arbor</city>
<state>MI</state>
<postal>48104</postal>
</cntaddr>
<cntvoice>(734) 647-9610</cntvoice>
<cntfax>(734) 763-0335</cntfax>
<cntemail>chinadata@umich.edu</cntemail>
</cntinfo>
</distrib>
<resdesc>cdc_census2000_qinghaitownshipl2</resdesc>
<stdorder>
<digform>
<digtinfo>
<formname>Shapefile</formname>
</digtinfo>
</digform>
</stdorder>
</distinfo>
<metainfo>
<metd>20090212</metd>
<metc>
<cntinfo>
<cntorgp>
<cntorg>Research Data Services (RDS), Columbia University Libraries</cntorg>
<cntper>GIS/Metadata Librarian</cntper>
</cntorgp>
<cntaddr>
<addrtype>mailing and physical address</addrtype>
<address>420 W. 118th St., 215 IAB, MC 3301</address>
<city>New York</city>
<state>NY</state>
<postal>10027</postal>
<country>USA</country>
</cntaddr>
<cntvoice>(212)854-6012</cntvoice>
<cntemail>data@library.columbia.edu</cntemail>
</cntinfo>
</metc>
<metstdn>FGDC Content Standards for Digital Geospatial Metadata</metstdn>
<metstdv>FGDC-STD-001-1998</metstdv>
<mettc>local time</mettc>
</metainfo>
</metadata>
