<?xml version="1.0" encoding="ISO-8859-1"?><metadata>
<idinfo>
<citation>
<citeinfo>
<origin>University of Michigan. China Data Center.</origin>
<origin>Beijing Hua tong ren shi chang xin xi you xian ze ren gong si</origin>
<pubdate>2005</pubdate>
<title>Hunan Provincial Capital Location and Census Data, 2000</title>
<geoform>vector digital data</geoform>
<pubinfo>
<pubplace>Beijing</pubplace>
<publish>All China Marketing Research Co.</publish>
</pubinfo>
</citeinfo>
</citation>
<descript>
<abstract>REMOTE DOWNLOAD NOT AVAILABLE - please contact data@library.columbia.edu for access. Hunan Provincial Capital Location and Census Data, 2000 is a point theme representing the capital of Hunan province in China in 2000.  Attribute information includes population variables from the China 2000 census. 

This data layer is part of the China 2000 Township Census data set produced by the All China Marketing Research Co. and distributed by the University of Michigan, China Data Center.</abstract>
<purpose>The data set was developed for display and analysis using GIS.</purpose>
<supplinf>Notes on China 2000 Population Census Data:
In order to guide you to use the data correctly, provide you some explanations as follows: 
(l) Census time: 0:00AM of November 1, 2000 as the reference time for the census. 
(2) The 2000 population census covered all persons who hold the nationality of, and have permanent residing place in the People's Republic of China. During the census, each person was enumerated in his/her permanent residing place. 
The following persons should be enumerated in their permanent residing place: a) Those who reside in the townships, towns and street communities and have their permanent household registration there. b) Those who have resided in the townships, towns and street communities for more than 6 months but the places of their permanent household registration are elsewhere. c) Those who have resided in the townships, towns and street communities for less than 6 months but have been away from the place of their permanent household registration for more than 6 months. d) Those who live in the townships, towns and street communities during the population census while the places of their household registration have not yet settled. e) Those who used to live in the townships, towns and street communities but are working or studying abroad during the census and have no Permanent household registration for the time being. 
(3) Two types of questionnaires (long form and short form) were used for the 2000 population census. The short form contains items that reflect the basic situation of the population, while the long form include all short form items plus other items such as migration, education, economic activities, marriage and family, fertility , housing , etc. . According to the Statute for the Fifth National Population Census and the Procedures for the Selection of Samples for the Long Forms, households selected by a random sampling program completed the long forms, and the rest of the households completed the short forms. 
(4) The data table consists of three parts. The first part (variables A1-A97 and A154-A156) contains data aggregated from all households data (i. e. common items in both long and short forms) that reflects the basic situation of population. The second part (variables A98-A153 and A157-A169) contains data aggregated from the long forms from the 9.5% sample data, which present various detailed compositions of the population. The third part (variables B1-31) contains socioeconomic variables reported by the National Bureau of Statistics in annual statistics. Please note that there might be some difference between the county population aggregated from the 2000 population Census data and the one reported by government, which is derived from household registration and sample survey data. 
(5) Results in this publication are based on the processing of data directly from enumeration without any adjustment. It is therefore worthwhile to notice the following: 
    a. Data in the publication do not include population not enumerated in the census.  
    b. Data in the publication do not include the 2.5 million servicemen of the People's Liberation Army.  
    c. Total population as shown in this publication is 1,242.61 million, or 23.22 million less than the population figure of 1,265.83 million (including 2.5 million servicemen) released earlier by the National Bureau of Statistics ,which was based on the advance tabulation.  
    d. The post-enumeration sample survey indicates an undercount of 1.81% in the census enumeration.  
    e. The sampling ratio for the long forms = total population in the long forms/total population calculated by computer processing = 9.50%.  
    f. The sampling ratio for various compositions of the population may not be the same as household is used as the ultimate sampling unit. 
Users should pay attention to the above-mentioned factors when using information in the publication, and in particular, is estimating the population from the sample results. 
(5) Regulation on the Classification of Urban/Rural Residence for Statistical Purpose (Provisional) prepared by the National Bureau of Statistics is used in urban/rural classification of the population in this census.</supplinf>
</descript>
<timeperd>
<timeinfo>
<sngdate>
<caldate>2000</caldate>
</sngdate>
</timeinfo>
<current>ground condition</current>
</timeperd>
<status>
<progress>Complete</progress>
<update>Quarterly</update>
</status>
<spdom>
<bounding>
<westbc>
112.984127</westbc>
<eastbc>
112.984127</eastbc>
<northbc>
28.200023</northbc>
<southbc>
28.200023</southbc>
</bounding>
</spdom>
<keywords>
<theme>
<themekt>ISO 19115 Topic Categories..</themekt>
<themekey>society</themekey>
</theme>
<theme>
<themekt>Library of Congress Subject Headings</themekt>
<themekey>Cities and towns --China --Population --Statistics --Databases.</themekey>
<themekey>Cities and towns --China --Population --Statistics --Maps.</themekey>
<themekey>Cities and towns --Census, 2000 --China --Databases.</themekey>
<themekey>Cities and towns --Census, 2000 --China --Maps.</themekey>
<themekey>China --Population --Statistics --Databases.</themekey>
<themekey>China --Population --Statistics --Maps.</themekey>
<themekey>China --Census, 2000 --Databases.</themekey>
<themekey>China --Census, 2000 --Maps.</themekey>
</theme>
<theme>
<themekt>None</themekt>
<themekey>Census</themekey>
<themekey>Population Statistics</themekey>
<themekey>Demographics</themekey>
<themekey>Administrative units</themekey>
</theme>
<place>
<placekt>Library of Congress Subject Headings</placekt>
<placekey>China</placekey>
<placekey>Hunan Sheng (China)</placekey>
</place>
<temporal>
<tempkt>None</tempkt>
<tempkey>2000</tempkey>
</temporal>
</keywords>
<accconst>For current Columbia affiliates only.</accconst>
<useconst>For educational, non-commercial use only.</useconst>
<ptcontac>
<cntinfo>
<cntorgp>
<cntorg>China Data Center - University of Michigan</cntorg>
</cntorgp>
<cntaddr>
<addrtype>mailing and physical address</addrtype>
<address>1007 E Huron St</address>
<city>Ann Arbor</city>
<state>MI</state>
<postal>48104</postal>
</cntaddr>
<cntvoice>(734) 647-9610</cntvoice>
<cntfax>(734) 763-0335</cntfax>
<cntemail>chinadata@umich.edu</cntemail>
</cntinfo>
</ptcontac>
<browse>
<browsen>http://www.columbia.edu/acis/eds/gis/pix/cat/Hunanclass1.jpg</browsen>
<browsed>Thumbnail Image</browsed>
<browset>JPEG</browset>
</browse>
<native>Microsoft Windows XP Version 5.1 (Build 2600) Service Pack 3; ESRI ArcCatalog 9.3.1.1850</native>
</idinfo>
<dataqual>
<posacc>
<horizpa>
<horizpar>The 2000 China township maps are developed for matching 2000 China population Census data, which should only be used as references for research or education instead of used as official maps. The distributor is not responsible for the accuracy of the those maps if the maps are used for business or other purposes.</horizpar>
</horizpa>
</posacc>
<lineage>
<procstep>
<procdesc>The 2000 China township GIS maps were developed for the 5th population Census data, which covered all 31 municipalities, provinces and autonomous regions of China, except for Taiwan, Hong Kong and Macao, with more than 50,000 townships (Xiang, Zhen and Jiedao). The 2000 China township maps provide geographical reference for the 5th population census data in spatial data analysis. It will help users to understand the spatial distribution of population and regional difference in China.  

The population data came from the 5th China Population Census surveyed in 2000. The GIS data is based on the national digital map (1:1 million) developed by the National Geographic Information Center of China (NGCC), including rives, roads, residential area and administrative boundaries. Other sources "The China Atlas of Standard Place Names", the newly published provincial atlas, the digital city atlas, the street atlas of major cities, the zip code atlas, and the directory of all enterprises and administrative units of China.  

The primary work for the 2000 China township maps is to find the geographic location of each township on the 1:1 million digital map of China. The procedures include:  

1) Verifying the location of townships on the administrative maps based on 2000 population Census tables, and making the correction to those township names which don't match those names in the Census tables.  

2) For those townships of cities at prefecture level and above, we found the location of those townships on the city maps based on their addresses in the directory of all China basic units and zip code.  

3) For some virtual townships, which don't have central locations, we try to find the mostly related locations on the map.  

4) The administrative boundaries of urban districts of prefecture cities are based on the geographic locations of their townships and related boundary maps. 

5) The geographic reference degree data is extracted from the maps with the locations of the townships, compatible with 2000 population Census data.  

6) The digital township map (1: 1 million) is converted from the geographic degree data.</procdesc>
</procstep>
</lineage>
</dataqual>
<spdoinfo>
<direct>Vector</direct>
<ptvctinf>
<sdtsterm>
<sdtstype>Entity point</sdtstype>
<ptvctcnt>1</ptvctcnt>
</sdtsterm>
</ptvctinf>
</spdoinfo>
<spref>
<horizsys>
<geograph>
<geogunit>Decimal degrees</geogunit>
</geograph>
<geodetic>
<horizdn>D_Krasovsky_1940</horizdn>
<ellips>Krasovsky_1940</ellips>
<semiaxis>6378245</semiaxis>
<denflat>298.3</denflat>
</geodetic>
</horizsys>
</spref>
<eainfo>
<detailed>
<enttyp>
<enttypl>
class1</enttypl>
<enttypd>Provincial capital</enttypd>
</enttyp>
<attr>
<attrlabl>FID</attrlabl>
<attrdef>Internal feature number.</attrdef>
<attrdefs>ESRI</attrdefs>
<attrdomv>
<udom>Sequential unique whole numbers that are automatically generated.</udom>
</attrdomv>
</attr>
<attr>
<attrlabl>Shape</attrlabl>
<attrdef>Feature geometry.</attrdef>
<attrdefs>ESRI</attrdefs>
<attrdomv>
<udom>Coordinates defining the features.</udom>
</attrdomv>
</attr>
<attr>
<attrlabl>CODE</attrlabl>
<attrdef>Two digit code of Province</attrdef>
</attr>
<attr>
<attrlabl>NAME</attrlabl>
<attrdef>Chinese name of Province</attrdef>
</attr>
<attr>
<attrlabl>ENAME</attrlabl>
<attrdef>English name of Province</attrdef>
</attr>
<attr>
<attrlabl>CLASSEN</attrlabl>
</attr>
<attr>
<attrlabl>CLASS</attrlabl>
</attr>
<attr>
<attrlabl>A1</attrlabl>
<attrdef>Total population in province; units: personal</attrdef>
</attr>
<attr>
<attrlabl>A2</attrlabl>
<attrdef>Total male population in province; units: personal</attrdef>
</attr>
<attr>
<attrlabl>A3</attrlabl>
<attrdef>Total female population in province; units: personal</attrdef>
</attr>
<attr>
<attrlabl>A4</attrlabl>
<attrdef>Total domestic households in province; units: household</attrdef>
</attr>
<attr>
<attrlabl>A5</attrlabl>
<attrdef>Total population domestic house in province; units: personal</attrdef>
</attr>
<attr>
<attrlabl>A6</attrlabl>
<attrdef>Total male population domestic house in province; units: personal</attrdef>
</attr>
<attr>
<attrlabl>A7</attrlabl>
<attrdef>Total female population domestic house in province; units: personal</attrdef>
</attr>
<attr>
<attrlabl>A8</attrlabl>
<attrdef>Total population 0-14 aged in province; units: personal</attrdef>
</attr>
<attr>
<attrlabl>A9</attrlabl>
<attrdef>Total male population 0-14 aged in province; units: personal</attrdef>
</attr>
<attr>
<attrlabl>A10</attrlabl>
<attrdef>Total female population 0-14 aged in province; units: personal</attrdef>
</attr>
<attr>
<attrlabl>A11</attrlabl>
<attrdef>Total population 15-64 aged in province; units: personal</attrdef>
</attr>
<attr>
<attrlabl>A12</attrlabl>
<attrdef>Total male population 15-64 aged in province; units: personal</attrdef>
</attr>
<attr>
<attrlabl>A13</attrlabl>
<attrdef>Total female population 15-64 aged in province; units: personal</attrdef>
</attr>
<attr>
<attrlabl>A14</attrlabl>
<attrdef>Total population over 65 aged in province; units: personal</attrdef>
</attr>
<attr>
<attrlabl>A15</attrlabl>
<attrdef>Total male population over 65 aged in province; units: personal</attrdef>
</attr>
<attr>
<attrlabl>A16</attrlabl>
<attrdef>Total female population over 65 aged in province; units: personal</attrdef>
</attr>
<attr>
<attrlabl>A17</attrlabl>
<attrdef>population registered permanent residence and residing in native in province</attrdef>
</attr>
</detailed>
</eainfo>
<distinfo>
<distrib>
<cntinfo>
<cntorgp>
<cntorg>China Data Center - University of Michigan</cntorg>
</cntorgp>
<cntaddr>
<addrtype>mailing and physical address</addrtype>
<address>1007 E Huron St</address>
<city>Ann Arbor</city>
<state>MI</state>
<postal>48104</postal>
</cntaddr>
<cntvoice>(734) 647-9610</cntvoice>
<cntfax>(734) 763-0335</cntfax>
<cntemail>chinadata@umich.edu</cntemail>
</cntinfo>
</distrib>
<resdesc>cdc_census2000_hunanclass1</resdesc>
<stdorder>
<digform>
<digtinfo>
<formname>Shapefile</formname>
</digtinfo>
</digform>
</stdorder>
</distinfo>
<metainfo>
<metd>20110823</metd>
<metc>
<cntinfo>
<cntorgp>
<cntorg>Research Data Services (RDS), Columbia University Libraries</cntorg>
<cntper>GIS/Metadata Librarian</cntper>
</cntorgp>
<cntaddr>
<addrtype>mailing and physical address</addrtype>
<address>420 W. 118th St., 215 IAB, MC 3301</address>
<city>New York</city>
<state>NY</state>
<postal>10027</postal>
<country>USA</country>
</cntaddr>
<cntvoice>(212)854-6012</cntvoice>
<cntemail>data@library.columbia.edu</cntemail>
</cntinfo>
</metc>
<metstdn>FGDC Content Standards for Digital Geospatial Metadata</metstdn>
<metstdv>FGDC-STD-001-1998</metstdv>
<mettc>local time</mettc>
</metainfo>
</metadata>
